seed,basin_id,target_date,observed_mm_day,predicted_mm_day,complex_weight,physics_error,ood_score,ood_threshold
0,2011,2018-10-19,1.5499999523162842,1.8583903312683105,2.5934168661478907e-05,0.035466328263282776,nan,nan
0,2011,2018-10-20,1.1380000114440918,1.8963947296142578,2.3328520910581574e-05,0.05996621027588844,nan,nan
0,2011,2018-10-21,0.9719999432563782,1.8714491128921509,2.1623138309223577e-05,0.0962277427315712,nan,nan
0,2011,2018-10-22,1.3949999809265137,1.8529398441314697,2.126250728906598e-05,0.11170586943626404,nan,nan
0,2011,2018-10-23,1.6390000581741333,1.7906948328018188,1.3789815056952648e-05,0.05916568264365196,nan,nan
0,2011,2018-10-24,1.5149999856948853,1.7552192211151123,1.0537849448155612e-05,0.036432940512895584,nan,nan
0,2011,2018-10-25,1.6610000133514404,1.7320924997329712,1.2352148587524425e-05,0.04255308955907822,nan,nan
0,2011,2018-10-26,1.8589999675750732,1.7726361751556396,1.2400752893881872e-05,0.036773476749658585,nan,nan
0,2011,2018-10-27,1.253000020980835,1.875930666923523,1.1328086657158565e-05,0.03157936409115791,nan,nan
0,2011,2018-10-28,1.1050000190734863,2.6725971698760986,0.0043126377277076244,0.4077082574367523,nan,nan
0,2011,2018-10-29,2.4649999141693115,2.9941983222961426,0.01808120124042034,0.05236901715397835,nan,nan
0,2011,2018-10-30,2.740000009536743,7.80504035949707,0.9998890161514282,1.9337745904922485,nan,nan
0,2011,2018-10-31,2.055999994277954,2.144033193588257,0.999998927116394,0.0003486474452074617,nan,nan
0,2011,2018-11-01,1.4980000257492065,2.138850212097168,0.9999990463256836,0.17989987134933472,nan,nan
0,2011,2018-11-02,1.5789999961853027,2.442476272583008,0.9999988079071045,0.005117781460285187,nan,nan
0,2011,2018-11-03,1.3459999561309814,1.1439515352249146,0.9999979734420776,3.420536131670815e-06,nan,nan
0,2011,2018-11-04,1.2209999561309814,1.2832155227661133,0.9999967813491821,0.012923874892294407,nan,nan
0,2011,2018-11-05,1.5199999809265137,1.0306758880615234,0.9999947547912598,0.003079941961914301,nan,nan
0,2011,2018-11-06,1.6799999475479126,1.409751057624817,0.9999915361404419,0.0030784483533352613,nan,nan
0,2011,2018-11-07,2.434999942779541,3.0453553199768066,0.9999953508377075,0.2008257657289505,nan,nan
0,2011,2018-11-08,2.0369999408721924,1.4097719192504883,0.9999954700469971,0.006356688216328621,nan,nan
0,2011,2018-11-09,1.7350000143051147,1.5098700523376465,0.9999924898147583,0.002962154569104314,nan,nan
0,2011,2018-11-10,1.2949999570846558,1.2772722244262695,0.9999877214431763,0.0019338281126692891,nan,nan
0,2011,2018-11-11,1.2369999885559082,0.9643490314483643,0.9999797344207764,0.00024514913093298674,nan,nan
0,2011,2018-11-12,1.38100004196167,1.3994783163070679,0.9999667406082153,0.0270302202552557,nan,nan
0,2011,2018-11-13,1.3660000562667847,0.9374783039093018,0.9999456405639648,0.00018086702038999647,nan,nan
0,2011,2018-11-14,1.4270000457763672,1.1628690958023071,0.9999115467071533,0.005994577892124653,nan,nan
0,2011,2018-11-15,1.246999979019165,2.2511065006256104,0.9998565912246704,0.1317405253648758,nan,nan
0,2011,2018-11-16,1.184000015258789,2.512634754180908,0.9997687935829163,0.21683427691459656,nan,nan
0,2011,2018-11-17,1.1670000553131104,1.332777738571167,0.9996289014816284,0.024189624935388565,nan,nan
0,2011,2018-11-18,0.984000027179718,1.5387251377105713,0.9994082450866699,0.04603762552142143,nan,nan
0,2011,2018-11-19,1.3079999685287476,1.6572761535644531,0.9990641474723816,0.07776569575071335,nan,nan
0,2011,2018-11-20,1.3680000305175781,1.4744200706481934,0.9985419511795044,0.018820298835635185,nan,nan
0,2011,2018-11-21,1.5509999990463257,1.1496222019195557,0.9977266192436218,0.00539766950532794,nan,nan
0,2011,2018-11-22,1.4889999628067017,0.9907171726226807,0.9964650869369507,3.299855279692565e-06,nan,nan
0,2011,2018-11-23,1.4390000104904175,0.9184030294418335,0.9945571422576904,0.00011337383330101147,nan,nan
0,2011,2018-11-24,1.0640000104904175,1.8312113285064697,0.991689145565033,0.03868378326296806,nan,nan
0,2011,2018-11-25,0.9120000004768372,1.3748657703399658,0.9877316355705261,0.035340625792741776,nan,nan
0,2011,2018-11-26,1.2690000534057617,2.1402621269226074,0.9707990884780884,0.16277912259101868,nan,nan
0,2011,2018-11-27,1.4279999732971191,2.4662866592407227,0.9480845928192139,0.11783316731452942,nan,nan
0,2011,2018-11-28,1.1059999465942383,1.7104191780090332,0.22725029289722443,0.027465859428048134,nan,nan
0,2011,2018-11-29,1.0169999599456787,1.6542781591415405,0.0003325018333271146,0.06589192897081375,nan,nan
0,2011,2018-11-30,1.0880000591278076,1.6103647947311401,0.0001998857333092019,0.06776632368564606,nan,nan
0,2011,2018-12-01,0.9629999995231628,1.633009433746338,0.00016842022887431085,0.038404498249292374,nan,nan
0,2011,2018-12-02,0.9200000166893005,1.6116371154785156,0.00013832964759785682,0.06806506961584091,nan,nan
0,2011,2018-12-03,1.2999999523162842,2.3958146572113037,0.10804881900548935,0.9440494179725647,nan,nan
0,2011,2018-12-04,1.465000033378601,2.6004133224487305,0.3819381892681122,0.27844056487083435,nan,nan
0,2011,2018-12-05,1.2879999876022339,2.171496629714966,0.45766711235046387,0.06573889404535294,nan,nan
0,2011,2018-12-06,1.1180000305175781,2.2657699584960938,0.2527432143688202,0.12558624148368835,nan,nan
0,2011,2018-12-07,1.0499999523162842,1.9984554052352905,0.14164404571056366,0.08440999686717987,nan,nan
0,2011,2018-12-08,0.9049999713897705,1.9933446645736694,0.123049795627594,0.025469455868005753,nan,nan
0,2011,2018-12-09,0.950999915599823,1.9494730234146118,0.10918836295604706,0.01228670310229063,nan,nan
0,2011,2018-12-10,1.1480000019073486,1.7939711809158325,0.34744155406951904,0.40172725915908813,nan,nan
0,2011,2018-12-11,1.2339999675750732,1.7604891061782837,0.4254319667816162,0.01291632279753685,nan,nan
0,2011,2018-12-12,1.5889999866485596,1.6334800720214844,0.36374300718307495,0.033057939261198044,nan,nan
0,2011,2018-12-13,1.4880000352859497,1.6375396251678467,0.2934028208255768,0.02808782458305359,nan,nan
0,2011,2018-12-14,1.746999979019165,1.5201447010040283,0.23255261778831482,0.0235066469758749,nan,nan
0,2011,2018-12-15,1.1959999799728394,1.549589991569519,0.18128998577594757,0.013455669395625591,nan,nan
0,2011,2018-12-16,0.8460000157356262,1.6291457414627075,0.25685915350914,0.09306494891643524,nan,nan
0,2011,2018-12-17,1.2369999885559082,1.5959798097610474,0.24699616432189941,0.004907657392323017,nan,nan
0,2011,2018-12-18,1.2209999561309814,1.4742904901504517,0.19619879126548767,0.026094608008861542,nan,nan
0,2011,2018-12-19,1.128000020980835,1.4946846961975098,0.14985211193561554,0.03729691728949547,nan,nan
0,2011,2018-12-20,1.0460000038146973,1.5607683658599854,0.11859173327684402,0.013063468970358372,nan,nan
0,2011,2018-12-21,1.0199999809265137,1.5366817712783813,0.0909438282251358,0.05499211698770523,nan,nan
0,2011,2018-12-22,1.1059999465942383,1.4112910032272339,0.6642657518386841,1.0188751220703125,nan,nan
0,2011,2018-12-23,0.9779999256134033,1.6802661418914795,0.844592273235321,0.038999464362859726,nan,nan
0,2011,2018-12-24,1.7100000381469727,2.1211280822753906,0.9806367754936218,0.5488346815109253,nan,nan
0,2011,2018-12-25,1.315999984741211,1.7644404172897339,0.98857182264328,0.4615635871887207,nan,nan
0,2011,2018-12-26,1.0670000314712524,1.3402957916259766,0.988757312297821,0.018082553520798683,nan,nan
0,2011,2018-12-27,1.1119999885559082,1.039738655090332,0.9832768440246582,0.009263244457542896,nan,nan
0,2011,2018-12-28,1.1160000562667847,1.1488381624221802,0.9752911329269409,0.013939441181719303,nan,nan
0,2011,2018-12-29,0.8730000257492065,0.9397832751274109,0.963570773601532,0.0036555819679051638,nan,nan
0,2011,2018-12-30,0.8379999995231628,1.4011709690093994,0.9467966556549072,0.05225047096610069,nan,nan
0,2011,2018-12-31,0.9529999494552612,1.301231861114502,0.9219048619270325,0.04305914789438248,nan,nan
0,2011,2019-01-01,0.9179999828338623,1.516809105873108,0.7566015720367432,0.06054390221834183,nan,nan
0,2011,2019-01-02,0.9270000457763672,1.4868179559707642,0.6610273718833923,0.059545572847127914,nan,nan
0,2011,2019-01-03,1.1729999780654907,1.2162498235702515,0.4836847186088562,0.024598190560936928,nan,nan
0,2011,2019-01-04,1.2860000133514404,1.4286259412765503,0.40664586424827576,0.03368878737092018,nan,nan
0,2011,2019-01-05,1.0870000123977661,1.4023853540420532,0.3355562388896942,0.024530785158276558,nan,nan
0,2011,2019-01-06,0.9240000247955322,1.4563547372817993,0.2711779475212097,0.02795414999127388,nan,nan
0,2011,2019-01-07,1.1959999799728394,1.3995378017425537,0.21837981045246124,0.046273160725831985,nan,nan
0,2011,2019-01-08,1.284999966621399,1.4226733446121216,0.12866079807281494,0.025532862171530724,nan,nan
0,2011,2019-01-09,1.2790000438690186,1.4622546434402466,0.09654948115348816,0.0004545238334685564,nan,nan
0,2011,2019-01-10,1.524999976158142,1.537300705909729,0.0810784175992012,0.004149802029132843,nan,nan
0,2011,2019-01-11,1.5199999809265137,1.518141508102417,0.06768332421779633,0.019165225327014923,nan,nan
0,2011,2019-01-12,1.1160000562667847,1.5050477981567383,0.05347008258104324,0.013599242083728313,nan,nan
0,2011,2019-01-13,0.9390000104904175,1.7165491580963135,0.06969062238931656,0.022728558629751205,nan,nan
0,2011,2019-01-14,1.2799999713897705,2.0249478816986084,0.7747470736503601,1.3741673231124878,nan,nan
0,2011,2019-01-15,1.3519999980926514,1.377545952796936,0.9255144000053406,0.014573456719517708,nan,nan
0,2011,2019-01-16,1.3519999980926514,1.4135489463806152,0.8934614658355713,0.018258897587656975,nan,nan
0,2011,2019-01-17,1.2970000505447388,1.5029311180114746,0.8555482625961304,0.029735079035162926,nan,nan
0,2011,2019-01-18,1.4119999408721924,1.399034023284912,0.8112084269523621,0.006507114041596651,nan,nan
0,2011,2019-01-19,1.378000020980835,1.4865267276763916,0.7473709583282471,0.024797145277261734,nan,nan
0,2011,2019-01-20,1.1019999980926514,1.5667729377746582,0.44411832094192505,0.03432314842939377,nan,nan
0,2011,2019-01-21,1.402999997138977,1.5857505798339844,0.17223121225833893,0.05699748173356056,nan,nan
0,2011,2019-01-22,1.4140000343322754,1.5249663591384888,0.07398688048124313,0.028733480721712112,nan,nan
0,2011,2019-01-23,1.5820000171661377,1.4249085187911987,0.05333852767944336,0.019411109387874603,nan,nan
0,2011,2019-01-24,1.8660000562667847,1.4103621244430542,0.026970498263835907,0.010444696992635727,nan,nan
0,2011,2019-01-25,1.4950000047683716,1.46860933303833,0.021252011880278587,0.005347461439669132,nan,nan
0,2011,2019-01-26,0.9369999766349792,1.4187711477279663,0.016731832176446915,0.01550026424229145,nan,nan
0,2011,2019-01-27,0.824999988079071,1.3825172185897827,0.013243562541902065,0.04507284238934517,nan,nan
0,2011,2019-01-28,1.1740000247955322,1.5242571830749512,0.015074405819177628,0.004409469664096832,nan,nan
0,2011,2019-01-29,1.3220000267028809,1.569901704788208,0.013622835278511047,0.016436606645584106,nan,nan
0,2011,2019-01-30,1.2740000486373901,1.5195103883743286,0.010818789713084698,0.026814743876457214,nan,nan
0,2011,2019-01-31,1.3229999542236328,1.5143970251083374,0.008687090128660202,0.020084451884031296,nan,nan
0,2011,2019-02-01,1.2899999618530273,1.5143941640853882,0.007023362442851067,0.015695923939347267,nan,nan
0,2011,2019-02-02,0.9330000281333923,1.7034556865692139,0.008004728704690933,0.007759189698845148,nan,nan
0,2011,2019-02-03,0.9139999747276306,1.8151754140853882,0.0077500129118561745,0.00955471582710743,nan,nan
0,2011,2019-02-04,1.2510000467300415,1.7747656106948853,0.006397032178938389,0.06861141324043274,nan,nan
0,2011,2019-02-05,1.3270000219345093,1.7298403978347778,0.005041440017521381,0.0625864714384079,nan,nan
0,2011,2019-02-06,1.2070000171661377,1.6927820444107056,0.003981664776802063,0.051896415650844574,nan,nan
0,2011,2019-02-07,1.2079999446868896,1.7018334865570068,0.0030854151118546724,0.06348364800214767,nan,nan
0,2011,2019-02-08,1.1679999828338623,1.747528314590454,0.0024944916367530823,0.024951742962002754,nan,nan
0,2011,2019-02-09,0.8349999785423279,1.7237541675567627,0.0019208741141483188,0.07009407877922058,nan,nan
0,2011,2019-02-10,0.6909999847412109,1.6496472358703613,0.0015254863537847996,0.0917297899723053,nan,nan
0,2011,2019-02-11,0.9799999594688416,2.014667272567749,0.007040222175419331,0.0819849818944931,nan,nan
0,2011,2019-02-12,1.2009999752044678,1.8427107334136963,0.002690321998670697,0.06795372813940048,nan,nan
0,2011,2019-02-13,1.1740000247955322,1.758528232574463,0.000606020272243768,0.07206107676029205,nan,nan
0,2011,2019-02-14,1.1640000343322754,1.7345162630081177,0.0004992668400518596,0.0710926353931427,nan,nan
0,2011,2019-02-15,1.159000039100647,1.713593602180481,0.00043674721382558346,0.06900464743375778,nan,nan
0,2011,2019-02-16,0.8949999809265137,1.7453184127807617,0.0003746981092263013,0.07409169524908066,nan,nan
0,2011,2019-02-17,0.7720000147819519,1.732843041419983,0.0003228132554795593,0.09923284500837326,nan,nan
0,2011,2019-02-18,1.0429999828338623,1.705667495727539,0.00027998958830721676,0.10833656042814255,nan,nan
0,2011,2019-02-19,1.1970000267028809,1.7023850679397583,0.00024196668528020382,0.07885773479938507,nan,nan
0,2011,2019-02-20,1.190000057220459,1.6539974212646484,0.0002103400620399043,0.057931315153837204,nan,nan
0,2011,2019-02-21,1.222000002861023,1.6302295923233032,0.00018351402832195163,0.05543435737490654,nan,nan
0,2011,2019-02-22,1.1679999828338623,1.6750503778457642,0.00015940482262521982,0.05858520418405533,nan,nan
0,2011,2019-02-23,0.8259999752044678,1.6737086772918701,0.00013812653196509928,0.06306663155555725,nan,nan
0,2011,2019-02-24,0.7329999804496765,1.6351826190948486,0.00012091568351024762,0.09030469506978989,nan,nan
0,2011,2019-02-25,1.0369999408721924,1.6431387662887573,0.00010607566218823195,0.10173016786575317,nan,nan
0,2011,2019-02-26,1.090999960899353,1.6589734554290771,7.802445907145739e-05,0.07292698323726654,nan,nan
0,2011,2019-02-27,1.2430000305175781,1.6390407085418701,6.597722676815465e-05,0.06511286646127701,nan,nan
0,2011,2019-02-28,1.0829999446868896,1.6985385417938232,5.763389708590694e-05,0.05990811809897423,nan,nan
0,2011,2019-03-01,1.340000033378601,1.6814444065093994,5.2082628826610744e-05,0.07188546657562256,nan,nan
0,2011,2019-03-02,1.1349999904632568,1.7973780632019043,6.602211215067655e-05,0.0015279077924787998,nan,nan
0,2011,2019-03-03,0.8240000009536743,1.7105401754379272,6.174156442284584e-05,0.07125288993120193,nan,nan
0,2011,2019-03-04,0.8830000162124634,1.635800838470459,5.387615237850696e-05,0.09061651676893234,nan,nan
0,2011,2019-03-05,0.9139999747276306,1.7538644075393677,7.924316741991788e-05,0.000267360417637974,nan,nan
0,2011,2019-03-06,0.8880000114440918,1.6418068408966064,9.371649503009394e-05,0.08231566846370697,nan,nan
0,2011,2019-03-07,0.7900000214576721,1.5988922119140625,8.52435186970979e-05,0.06757903099060059,nan,nan
0,2011,2019-03-08,0.9430000185966492,1.6741042137145996,9.695541666587815e-05,0.015720393508672714,nan,nan
0,2011,2019-03-09,0.7409999966621399,1.6250433921813965,9.447136108065024e-05,0.07687754184007645,nan,nan
0,2011,2019-03-10,0.7720000147819519,1.8008143901824951,0.0001836243027355522,1.1684065611916594e-05,nan,nan
0,2011,2019-03-11,1.0049999952316284,1.8604426383972168,0.00020175668760202825,0.03237679973244667,nan,nan
0,2011,2019-03-12,1.1319999694824219,1.9362804889678955,0.00016165411216206849,0.00473168957978487,nan,nan
0,2011,2019-03-13,0.965999960899353,1.8518869876861572,0.0001257361436728388,0.053725551813840866,nan,nan
0,2011,2019-03-14,0.8809999823570251,1.775245189666748,0.00012646106188185513,0.029228679835796356,nan,nan
0,2011,2019-03-15,1.031000018119812,2.3707282543182373,0.009492427110671997,0.4279862344264984,nan,nan
0,2011,2019-03-16,0.847000002861023,2.3045854568481445,0.027602389454841614,0.019890200346708298,nan,nan
0,2011,2019-03-17,0.8149999976158142,2.1063315868377686,0.022981440648436546,0.18068987131118774,nan,nan
0,2011,2019-03-18,1.11899995803833,2.0545895099639893,0.019404416903853416,0.09694334119558334,nan,nan
0,2011,2019-03-19,1.1970000267028809,1.8973251581192017,0.016052771359682083,0.10276836901903152,nan,nan
0,2011,2019-03-20,1.218999981880188,1.8342527151107788,0.013058862648904324,0.08395734429359436,nan,nan
0,2011,2019-03-21,1.0880000591278076,1.7224406003952026,0.010568867437541485,0.06526406854391098,nan,nan
0,2011,2019-03-22,1.1920000314712524,1.6576659679412842,0.00872671976685524,0.067999467253685,nan,nan
0,2011,2019-03-23,0.9359999895095825,1.6840134859085083,0.007168158423155546,0.06236741319298744,nan,nan
0,2011,2019-03-24,0.8410000205039978,1.6251286268234253,0.005956685170531273,0.07757142186164856,nan,nan
0,2011,2019-03-25,1.0429999828338623,1.612770438194275,0.004956705961376429,0.08513634651899338,nan,nan
0,2011,2019-03-26,1.184999942779541,1.699449062347412,0.004074193071573973,0.060274023562669754,nan,nan
0,2011,2019-03-27,1.2630000114440918,1.6758819818496704,0.003327883081510663,0.0618748739361763,nan,nan
0,2011,2019-03-28,1.4240000247955322,1.5983024835586548,0.0027094108518213034,0.045786045491695404,nan,nan
0,2011,2019-03-29,1.25,1.5860328674316406,0.0022023606579750776,0.03329009562730789,nan,nan
0,2011,2019-03-30,1.055999994277954,1.633280634880066,0.0018075532279908657,0.05097353085875511,nan,nan
0,2011,2019-03-31,0.931999921798706,1.6071897745132446,0.0014136112295091152,0.06382137537002563,nan,nan
0,2011,2019-04-01,1.1440000534057617,1.5992460250854492,0.001139774452894926,0.07407732307910919,nan,nan
0,2011,2019-04-02,1.2139999866485596,1.61846923828125,0.0009874870302155614,0.05774201452732086,nan,nan
0,2011,2019-04-03,1.4859999418258667,1.6797772645950317,0.0007159382221288979,0.044769536703825,nan,nan
0,2011,2019-04-04,1.8939999341964722,2.505918502807617,0.03506478667259216,0.6052452921867371,nan,nan
0,2011,2019-04-05,1.5779999494552612,2.8007161617279053,0.11219756305217743,0.18390272557735443,nan,nan
0,2011,2019-04-06,1.3450000286102295,2.357213258743286,0.14365606009960175,0.13005273044109344,nan,nan
0,2011,2019-04-07,1.1160000562667847,2.236239433288574,0.10846616327762604,0.1285761296749115,nan,nan
0,2011,2019-04-08,1.430999994277954,2.1324031352996826,0.0849890261888504,0.05241410806775093,nan,nan
0,2011,2019-04-09,1.4140000343322754,2.065034866333008,0.06556471437215805,0.09710250794887543,nan,nan
0,2011,2019-04-10,1.36899995803833,1.9823412895202637,0.04769862815737724,0.08531047403812408,nan,nan
0,2011,2019-04-11,1.3600000143051147,1.8790796995162964,0.03373337164521217,0.07390186935663223,nan,nan
0,2011,2019-04-12,1.4140000343322754,1.9398595094680786,0.02649313397705555,0.08408161997795105,nan,nan
0,2011,2019-04-13,1.159000039100647,1.868656873703003,0.008517997339367867,0.06819157302379608,nan,nan
0,2011,2019-04-14,1.034999966621399,1.7946069240570068,0.004282618407160044,0.08157536387443542,nan,nan
0,2011,2019-04-15,1.5679999589920044,1.8684414625167847,0.0030969029758125544,0.1072014570236206,nan,nan
0,2011,2019-04-16,1.4229999780654907,1.8954557180404663,0.0024200284387916327,0.05830955132842064,nan,nan
0,2011,2019-04-17,1.2120000123977661,1.7936917543411255,0.0019165455596521497,0.057194940745830536,nan,nan
0,2011,2019-04-18,1.1080000400543213,1.7248613834381104,0.0015382167184725404,0.06623032689094543,nan,nan
0,2011,2019-04-19,1.1490000486373901,1.7706035375595093,0.0012538699666038156,0.08294826745986938,nan,nan
0,2011,2019-04-20,1.149999976158142,1.7801532745361328,0.001030492945574224,0.0803326740860939,nan,nan
0,2011,2019-04-21,1.1759999990463257,1.7782845497131348,0.0008811404695734382,0.07994557917118073,nan,nan
0,2011,2019-04-22,1.1820000410079956,1.7870609760284424,0.0008868487202562392,0.078727588057518,nan,nan
0,2011,2019-04-23,1.3539999723434448,1.8650351762771606,0.0008074885699898005,0.09045560657978058,nan,nan
0,2011,2019-04-24,1.5870000123977661,2.052166700363159,0.0006667232955805957,0.05513211712241173,nan,nan
0,2011,2019-04-25,1.8899999856948853,2.485853910446167,0.001282630953937769,0.022361842915415764,nan,nan
0,2011,2019-04-26,1.996000051498413,2.8079614639282227,0.0015903746243566275,0.037040770053863525,nan,nan
0,2011,2019-04-27,1.6030000448226929,2.9863386154174805,0.00259627983905375,0.01798316277563572,nan,nan
0,2011,2019-04-28,1.340000033378601,2.7110767364501953,0.002744071651250124,0.10997109860181808,nan,nan
0,2011,2019-04-29,1.531000018119812,2.4217827320098877,0.0021226590033620596,0.14928852021694183,nan,nan
0,2011,2019-04-30,1.5369999408721924,2.2439992427825928,0.00164805690292269,0.11752703785896301,nan,nan
0,2011,2019-05-01,1.2940000295639038,2.1384117603302,0.0012802149867638946,0.09798871725797653,nan,nan
0,2011,2019-05-02,1.3919999599456787,2.1241393089294434,0.0010736493859440088,0.12367956340312958,nan,nan
0,2011,2019-05-03,1.4479999542236328,2.147977828979492,0.00024177598243113607,0.05257290229201317,nan,nan
0,2011,2019-05-04,1.2619999647140503,2.0743496417999268,0.0001770539820427075,0.07635358721017838,nan,nan
0,2011,2019-05-05,1.1679999828338623,2.09907603263855,6.810155900893733e-05,0.04585222527384758,nan,nan
0,2011,2019-05-06,1.3949999809265137,2.0220260620117188,6.131967529654503e-05,0.11967530101537704,nan,nan
0,2011,2019-05-07,1.5420000553131104,1.9689797163009644,5.054079520050436e-05,0.08512876182794571,nan,nan
0,2011,2019-05-08,1.6859999895095825,1.9902671575546265,4.298251587897539e-05,0.07389261573553085,nan,nan
0,2011,2019-05-09,1.656000018119812,2.502220630645752,0.0005115679232403636,0.11426719278097153,nan,nan
0,2011,2019-05-10,1.5609999895095825,2.3499033451080322,0.001126265386119485,0.10111955553293228,nan,nan
0,2011,2019-05-11,1.3949999809265137,2.2337913513183594,0.0009377116803079844,0.11208599805831909,nan,nan
0,2011,2019-05-12,1.3819999694824219,2.455789566040039,0.001230979454703629,0.0033638663589954376,nan,nan
0,2011,2019-05-13,1.5779999494552612,2.26838755607605,0.0014824026729911566,0.14103133976459503,nan,nan
0,2011,2019-05-14,1.5520000457763672,2.25935959815979,0.0012727221474051476,0.11476941406726837,nan,nan
0,2011,2019-05-15,1.6460000276565552,2.1837193965911865,0.001150011783465743,0.10416007786989212,nan,nan
0,2011,2019-05-16,1.6119999885559082,2.1531660556793213,0.001023146789520979,0.0887850895524025,nan,nan
0,2011,2019-05-17,1.8250000476837158,2.187189817428589,0.0008734604925848544,0.09808216243982315,nan,nan
0,2011,2019-05-18,1.503000020980835,2.1507551670074463,0.0007328936480917037,0.07074539363384247,nan,nan
0,2011,2019-05-19,1.3300000429153442,2.107635259628296,0.0006121373153291643,0.09647580981254578,nan,nan
0,2011,2019-05-20,2.252000093460083,2.5094714164733887,0.0011772968573495746,0.0003817968536168337,nan,nan
0,2011,2019-05-21,2.1480000019073486,2.623161554336548,0.0012725717388093472,0.0012638471089303493,nan,nan
0,2011,2019-05-22,2.0999999046325684,2.4540905952453613,0.0011831800220534205,0.08526930958032608,nan,nan
0,2011,2019-05-23,2.319000005722046,2.4534237384796143,0.0010418429737910628,0.09013772755861282,nan,nan
0,2011,2019-05-24,2.805000066757202,2.4448611736297607,0.0008629279909655452,0.0673740953207016,nan,nan
0,2011,2019-05-25,2.424999952316284,2.4678661823272705,0.0007744365721009672,0.03267349302768707,nan,nan
0,2011,2019-05-26,2.3010001182556152,2.575662851333618,0.0006829854100942612,0.028903977945446968,nan,nan
0,2011,2019-05-27,2.6740000247955322,2.4990339279174805,0.0005158405983820558,0.07698486745357513,nan,nan
0,2011,2019-05-28,3.197999954223633,2.5445432662963867,0.0004470782005228102,0.040120236575603485,nan,nan
0,2011,2019-05-29,2.8989999294281006,2.8473808765411377,0.00047744359471835196,0.0031383484601974487,nan,nan
0,2011,2019-05-30,2.242000102996826,2.7211804389953613,0.0005223719635978341,0.05440812557935715,nan,nan
0,2011,2019-05-31,2.316999912261963,2.6767444610595703,0.00048695324221625924,0.11300408840179443,nan,nan
0,2011,2019-06-01,2.9040000438690186,2.588982343673706,0.00047339044976979494,0.08948740363121033,nan,nan
0,2011,2019-06-02,3.5380001068115234,2.567091464996338,0.0005082190036773682,0.03626661002635956,nan,nan
0,2011,2019-06-03,4.626999855041504,2.5985283851623535,0.0006142043857835233,0.007747555151581764,nan,nan
0,2011,2019-06-04,5.449999809265137,2.7405595779418945,0.0007611183682456613,0.0040879324078559875,nan,nan
0,2011,2019-06-05,6.048999786376953,2.8652682304382324,0.0010618662927299738,0.03029300458729267,nan,nan
0,2011,2019-06-06,6.531000137329102,3.324881076812744,0.0010708387708291411,0.029785508289933205,nan,nan
0,2011,2019-06-07,5.604000091552734,3.4749534130096436,0.0004873623256571591,0.03893217071890831,nan,nan
0,2011,2019-06-08,4.6479997634887695,3.4212796688079834,0.00035349317477084696,0.0024662159848958254,nan,nan
0,2011,2019-06-09,5.066999912261963,3.4335756301879883,0.00041470120777375996,0.014646618627011776,nan,nan
0,2011,2019-06-10,7.644000053405762,3.7367172241210938,0.00036815155181102455,0.0067777326330542564,nan,nan
0,2011,2019-06-11,12.041999816894531,8.631540298461914,0.3752916157245636,0.5746731162071228,nan,nan
0,2011,2019-06-12,7.896999359130859,9.869928359985352,0.9038224220275879,0.20613448321819305,nan,nan
0,2011,2019-06-13,6.553999900817871,6.705790042877197,0.887894868850708,0.1855057030916214,nan,nan
0,2011,2019-06-14,6.776000022888184,5.999444484710693,0.8786718249320984,0.23601843416690826,nan,nan
0,2011,2019-06-15,7.647000312805176,5.772179126739502,0.8767308592796326,0.1483004093170166,nan,nan
0,2011,2019-06-16,7.822000026702881,6.011987209320068,0.8512633442878723,0.013728106394410133,nan,nan
0,2011,2019-06-17,7.322999954223633,6.487088203430176,0.846316933631897,0.1572933793067932,nan,nan
0,2011,2019-06-18,7.815000534057617,6.754511833190918,0.8280700445175171,0.3099575638771057,nan,nan
0,2011,2019-06-19,8.208999633789062,6.485622406005859,0.801629900932312,0.15794946253299713,nan,nan
0,2011,2019-06-20,7.937999725341797,7.216840744018555,0.7844367623329163,0.2782538831233978,nan,nan
0,2011,2019-06-21,7.395999908447266,6.407215595245361,0.7392053008079529,0.09365970641374588,nan,nan
0,2011,2019-06-22,6.901000022888184,6.674924373626709,0.7223532795906067,0.014189333654940128,nan,nan
0,2011,2019-06-23,6.923999786376953,6.493167400360107,0.6949681639671326,0.31300440430641174,nan,nan
0,2011,2019-06-24,7.76900053024292,7.08441162109375,0.6829535365104675,0.5131948590278625,nan,nan
0,2011,2019-06-25,8.70300006866455,6.709314823150635,0.7219789028167725,0.21749959886074066,nan,nan
0,2011,2019-06-26,9.61299991607666,8.993365287780762,0.7981956601142883,0.8548679947853088,nan,nan
0,2011,2019-06-27,10.170000076293945,10.478307723999023,0.8651137948036194,1.3677304983139038,nan,nan
0,2011,2019-06-28,10.107999801635742,11.166484832763672,0.9331018328666687,1.5858923196792603,nan,nan
0,2011,2019-06-29,10.04800033569336,12.747984886169434,0.9647531509399414,2.8922171592712402,nan,nan
0,2011,2019-06-30,9.741000175476074,10.282520294189453,0.9716978073120117,1.0817365646362305,nan,nan
0,2011,2019-07-01,9.901000022888184,9.710055351257324,0.9757577776908875,0.8798068165779114,nan,nan
0,2011,2019-07-02,11.402000427246094,11.123921394348145,0.9714986085891724,0.85712730884552,nan,nan
0,2011,2019-07-03,10.496000289916992,10.561346054077148,0.964647650718689,0.5714672207832336,nan,nan
0,2011,2019-07-04,9.142000198364258,11.017385482788086,0.9513905048370361,1.2398796081542969,nan,nan
0,2011,2019-07-05,7.852000713348389,7.484082221984863,0.9396451711654663,0.1909063458442688,nan,nan
0,2011,2019-07-06,7.981999397277832,7.19644832611084,0.9432448744773865,0.34156522154808044,nan,nan
0,2011,2019-07-07,7.764999866485596,6.744365692138672,0.932941734790802,0.19239270687103271,nan,nan
0,2011,2019-07-08,7.488999366760254,7.236090183258057,0.906494140625,0.3496602475643158,nan,nan
0,2011,2019-07-09,6.860000133514404,7.394196510314941,0.8933133482933044,0.4925250709056854,nan,nan
0,2011,2019-07-10,6.548999786376953,5.631192684173584,0.5646933317184448,0.11023643612861633,nan,nan
0,2011,2019-07-11,6.333000183105469,4.971374034881592,0.22838713228702545,0.04278947785496712,nan,nan
0,2011,2019-07-12,5.988999843597412,4.669275760650635,0.17661824822425842,0.02638501673936844,nan,nan
0,2011,2019-07-13,4.923999786376953,4.635513782501221,0.14004065096378326,0.0455644391477108,nan,nan
0,2011,2019-07-14,4.52400016784668,4.346071720123291,0.1328568160533905,0.10309875756502151,nan,nan
0,2011,2019-07-15,5.39300012588501,4.819043159484863,0.13135579228401184,2.4403470888501033e-05,nan,nan
0,2011,2019-07-16,4.8979997634887695,4.3300886154174805,0.1280733346939087,0.05505876988172531,nan,nan
0,2011,2019-07-17,5.14300012588501,4.159298419952393,0.1114320233464241,0.07551617175340652,nan,nan
0,2011,2019-07-18,5.195000171661377,4.120719909667969,0.09266471862792969,0.0490252859890461,nan,nan
0,2011,2019-07-19,5.2220001220703125,4.114989757537842,0.08058296144008636,0.04441758617758751,nan,nan
0,2011,2019-07-20,4.85099983215332,4.163657188415527,0.07158975303173065,0.04808187857270241,nan,nan
0,2011,2019-07-21,5.429999828338623,4.096202373504639,0.05169304832816124,0.07067856937646866,nan,nan
0,2011,2019-07-22,6.317999839782715,4.0484514236450195,0.05387754738330841,0.02295505441725254,nan,nan
0,2011,2019-07-23,6.372000217437744,4.167881011962891,0.061989083886146545,0.0008169776410795748,nan,nan
0,2011,2019-07-24,6.810999870300293,4.279095649719238,0.08006706833839417,0.0024406355805695057,nan,nan
0,2011,2019-07-25,7.288000106811523,4.407104969024658,0.10448132455348969,5.48246425751131e-05,nan,nan
0,2011,2019-07-26,7.238999843597412,4.641513824462891,0.08676975220441818,0.00015090142551343888,nan,nan
0,2011,2019-07-27,7.139999866485596,4.9699273109436035,0.061728209257125854,0.023558570072054863,nan,nan
0,2011,2019-07-28,6.2789998054504395,5.114283084869385,0.04191629961133003,0.011842839419841766,nan,nan
0,2011,2019-07-29,5.99399995803833,5.023988723754883,0.028066756203770638,0.005530298221856356,nan,nan
0,2011,2019-07-30,6.176000118255615,4.673929691314697,0.028197478502988815,0.04974672198295593,nan,nan
0,2011,2019-07-31,5.97599983215332,4.373044490814209,0.021353261545300484,0.011942756362259388,nan,nan
0,2011,2019-08-01,5.760000228881836,4.282158374786377,0.01815820299088955,0.014292682521045208,nan,nan
0,2011,2019-08-02,5.835999965667725,4.060879230499268,0.017713410779833794,0.00943406205624342,nan,nan
0,2011,2019-08-03,4.706999778747559,4.078362941741943,0.012613184750080109,0.0020423384848982096,nan,nan
0,2011,2019-08-04,4.211999893188477,3.826951742172241,0.013766661286354065,0.04742429032921791,nan,nan
0,2011,2019-08-05,5.126999855041504,3.6767232418060303,0.016705447807908058,0.06944486498832703,nan,nan
0,2011,2019-08-06,5.243000030517578,3.742656707763672,0.016074523329734802,0.014716129750013351,nan,nan
0,2011,2019-08-07,5.821000099182129,4.300346851348877,0.014309611171483994,0.004443698097020388,nan,nan
0,2011,2019-08-08,5.51200008392334,4.505707263946533,0.0112907188013196,0.0008555448148399591,nan,nan
0,2011,2019-08-09,6.033999919891357,4.114169120788574,0.013064204715192318,0.024038661271333694,nan,nan
0,2011,2019-08-10,6.083000183105469,4.247059345245361,0.012460364028811455,0.0030722639057785273,nan,nan
0,2011,2019-08-11,6.183000087738037,4.264965534210205,0.009978655725717545,0.009243463166058064,nan,nan
0,2011,2019-08-12,7.796000003814697,4.835557460784912,0.008362173102796078,0.0034650794696062803,nan,nan
0,2011,2019-08-13,6.263999938964844,5.1232452392578125,0.005170486867427826,0.09998052567243576,nan,nan
0,2011,2019-08-14,5.077000141143799,4.601847171783447,0.004355153534561396,0.024385521188378334,nan,nan
0,2011,2019-08-15,4.039000034332275,4.261314868927002,0.003942216746509075,0.07357031106948853,nan,nan
0,2011,2019-08-16,4.560999870300293,3.9727067947387695,0.003590080188587308,0.140153706073761,nan,nan
0,2011,2019-08-17,4.10699987411499,3.882136106491089,0.0034382459707558155,0.06674358993768692,nan,nan
0,2011,2019-08-18,3.678999662399292,3.6946985721588135,0.004201529081910849,0.08225184679031372,nan,nan
0,2011,2019-08-19,5.73799991607666,3.9357192516326904,0.00401033740490675,0.009659540839493275,nan,nan
0,2011,2019-08-20,6.479000091552734,4.222334384918213,0.0033167372457683086,0.026321696117520332,nan,nan
0,2011,2019-08-21,6.678999900817871,4.931935787200928,0.00822486449033022,0.24923832714557648,nan,nan
0,2011,2019-08-22,5.59499979019165,4.62303352355957,0.016987690702080727,0.007971683517098427,nan,nan
0,2011,2019-08-23,5.570000171661377,4.362228870391846,0.014028726145625114,0.0432792603969574,nan,nan
0,2011,2019-08-24,5.302000045776367,4.3587212562561035,0.011354688555002213,0.04471440985798836,nan,nan
0,2011,2019-08-25,4.697000026702881,4.132570743560791,0.009569951333105564,0.03873461112380028,nan,nan
0,2011,2019-08-26,5.178999900817871,3.8748252391815186,0.009883005172014236,0.05408066511154175,nan,nan
0,2011,2019-08-27,4.736999988555908,3.781956195831299,0.010754382237792015,0.015105683356523514,nan,nan
0,2011,2019-08-28,4.820000171661377,3.7583529949188232,0.009281398728489876,0.037576932460069656,nan,nan
0,2011,2019-08-29,4.599999904632568,3.7786667346954346,0.007409459911286831,0.03416906297206879,nan,nan
0,2011,2019-08-30,4.414000034332275,3.7277133464813232,0.006442972458899021,0.0438852533698082,nan,nan
0,2011,2019-08-31,3.869000196456909,3.6482443809509277,0.005966784432530403,0.04858241602778435,nan,nan
0,2011,2019-09-01,3.4010000228881836,3.7122955322265625,0.004723836202174425,0.11105215549468994,nan,nan
0,2011,2019-09-02,3.933000087738037,3.6435439586639404,0.0035352143459022045,0.1067637950181961,nan,nan
0,2011,2019-09-03,3.4079999923706055,3.4206933975219727,0.0027260647621005774,0.0588885173201561,nan,nan
0,2011,2019-09-04,4.064000129699707,3.160161256790161,0.0026070496533066034,0.06951095908880234,nan,nan
0,2011,2019-09-05,3.8980000019073486,3.1218457221984863,0.0022170732263475657,0.019153006374835968,nan,nan
0,2011,2019-09-06,3.499000072479248,3.405606269836426,0.0030389504972845316,0.015117810107767582,nan,nan
0,2011,2019-09-07,2.4179999828338623,3.383410930633545,0.0024528505746275187,0.03938977047801018,nan,nan
0,2011,2019-09-08,1.8170000314712524,3.217381715774536,0.0017925756983458996,0.14110232889652252,nan,nan
0,2011,2019-09-09,2.688999891281128,3.1327297687530518,0.0013311489019542933,0.18706350028514862,nan,nan
0,2011,2019-09-10,2.4159998893737793,2.999138116836548,0.0009754907805472612,0.11948952823877335,nan,nan
0,2011,2019-09-11,2.2130000591278076,2.8179240226745605,0.0007543237297795713,0.11842718720436096,nan,nan
0,2011,2019-09-12,2.2309999465942383,2.6489646434783936,0.0005392493330873549,0.1113392636179924,nan,nan
0,2011,2019-09-13,2.055000066757202,2.5446295738220215,0.0004864318179897964,0.09127961099147797,nan,nan
0,2011,2019-09-14,1.9040000438690186,2.5468225479125977,0.000501099566463381,0.11124153435230255,nan,nan
0,2011,2019-09-15,1.8410000801086426,2.5424368381500244,0.0004920428618788719,0.12871307134628296,nan,nan
0,2011,2019-09-16,3.38700008392334,2.630234956741333,0.0004766698693856597,0.1549932211637497,nan,nan
0,2011,2019-09-17,3.306999921798706,2.7986268997192383,0.00037556549068540335,0.0285329632461071,nan,nan
0,2011,2019-09-18,3.2899999618530273,2.877326726913452,0.0003845621831715107,0.04175563156604767,nan,nan
0,2011,2019-09-19,3.3329999446868896,2.835073232650757,0.00024130458768922836,0.03834405168890953,nan,nan
0,2011,2019-09-20,3.25,2.797708034515381,0.00010872363054659218,0.031726401299238205,nan,nan
0,2011,2019-09-21,2.1470000743865967,2.724653482437134,9.670362487668172e-05,0.029846757650375366,nan,nan
0,2011,2019-09-22,1.6990000009536743,2.547515392303467,0.0001024119119392708,0.10087861120700836,nan,nan
0,2011,2019-09-23,2.8289999961853027,2.667759895324707,0.0001050251885317266,0.04257211089134216,nan,nan
0,2011,2019-09-24,2.7290000915527344,2.541398525238037,0.00010160201782127842,0.038640689104795456,nan,nan
0,2011,2019-09-25,2.061000108718872,2.444650173187256,8.406567212659866e-05,0.03524697199463844,nan,nan
0,2011,2019-09-26,2.6080000400543213,2.4147047996520996,6.790889165131375e-05,0.06829030811786652,nan,nan
0,2011,2019-09-27,2.0799999237060547,2.369821071624756,5.658690497511998e-05,0.035552360117435455,nan,nan
0,2011,2019-09-28,1.3849999904632568,2.2890329360961914,5.4761283536208794e-05,0.06707258522510529,nan,nan
0,2011,2019-09-29,1.2380000352859497,2.1607308387756348,5.255415817373432e-05,0.11951716244220734,nan,nan
0,2011,2019-09-30,1.5390000343322754,2.077388048171997,6.126496737124398e-05,0.12163194268941879,nan,nan
0,2011,2019-10-01,1.9930000305175781,2.0588905811309814,6.91243403707631e-05,0.0847020074725151,nan,nan
0,2011,2019-10-02,2.1489999294281006,2.2872111797332764,7.123454997781664e-05,0.005502264481037855,nan,nan
0,2011,2019-10-03,1.8839999437332153,2.4046614170074463,6.267743447097018e-05,0.019984742626547813,nan,nan
0,2011,2019-10-04,1.5720000267028809,2.3347649574279785,5.745549060520716e-05,0.09347660094499588,nan,nan
0,2011,2019-10-05,1.1380000114440918,2.2669386863708496,3.516931246849708e-05,0.10351062566041946,nan,nan
0,2011,2019-10-06,0.9559999704360962,2.135867118835449,2.8338741685729474e-05,0.14606110751628876,nan,nan
0,2011,2019-10-07,1.4259999990463257,2.433485507965088,9.222489461535588e-05,4.15995491493959e-05,nan,nan
0,2011,2019-10-08,1.4459999799728394,2.1935322284698486,0.00015918290591798723,0.12073149532079697,nan,nan
0,2011,2019-10-09,1.6699999570846558,2.0274319648742676,0.00014139153063297272,0.08925265818834305,nan,nan
0,2011,2019-10-10,1.8429999351501465,2.375798463821411,0.0004430083208717406,0.021974796429276466,nan,nan
0,2011,2019-10-11,1.7389999628067017,2.149836301803589,0.0007272307411767542,0.06894785165786743,nan,nan
0,2011,2019-10-12,1.2740000486373901,2.076845407485962,0.0006558525492437184,0.06807690858840942,nan,nan
0,2011,2019-10-13,1.1330000162124634,2.0484871864318848,0.0006172654102556407,0.11195024102926254,nan,nan
0,2011,2019-10-14,1.5609999895095825,2.0353567600250244,0.0005715623847208917,0.12651972472667694,nan,nan
0,2011,2019-10-15,2.312999963760376,2.0600013732910156,0.000523171154782176,0.0826491042971611,nan,nan
0,2011,2019-10-16,2.3550000190734863,3.661222219467163,0.32299715280532837,0.9305154085159302,nan,nan
0,2011,2019-10-17,1.9420000314712524,2.0374011993408203,0.8382754325866699,0.02026493102312088,nan,nan
0,2011,2019-10-18,1.5670000314712524,2.1675803661346436,0.7983574867248535,0.06254013627767563,nan,nan
0,2011,2019-10-19,1.2400000095367432,2.0374839305877686,0.7528616189956665,0.06486315280199051,nan,nan
0,2011,2019-10-20,1.3669999837875366,2.146052598953247,0.7035223245620728,0.07183028012514114,nan,nan
0,2011,2019-10-21,3.3889999389648438,1.904176950454712,0.66475510597229,0.0013704970479011536,nan,nan
0,2011,2019-10-22,4.964000225067139,2.2944350242614746,0.6655516028404236,0.1842568963766098,nan,nan
0,2011,2019-10-23,3.384000062942505,2.6434922218322754,0.6472315192222595,0.022304363548755646,nan,nan
0,2011,2019-10-24,3.1700000762939453,2.922144651412964,0.5943662524223328,0.00597935076802969,nan,nan
0,2011,2019-10-25,2.7269999980926514,2.3398983478546143,0.5304238200187683,0.0014409867580980062,nan,nan
0,2011,2019-10-26,1.7860000133514404,2.121751546859741,0.46374380588531494,0.010040090419352055,nan,nan
0,2011,2019-10-27,1.402999997138977,1.8843470811843872,0.40332406759262085,0.04011667147278786,nan,nan
0,2011,2019-10-28,1.7309999465942383,1.7478132247924805,0.34228816628456116,0.0529770664870739,nan,nan
0,2011,2019-10-29,2.4619998931884766,2.2794904708862305,0.37592613697052,0.006437864154577255,nan,nan
0,2011,2019-10-30,2.5439999103546143,2.2325589656829834,0.3460629880428314,0.004824765492230654,nan,nan
0,2011,2019-10-31,2.3359999656677246,2.0082178115844727,0.27902472019195557,0.005576841998845339,nan,nan
0,2011,2019-11-01,1.6019999980926514,2.095900058746338,0.23052547872066498,0.02611580118536949,nan,nan
0,2011,2019-11-02,1.3480000495910645,2.0934271812438965,0.2123030424118042,0.0025580914225429296,nan,nan
0,2011,2019-11-03,1.3609999418258667,1.963785171508789,0.1858752965927124,0.008756360039114952,nan,nan
0,2011,2019-11-04,1.5950000286102295,2.1680145263671875,0.17161592841148376,0.0060639940202236176,nan,nan
0,2011,2019-11-05,1.8860000371932983,2.370867967605591,0.17866094410419464,0.024207323789596558,nan,nan
0,2011,2019-11-06,1.9170000553131104,2.2285122871398926,0.15299981832504272,0.020510267466306686,nan,nan
0,2011,2019-11-07,1.7669999599456787,2.0805060863494873,0.12349237501621246,0.03259056434035301,nan,nan
0,2011,2019-11-08,1.7699999809265137,2.136124610900879,0.1182808130979538,0.0210356917232275,nan,nan
0,2011,2019-11-09,1.3760000467300415,2.118561267852783,0.12004396319389343,0.04301583766937256,nan,nan
0,2011,2019-11-10,1.2480000257492065,2.0244314670562744,0.11514641344547272,0.09558163583278656,nan,nan
0,2011,2019-11-11,1.2869999408721924,1.908730387687683,0.09084367007017136,0.09066087752580643,nan,nan
0,2011,2019-11-12,1.4299999475479126,1.8411016464233398,0.07468807697296143,0.030889304354786873,nan,nan
0,2011,2019-11-13,1.496999979019165,1.8898799419403076,0.0599726103246212,0.06392607092857361,nan,nan
0,2011,2019-11-14,1.472000002861023,1.7548294067382812,0.004751058295369148,0.04402237758040428,nan,nan
0,2011,2019-11-15,1.6729999780654907,2.4411511421203613,0.09671812504529953,0.9484827518463135,nan,nan
0,2011,2019-11-16,1.3300000429153442,1.7619106769561768,0.40505942702293396,0.016290495172142982,nan,nan
0,2011,2019-11-17,1.190999984741211,1.860611915588379,0.35072338581085205,0.04720713570713997,nan,nan
0,2011,2019-11-18,1.6039999723434448,2.472743272781372,0.6931741833686829,0.176401287317276,nan,nan
0,2011,2019-11-19,1.7289999723434448,1.5715173482894897,0.7752814292907715,0.00839900691062212,nan,nan
0,2011,2019-11-20,1.863999843597412,1.382193922996521,0.7200613617897034,0.0009532805415801704,nan,nan
0,2011,2019-11-21,1.687000036239624,1.6504552364349365,0.6318579316139221,0.013094723224639893,nan,nan
0,2011,2019-11-22,1.434000015258789,1.3182114362716675,0.5647265315055847,0.0005869903252460063,nan,nan
0,2011,2019-11-23,1.13100004196167,1.4231982231140137,0.5046659111976624,0.0005746064707636833,nan,nan
0,2011,2019-11-24,1.4259999990463257,1.305673360824585,0.7506659030914307,0.4955267906188965,nan,nan
0,2011,2019-11-25,1.6950000524520874,1.678478717803955,0.8063611388206482,0.014516208320856094,nan,nan
0,2011,2019-11-26,1.628000020980835,1.4923820495605469,0.7539459466934204,0.011773074977099895,nan,nan
0,2011,2019-11-27,1.409999966621399,1.3563413619995117,0.6748307943344116,0.001723680179566145,nan,nan
0,2011,2019-11-28,1.402999997138977,1.5088423490524292,0.6535016894340515,0.023255320265889168,nan,nan
0,2011,2019-11-29,1.565999984741211,1.3105039596557617,0.6296698451042175,0.04283527657389641,nan,nan
0,2011,2019-11-30,1.2599999904632568,1.3673796653747559,0.6656154990196228,0.17602713406085968,nan,nan
0,2011,2019-12-01,1.1009999513626099,1.5391179323196411,0.6442075371742249,0.038416143506765366,nan,nan
0,2011,2019-12-02,1.524999976158142,1.6762712001800537,0.6217723488807678,0.0001543480611871928,nan,nan
0,2011,2019-12-03,1.6699999570846558,1.2771574258804321,0.5650432109832764,0.00477277347818017,nan,nan
0,2011,2019-12-04,1.680999994277954,1.4031623601913452,0.47554877400398254,0.008031673729419708,nan,nan
0,2011,2019-12-05,1.7589999437332153,1.5740710496902466,0.3833319842815399,0.01801360584795475,nan,nan
0,2011,2019-12-06,1.6330000162124634,1.5163781642913818,0.31439241766929626,0.010995196178555489,nan,nan
0,2011,2019-12-07,1.281999945640564,1.6699153184890747,0.2456977367401123,0.02846139296889305,nan,nan
0,2011,2019-12-08,1.0770000219345093,1.5837615728378296,0.19453446567058563,0.04272201657295227,nan,nan
0,2011,2019-12-09,1.3170000314712524,1.5695117712020874,0.14069509506225586,0.044818948954343796,nan,nan
0,2011,2019-12-10,1.809999942779541,1.8424396514892578,0.26813259720802307,0.15010401606559753,nan,nan
0,2011,2019-12-11,1.6150000095367432,1.6459331512451172,0.31031182408332825,0.01721220836043358,nan,nan
0,2011,2019-12-12,1.6030000448226929,1.6205865144729614,0.27847185730934143,0.00042476176167838275,nan,nan
0,2011,2019-12-13,1.6019999980926514,1.8357133865356445,0.25185394287109375,0.00032535826903767884,nan,nan
0,2011,2019-12-14,1.149999976158142,2.1037158966064453,0.43980395793914795,0.7098016738891602,nan,nan
0,2011,2019-12-15,0.9810000658035278,1.884292483329773,0.4555934965610504,0.05493517592549324,nan,nan
0,2011,2019-12-16,1.5399999618530273,1.854850172996521,0.3816487193107605,0.11100151389837265,nan,nan
0,2011,2019-12-17,1.6299999952316284,1.7779970169067383,0.21769127249717712,0.04596865922212601,nan,nan
0,2011,2019-12-18,1.475000023841858,1.7423193454742432,0.12750400602817535,0.0198138989508152,nan,nan
0,2011,2019-12-19,1.3109999895095825,1.8036830425262451,0.1018441915512085,0.046521469950675964,nan,nan
0,2011,2019-12-20,1.156000018119812,1.7915898561477661,0.08084326237440109,0.05110732838511467,nan,nan
0,2011,2019-12-21,1.1720000505447388,1.9885711669921875,0.12607410550117493,0.04678080976009369,nan,nan
0,2011,2019-12-22,1.1430000066757202,2.1177010536193848,0.14775840938091278,0.007258402183651924,nan,nan
0,2011,2019-12-23,1.1419999599456787,2.2262110710144043,0.1878504455089569,0.11698734760284424,nan,nan
0,2011,2019-12-24,0.9819999933242798,2.115379810333252,0.16333894431591034,0.00028226946596987545,nan,nan
0,2011,2019-12-25,0.9220000505447388,2.0527703762054443,0.3505780100822449,0.21362769603729248,nan,nan
0,2011,2019-12-26,0.8690000176429749,1.8052958250045776,0.45668721199035645,0.10890510678291321,nan,nan
0,2011,2019-12-27,1.0920000076293945,1.8097283840179443,0.411892831325531,0.022759022191166878,nan,nan
0,2011,2019-12-28,1.1399999856948853,1.7838636636734009,0.47415077686309814,0.05923440307378769,nan,nan
0,2011,2019-12-29,0.9829999804496765,1.498597502708435,0.4552162289619446,0.04341692849993706,nan,nan
0,2011,2019-12-30,1.0,1.7084993124008179,0.34180158376693726,0.0858389139175415,nan,nan
0,2011,2019-12-31,0.984000027179718,1.6832213401794434,0.2692832946777344,0.08016064763069153,nan,nan
0,2011,2020-01-01,0.9279999732971191,1.5213958024978638,0.20944547653198242,0.05850543826818466,nan,nan
0,2011,2020-01-02,1.2130000591278076,1.5646982192993164,0.16410838067531586,0.06941532343626022,nan,nan
0,2011,2020-01-03,1.1160000562667847,1.5676590204238892,0.12701024115085602,0.045962072908878326,nan,nan
0,2011,2020-01-04,0.8640000224113464,1.5640769004821777,0.09744174033403397,0.05308020859956741,nan,nan
0,2011,2020-01-05,0.8330000042915344,1.5610352754592896,0.07484941184520721,0.07489710301160812,nan,nan
0,2011,2020-01-06,1.0850000381469727,1.47707200050354,0.05770806595683098,0.06566155701875687,nan,nan
0,2011,2020-01-07,1.4160000085830688,1.5264949798583984,0.04477686434984207,0.05088994279503822,nan,nan
0,2011,2020-01-08,1.4620000123977661,1.4923086166381836,0.02404206432402134,0.02507304958999157,nan,nan
0,2011,2020-01-09,1.7269999980926514,1.550176978111267,0.013362720608711243,0.027570758014917374,nan,nan
0,2011,2020-01-10,1.6119999885559082,1.5337684154510498,0.01010538637638092,0.013269377872347832,nan,nan
0,2011,2020-01-11,1.3530000448226929,1.57185697555542,0.00793389417231083,0.021225523203611374,nan,nan
0,2011,2020-01-12,1.0119999647140503,1.509027361869812,0.0024545476771891117,0.03024919517338276,nan,nan
0,2011,2020-01-13,1.4019999504089355,1.4902935028076172,0.0008033257909119129,0.052217721939086914,nan,nan
0,2011,2020-01-14,1.524999976158142,1.4935331344604492,0.0006417835829779506,0.025962423533201218,nan,nan
0,2011,2020-01-15,1.5119999647140503,1.4901643991470337,0.000517867156304419,0.019232649356126785,nan,nan
0,2011,2020-01-16,1.5379999876022339,1.5221971273422241,0.00042021810077130795,0.022403059527277946,nan,nan
0,2011,2020-01-17,1.5490000247955322,1.5263572931289673,0.00034586514811962843,0.02139136753976345,nan,nan
0,2011,2020-01-18,1.3650000095367432,1.666587471961975,0.000369670131476596,0.0005535843083634973,nan,nan
0,2011,2020-01-19,1.246000051498413,1.5928919315338135,0.00026097946101799607,0.03749064728617668,nan,nan
0,2011,2020-01-20,1.3910000324249268,1.5403811931610107,0.0002043628628598526,0.040476005524396896,nan,nan
0,2011,2020-01-21,1.6169999837875366,1.4498382806777954,0.0001430171832907945,0.02284948155283928,nan,nan
0,2011,2020-01-22,1.8519999980926514,1.4760633707046509,8.494935900671408e-05,0.014099189080297947,nan,nan
0,2011,2020-01-23,1.7079999446868896,1.4928826093673706,3.9607868529856205e-05,0.006754205096513033,nan,nan
0,2011,2020-01-24,1.690999984741211,1.5185545682907104,9.362714990857057e-06,0.013082188554108143,nan,nan
0,2011,2020-01-25,1.5190000534057617,1.572295069694519,8.599922693974804e-06,0.01741897687315941,nan,nan
0,2011,2020-01-26,1.2549999952316284,1.5510605573654175,5.3147032303968444e-06,0.024432100355625153,nan,nan
0,2011,2020-01-27,1.434999942779541,1.5334402322769165,2.520395355531946e-06,0.03909393027424812,nan,nan
0,2011,2020-01-28,1.4199999570846558,1.7119812965393066,8.549231097276788e-06,0.011532156728208065,nan,nan
0,2011,2020-01-29,1.496000051498413,2.0952093601226807,0.00011316238669678569,0.1696019172668457,nan,nan
0,2011,2020-01-30,1.3660000562667847,2.067065715789795,0.00023074333148542792,0.0004682207072619349,nan,nan
0,2011,2020-01-31,1.3140000104904175,2.0027551651000977,0.0002361369552090764,0.018186723813414574,nan,nan
0,2011,2020-02-01,1.190000057220459,1.9067740440368652,0.00021557479340117425,0.08313478529453278,nan,nan
0,2011,2020-02-02,1.2280000448226929,1.8690818548202515,0.00019132766465190798,0.07292720675468445,nan,nan
0,2011,2020-02-03,2.2139999866485596,2.518444776535034,0.2168310284614563,1.2223316431045532,nan,nan
0,2011,2020-02-04,2.0250000953674316,1.8699387311935425,0.5936338305473328,0.05599087476730347,nan,nan
0,2011,2020-02-05,1.7730000019073486,1.887818694114685,0.6171509027481079,0.1133749708533287,nan,nan
0,2011,2020-02-06,1.7610000371932983,2.018977165222168,0.5979658365249634,0.056733373552560806,nan,nan
0,2011,2020-02-07,1.9580000638961792,1.7371271848678589,0.5280553698539734,0.027091458439826965,nan,nan
0,2011,2020-02-08,1.38100004196167,1.7630174160003662,0.45735201239585876,0.018812695518136024,nan,nan
0,2011,2020-02-09,1.2139999866485596,1.6675140857696533,0.3890935480594635,0.045012399554252625,nan,nan
0,2011,2020-02-10,1.440999984741211,1.7008419036865234,0.325458824634552,0.04473789781332016,nan,nan
0,2011,2020-02-11,1.4670000076293945,1.7810927629470825,0.2801945209503174,1.0126087545359042e-05,nan,nan
0,2011,2020-02-12,1.4229999780654907,1.7396217584609985,0.23421822488307953,0.028874725103378296,nan,nan
0,2011,2020-02-13,1.4789999723434448,1.6853193044662476,0.1870107501745224,0.04395569488406181,nan,nan
0,2011,2020-02-14,1.687999963760376,2.0134084224700928,0.35528454184532166,0.18028812110424042,nan,nan
0,2011,2020-02-15,1.2280000448226929,1.7299798727035522,0.42145130038261414,0.030535416677594185,nan,nan
0,2011,2020-02-16,1.1080000400543213,1.7752742767333984,0.34610992670059204,0.07197097688913345,nan,nan
0,2011,2020-02-17,1.3680000305175781,1.7200101613998413,0.2823726534843445,0.07520544528961182,nan,nan
0,2011,2020-02-18,1.3530000448226929,1.8031566143035889,0.23355929553508759,0.025423383340239525,nan,nan
0,2011,2020-02-19,1.4229999780654907,1.717079997062683,0.18890929222106934,0.05315513163805008,nan,nan
0,2011,2020-02-20,1.465999960899353,1.6628925800323486,0.15588608384132385,0.008812244981527328,nan,nan
0,2011,2020-02-21,1.3539999723434448,1.6309902667999268,0.12494512647390366,0.03509676828980446,nan,nan
0,2011,2020-02-22,1.2489999532699585,1.6676876544952393,0.09767357259988785,0.04706060513854027,nan,nan
0,2011,2020-02-23,1.0980000495910645,1.730272889137268,0.07621713727712631,0.06368006020784378,nan,nan
0,2011,2020-02-24,1.2039999961853027,1.7232283353805542,0.060597751289606094,0.07665282487869263,nan,nan
0,2011,2020-02-25,1.277999997138977,1.7715983390808105,0.047529444098472595,0.07369836419820786,nan,nan
0,2011,2020-02-26,1.409000039100647,1.8248286247253418,0.03810512647032738,0.023854466155171394,nan,nan
0,2011,2020-02-27,1.6109999418258667,1.8805679082870483,0.03888630121946335,0.025533761829137802,nan,nan
0,2011,2020-02-28,1.5119999647140503,2.0585439205169678,0.06644698232412338,0.19168169796466827,nan,nan
0,2011,2020-02-29,1.0230000019073486,1.8982616662979126,0.08700487017631531,0.06352397799491882,nan,nan
0,2011,2020-03-01,0.968999981880188,1.918222427368164,0.08986466377973557,0.0024231313727796078,nan,nan
0,2011,2020-03-02,1.3819999694824219,2.0044515132904053,0.08142600953578949,0.039601754397153854,nan,nan
0,2011,2020-03-03,1.6410000324249268,2.1180427074432373,0.020404111593961716,0.04211956635117531,nan,nan
0,2011,2020-03-04,1.6200000047683716,1.9738264083862305,0.008058647625148296,0.06200248375535011,nan,nan
0,2011,2020-03-05,1.6859999895095825,1.8412243127822876,0.006630199961364269,0.02157464064657688,nan,nan
0,2011,2020-03-06,1.600000023841858,2.2952845096588135,0.035965446382761,0.2744259536266327,nan,nan
0,2011,2020-03-07,1.3320000171661377,1.9854120016098022,0.06894724816083908,0.05590425431728363,nan,nan
0,2011,2020-03-08,1.0219999551773071,1.8977530002593994,0.055690910667181015,0.07763173431158066,nan,nan
0,2011,2020-03-09,1.3350000381469727,1.8749667406082153,0.04613155871629715,0.06977929919958115,nan,nan
0,2011,2020-03-10,1.496000051498413,1.8729974031448364,0.03820669278502464,0.043184760957956314,nan,nan
0,2011,2020-03-11,1.4279999732971191,2.311779499053955,0.2300838828086853,0.37268540263175964,nan,nan
0,2011,2020-03-12,1.503000020980835,2.1386404037475586,0.40259143710136414,0.11033887416124344,nan,nan
0,2011,2020-03-13,1.8200000524520874,2.1937739849090576,0.3771514296531677,0.01170813012868166,nan,nan
0,2011,2020-03-14,1.7450000047683716,2.1942405700683594,0.25123968720436096,0.07766912132501602,nan,nan
0,2011,2020-03-15,1.2519999742507935,1.9639735221862793,0.16563044488430023,0.05250607430934906,nan,nan
0,2011,2020-03-16,1.371999979019165,1.9511786699295044,0.13382628560066223,0.09731501340866089,nan,nan
0,2011,2020-03-17,1.597000002861023,1.9132059812545776,0.1073969230055809,0.078743577003479,nan,nan
0,2011,2020-03-18,1.5240000486373901,1.9574135541915894,0.08444730192422867,0.06414175033569336,nan,nan
0,2011,2020-03-19,1.61899995803833,1.9043954610824585,0.06645573675632477,0.06330696493387222,nan,nan
0,2011,2020-03-20,1.746999979019165,1.8005715608596802,0.052045706659555435,0.04273301362991333,nan,nan
0,2011,2020-03-21,1.4329999685287476,1.800136685371399,0.040932174772024155,0.0339282751083374,nan,nan
0,2011,2020-03-22,1.312000036239624,1.8357242345809937,0.03253541886806488,0.06192398816347122,nan,nan
0,2011,2020-03-23,1.5540000200271606,1.8096710443496704,0.025973742827773094,0.06913400441408157,nan,nan
0,2011,2020-03-24,1.8890000581741333,1.7475941181182861,0.020653439685702324,0.041484296321868896,nan,nan
0,2011,2020-03-25,1.7879999876022339,1.7207189798355103,0.01639285683631897,0.01896778494119644,nan,nan
0,2011,2020-03-26,1.7580000162124634,1.727324366569519,0.013089700601994991,0.02471199817955494,nan,nan
0,2011,2020-03-27,1.8329999446868896,1.6926742792129517,0.010256924666464329,0.023415131494402885,nan,nan
0,2011,2020-03-28,1.4110000133514404,1.6874171495437622,0.007073745131492615,0.019171500578522682,nan,nan
0,2011,2020-03-29,1.1239999532699585,1.7085636854171753,0.003652618732303381,0.04756045714020729,nan,nan
0,2011,2020-03-30,1.5420000553131104,1.8174372911453247,0.0031054753344506025,0.0226052887737751,nan,nan
0,2011,2020-03-31,1.7580000162124634,1.8866726160049438,0.0025902155321091413,0.047975581139326096,nan,nan
0,2011,2020-04-01,1.5570000410079956,1.8786128759384155,0.0017831790028139949,0.0414658822119236,nan,nan
0,2011,2020-04-02,1.5,1.8598592281341553,0.0011540629202499986,0.05462031811475754,nan,nan
0,2011,2020-04-03,1.5080000162124634,1.8807259798049927,0.0009951626416295767,0.062183886766433716,nan,nan
0,2011,2020-04-04,1.3700000047683716,1.8375766277313232,0.00037086798693053424,0.05580064281821251,nan,nan
0,2011,2020-04-05,1.2259999513626099,1.8099957704544067,0.00016013957792893052,0.06394302099943161,nan,nan
0,2011,2020-04-06,1.2730000019073486,1.8268426656723022,0.0001484856620663777,0.07989716529846191,nan,nan
0,2011,2020-04-07,1.7979999780654907,1.8313515186309814,0.000136889677378349,0.07598916441202164,nan,nan
0,2011,2020-04-08,1.805999994277954,1.9484672546386719,0.0001316951820626855,0.04650243744254112,nan,nan
0,2011,2020-04-09,1.9550000429153442,1.9274168014526367,2.6209429051959887e-05,0.04347812011837959,nan,nan
0,2011,2020-04-10,1.8570001125335693,2.0136642456054688,3.4697302453423617e-06,0.04239869862794876,nan,nan
0,2011,2020-04-11,1.805999994277954,2.0257174968719482,3.2729983558965614e-06,0.051231663674116135,nan,nan
0,2011,2020-04-12,1.7430000305175781,2.020676374435425,3.434618747633067e-06,0.05470871180295944,nan,nan
0,2011,2020-04-13,1.6549999713897705,1.9925541877746582,4.191130301478552e-06,0.05629783123731613,nan,nan
0,2011,2020-04-14,1.933000087738037,1.9752519130706787,4.573208570946008e-06,0.06148688122630119,nan,nan
0,2011,2020-04-15,1.96999990940094,1.94169020652771,4.8751276153780054e-06,0.03616436570882797,nan,nan
0,2011,2020-04-16,2.3380000591278076,1.9456416368484497,5.189870535105001e-06,0.03413936495780945,nan,nan
0,2011,2020-04-17,2.578000068664551,1.9744925498962402,5.670817245118087e-06,0.016437072306871414,nan,nan
0,2011,2020-04-18,2.368000030517578,2.0333335399627686,6.435231625800952e-06,0.010447712615132332,nan,nan
0,2011,2020-04-19,2.3239998817443848,2.0976154804229736,6.90058959662565e-06,0.02448270656168461,nan,nan
0,2011,2020-04-20,2.2260000705718994,2.1492321491241455,6.64604385747225e-06,0.031762752681970596,nan,nan
0,2011,2020-04-21,2.437000036239624,2.1596553325653076,6.150147783046123e-06,0.039288006722927094,nan,nan
0,2011,2020-04-22,2.4739999771118164,2.1534736156463623,5.627438895317027e-06,0.025470934808254242,nan,nan
0,2011,2020-04-23,2.822999954223633,2.110274076461792,6.615614893235033e-06,0.01998293213546276,nan,nan
0,2011,2020-04-24,2.947000026702881,2.117706775665283,7.810776878613979e-06,0.006772556807845831,nan,nan
0,2011,2020-04-25,2.49399995803833,2.156672239303589,9.14388510864228e-06,0.005069004837423563,nan,nan
0,2011,2020-04-26,2.3610000610351562,2.202564239501953,9.19076228456106e-06,0.026562875136733055,nan,nan
0,2011,2020-04-27,2.864000082015991,2.460630178451538,1.3529910575016402e-05,0.00011751657439162955,nan,nan
0,2011,2020-04-28,3.5859999656677246,2.5151193141937256,1.255328425031621e-05,0.01067928783595562,nan,nan
0,2011,2020-04-29,3.4539999961853027,3.131063938140869,0.00014794197340961546,0.22191712260246277,nan,nan
0,2011,2020-04-30,2.822999954223633,2.8778300285339355,0.0004281425499357283,0.031950920820236206,nan,nan
0,2011,2020-05-01,2.3440001010894775,2.972132682800293,0.0006218864000402391,0.0007384852506220341,nan,nan
0,2011,2020-05-02,2.125,3.450432538986206,0.00271530169993639,0.0646282210946083,nan,nan
0,2011,2020-05-03,2.1029999256134033,3.514150857925415,0.004750979598611593,2.2600757802138105e-05,nan,nan
0,2011,2020-05-04,2.444999933242798,3.0648083686828613,0.005995940417051315,0.21726836264133453,nan,nan
0,2011,2020-05-05,2.8919999599456787,2.955803871154785,0.005139884073287249,0.07643871009349823,nan,nan
0,2011,2020-05-06,3.1630001068115234,3.071500301361084,0.00441338075324893,0.018992755562067032,nan,nan
0,2011,2020-05-07,3.4019999504089355,2.943631649017334,0.004177655093371868,0.061303503811359406,nan,nan
0,2011,2020-05-08,3.5199999809265137,2.8908791542053223,0.003668555524200201,0.03663477674126625,nan,nan
0,2011,2020-05-09,3.5899999141693115,2.8426687717437744,0.003291935659945011,0.024845600128173828,nan,nan
0,2011,2020-05-10,3.9070000648498535,3.071301221847534,0.0027996182907372713,0.02476799115538597,nan,nan
0,2011,2020-05-11,4.839000225067139,3.348904609680176,0.002641167724505067,0.006263994611799717,nan,nan
0,2011,2020-05-12,5.02400016784668,3.4190521240234375,0.0023590310011059046,0.009832584299147129,nan,nan
0,2011,2020-05-13,4.86299991607666,3.3956193923950195,0.0020108886528760195,0.0011290713446214795,nan,nan
0,2011,2020-05-14,4.303999900817871,3.471745491027832,0.0017196816625073552,2.518480357593944e-07,nan,nan
0,2011,2020-05-15,4.125,3.2333123683929443,0.0014461204409599304,0.01605943776667118,nan,nan
0,2011,2020-05-16,3.5429999828338623,3.162604570388794,0.0011848525609821081,0.01652795821428299,nan,nan
0,2011,2020-05-17,3.5769999027252197,3.185147285461426,0.0009805640438571572,0.027277668938040733,nan,nan
0,2011,2020-05-18,4.456999778747559,3.0094962120056152,0.0009121265611611307,0.037271156907081604,nan,nan
0,2011,2020-05-19,4.867000102996826,2.980656862258911,0.0008658039732836187,0.0009717642096802592,nan,nan
0,2011,2020-05-20,5.455999851226807,2.9959306716918945,0.0010005611693486571,0.0013275404926389456,nan,nan
0,2011,2020-05-21,5.224999904632568,3.1135103702545166,0.0012267143465578556,0.011562415398657322,nan,nan
0,2011,2020-05-22,5.28000020980835,3.2600796222686768,0.0015474682440981269,0.0007397943991236389,nan,nan
0,2011,2020-05-23,4.867000102996826,3.368060827255249,0.0019667765591293573,5.526953827938996e-05,nan,nan
0,2011,2020-05-24,4.76200008392334,3.8206331729888916,0.002168901264667511,0.014682667329907417,nan,nan
0,2011,2020-05-25,4.861999988555908,3.6794283390045166,0.0031149357091635466,0.028220228850841522,nan,nan
0,2011,2020-05-26,4.875999927520752,3.491415023803711,0.0032618867699056864,0.009862176142632961,nan,nan
0,2011,2020-05-27,4.511000156402588,3.4844906330108643,0.0037643425166606903,0.009019897319376469,nan,nan
0,2011,2020-05-28,4.473999977111816,3.361422300338745,0.002693955088034272,0.015716055408120155,nan,nan
0,2011,2020-05-29,4.285999774932861,3.331800699234009,0.0017971787601709366,0.015320817939937115,nan,nan
0,2011,2020-05-30,3.9680001735687256,3.2309491634368896,0.001800143625587225,0.016701245680451393,nan,nan
0,2011,2020-05-31,3.4820001125335693,3.1872260570526123,0.0011793727753683925,0.02992706373333931,nan,nan
0,2011,2020-06-01,3.63100004196167,3.056340217590332,0.00107598549220711,0.04947812482714653,nan,nan
0,2011,2020-06-02,3.9160001277923584,3.012061595916748,0.0007464986992999911,0.033967792987823486,nan,nan
0,2011,2020-06-03,4.853000164031982,2.9997477531433105,0.0008345783571712673,0.017178216949105263,nan,nan
0,2011,2020-06-04,5.214000225067139,3.203112840652466,0.0007879230543039739,0.0005021715187467635,nan,nan
0,2011,2020-06-05,4.4029998779296875,4.215407371520996,0.006772768683731556,0.3513855040073395,nan,nan
0,2011,2020-06-06,3.2249999046325684,3.812126874923706,0.017209205776453018,0.07126111537218094,nan,nan
0,2011,2020-06-07,3.3380000591278076,3.823622226715088,0.016282493248581886,0.06513117998838425,nan,nan
0,2011,2020-06-08,3.8499999046325684,4.09381628036499,0.015316282398998737,0.035867635160684586,nan,nan
0,2011,2020-06-09,3.9089996814727783,4.349249362945557,0.016928112134337425,0.0008731894777156413,nan,nan
0,2011,2020-06-10,4.22599983215332,4.75065279006958,0.02637903206050396,0.0033724235836416483,nan,nan
0,2011,2020-06-11,3.500999927520752,4.431835174560547,0.027218807488679886,0.05929076671600342,nan,nan
0,2011,2020-06-12,3.365999937057495,4.018593788146973,0.02150370180606842,0.23139208555221558,nan,nan
0,2011,2020-06-13,3.0759999752044678,3.7806339263916016,0.017276357859373093,0.19350405037403107,nan,nan
0,2011,2020-06-14,3.0920000076293945,3.76051926612854,0.013659391552209854,0.13869957625865936,nan,nan
0,2011,2020-06-15,3.740999937057495,3.61214542388916,0.010686087422072887,0.19535493850708008,nan,nan
0,2011,2020-06-16,3.9019999504089355,3.6148722171783447,0.008227836340665817,0.10832767188549042,nan,nan
0,2011,2020-06-17,4.668000221252441,3.9909520149230957,0.009823763743042946,0.0032789416145533323,nan,nan
0,2011,2020-06-18,4.61899995803833,3.987250804901123,0.009211084805428982,0.012182840146124363,nan,nan
0,2011,2020-06-19,4.553999900817871,4.033059120178223,0.007089601363986731,0.027193967252969742,nan,nan
0,2011,2020-06-20,3.5169999599456787,3.931215524673462,0.005668999627232552,0.07449203729629517,nan,nan
0,2011,2020-06-21,3.312000036239624,3.7158443927764893,0.00491709029302001,0.15667712688446045,nan,nan
0,2011,2020-06-22,4.620999813079834,3.4917378425598145,0.004030298907309771,0.13742350041866302,nan,nan
0,2011,2020-06-23,5.151000022888184,3.365006446838379,0.003963584080338478,0.011467204429209232,nan,nan
0,2011,2020-06-24,5.52400016784668,3.4529879093170166,0.0048549058847129345,0.0014640206936746836,nan,nan
0,2011,2020-06-25,5.696000099182129,3.6925880908966064,0.00516579719260335,0.0014585580211132765,nan,nan
0,2011,2020-06-26,5.767000198364258,3.759122133255005,0.005248046480119228,0.0006861586589366198,nan,nan
0,2011,2020-06-27,5.218999862670898,3.9111316204071045,0.004833057057112455,0.0030407733283936977,nan,nan
0,2011,2020-06-28,4.289999961853027,4.014806747436523,0.004030149430036545,0.03214294835925102,nan,nan
0,2011,2020-06-29,6.23799991607666,4.441527843475342,0.0040535349398851395,0.007272419519722462,nan,nan
0,2011,2020-06-30,6.735000133514404,4.330313682556152,0.005340012721717358,0.007534135598689318,nan,nan
0,2011,2020-07-01,6.830999851226807,4.170229911804199,0.006964217405766249,0.0019157360075041652,nan,nan
0,2011,2020-07-02,6.935999870300293,4.34799861907959,0.006581504829227924,0.0015348662855103612,nan,nan
0,2011,2020-07-03,6.515999794006348,4.545005798339844,0.006081521511077881,0.00021094562544021755,nan,nan
0,2011,2020-07-04,5.875,4.360949993133545,0.0027872943319380283,0.0021601771004498005,nan,nan
0,2011,2020-07-05,5.453000068664551,4.1890549659729,0.0017044967971742153,0.012519054114818573,nan,nan
0,2011,2020-07-06,6.040999889373779,4.095561981201172,0.0024480249267071486,0.02569820173084736,nan,nan
0,2011,2020-07-07,5.9019999504089355,4.103143692016602,0.003952757455408573,0.003533993847668171,nan,nan
0,2011,2020-07-08,5.613999843597412,4.091842174530029,0.005437255371361971,0.0065127466805279255,nan,nan
0,2011,2020-07-09,5.501999855041504,3.969691514968872,0.007150496356189251,0.00957736000418663,nan,nan
0,2011,2020-07-10,5.315000057220459,3.9130263328552246,0.011293689720332623,0.010413045063614845,nan,nan
0,2011,2020-07-11,5.9070000648498535,4.403388977050781,0.011401068419218063,0.0024173124693334103,nan,nan
0,2011,2020-07-12,4.676000118255615,4.332921028137207,0.011546056717634201,0.02115483395755291,nan,nan
0,2011,2020-07-13,5.203000068664551,4.030428886413574,0.012539533898234367,0.07760845124721527,nan,nan
0,2011,2020-07-14,5.139999866485596,3.955160140991211,0.011149448342621326,0.027506079524755478,nan,nan
0,2011,2020-07-15,5.041999816894531,3.922553539276123,0.009224161505699158,0.02822457067668438,nan,nan
0,2011,2020-07-16,4.539999961853027,3.890918016433716,0.005784531123936176,0.031167950481176376,nan,nan
0,2011,2020-07-17,3.806999683380127,3.723172664642334,0.004286730196326971,0.047853510826826096,nan,nan
0,2011,2020-07-18,4.25,3.5052216053009033,0.004033144097775221,0.08279009908437729,nan,nan
0,2011,2020-07-19,3.615000009536743,3.420318365097046,0.00409762654453516,0.034998975694179535,nan,nan
0,2011,2020-07-20,4.660999774932861,3.342296838760376,0.0046549574472010136,0.07672499120235443,nan,nan
0,2011,2020-07-21,4.709000110626221,3.358049154281616,0.006370950024574995,0.009641225449740887,nan,nan
0,2011,2020-07-22,5.666999816894531,3.848367691040039,0.005536912474781275,0.0007175158243626356,nan,nan
0,2011,2020-07-23,6.1529998779296875,4.388998508453369,0.004159084986895323,0.013391553424298763,nan,nan
0,2011,2020-07-24,5.672999858856201,4.2036333084106445,0.006177903153002262,0.004515290725976229,nan,nan
0,2011,2020-07-25,4.940999984741211,4.374902725219727,0.005245022941380739,0.005247291177511215,nan,nan
0,2011,2020-07-26,4.309000015258789,4.08372163772583,0.006142369471490383,0.060862716287374496,nan,nan
0,2011,2020-07-27,4.65500020980835,3.900570869445801,0.006476860027760267,0.09454116970300674,nan,nan
0,2011,2020-07-28,5.386000156402588,3.7532246112823486,0.006993184797465801,0.04276828095316887,nan,nan
0,2011,2020-07-29,6.172999858856201,3.9926652908325195,0.00589600158855319,0.001781397731974721,nan,nan
0,2011,2020-07-30,6.229000091552734,4.0063090324401855,0.007187646813690662,9.968677477445453e-05,nan,nan
0,2011,2020-07-31,6.443999767303467,4.143448352813721,0.006889001466333866,0.0014070621691644192,nan,nan
0,2011,2020-08-01,6.4710001945495605,4.054970741271973,0.012894902378320694,0.0005859181401319802,nan,nan
0,2011,2020-08-02,5.929999828338623,4.34390926361084,0.012698784470558167,0.0012507217470556498,nan,nan
0,2011,2020-08-03,6.334000110626221,4.790306091308594,0.010188572108745575,0.00019358597637619823,nan,nan
0,2011,2020-08-04,5.1519999504089355,4.993454933166504,0.010402976535260677,0.03568170964717865,nan,nan
0,2011,2020-08-05,4.243000030517578,4.360165119171143,0.010540209710597992,0.08123479783535004,nan,nan
0,2011,2020-08-06,3.94599986076355,3.8798329830169678,0.009761638939380646,0.09820908308029175,nan,nan
0,2011,2020-08-07,4.156000137329102,3.5970451831817627,0.010672223754227161,0.08317238837480545,nan,nan
0,2011,2020-08-08,4.4770002365112305,3.553520441055298,0.012687682174146175,0.05749962478876114,nan,nan
0,2011,2020-08-09,4.105000019073486,3.5044198036193848,0.012611172161996365,0.028981074690818787,nan,nan
0,2011,2020-08-10,5.073999881744385,3.3919644355773926,0.015076076611876488,0.04191967844963074,nan,nan
0,2011,2020-08-11,4.8979997634887695,3.706421375274658,0.012099326588213444,0.00021916883997619152,nan,nan
0,2011,2020-08-12,5.040999889373779,3.7201831340789795,0.012207862921059132,0.024110881611704826,nan,nan
0,2011,2020-08-13,5.474999904632568,4.099649429321289,0.010153418406844139,0.0014774849405512214,nan,nan
0,2011,2020-08-14,5.560999870300293,4.330836772918701,0.007522479631006718,8.275889058495522e-07,nan,nan
0,2011,2020-08-15,4.960000038146973,4.118566036224365,0.006656613666564226,0.02180466800928116,nan,nan
0,2011,2020-08-16,4.4720001220703125,3.766406536102295,0.0064384047873318195,0.024650929495692253,nan,nan
0,2011,2020-08-17,5.318999767303467,3.797694444656372,0.005130239762365818,0.010121168568730354,nan,nan
0,2011,2020-08-18,5.124000072479248,3.8586082458496094,0.003915401641279459,0.009221781976521015,nan,nan
0,2011,2020-08-19,4.7829999923706055,3.806166410446167,0.003255888121202588,0.019354987889528275,nan,nan
0,2011,2020-08-20,4.771999835968018,3.6048972606658936,0.003094938350841403,0.020743470638990402,nan,nan
0,2011,2020-08-21,5.068999767303467,3.4997589588165283,0.0032261917367577553,0.013767080381512642,nan,nan
0,2011,2020-08-22,4.817999839782715,3.61045503616333,0.0031799462158232927,0.009115975350141525,nan,nan
0,2011,2020-08-23,3.8980000019073486,3.624617576599121,0.002717279363423586,0.020525537431240082,nan,nan
0,2011,2020-08-24,4.11899995803833,3.5119340419769287,0.002425974467769265,0.07487405836582184,nan,nan
0,2011,2020-08-25,4.066999912261963,3.3531410694122314,0.0020884908735752106,0.0367584228515625,nan,nan
0,2011,2020-08-26,3.4140000343322754,3.180501699447632,0.002026498783379793,0.02366527169942856,nan,nan
0,2011,2020-08-27,3.497999906539917,2.9688124656677246,0.0028905083891004324,0.044316474348306656,nan,nan
0,2011,2020-08-28,3.5950000286102295,2.97629451751709,0.003361055627465248,0.03914386406540871,nan,nan
0,2011,2020-08-29,3.0899999141693115,3.37489914894104,0.003303142497316003,7.834893767721951e-05,nan,nan
0,2011,2020-08-30,3.1600000858306885,4.116866111755371,0.013395211659371853,0.07328382134437561,nan,nan
0,2011,2020-08-31,3.4769999980926514,4.517367362976074,0.028290050104260445,0.040377020835876465,nan,nan
0,2011,2020-09-01,2.7090001106262207,3.8856358528137207,0.047228921204805374,0.2016392946243286,nan,nan
0,2011,2020-09-02,3.0399999618530273,3.433445692062378,0.03394949436187744,0.2119574397802353,nan,nan
0,2011,2020-09-03,2.63700008392334,3.210986614227295,0.022001679986715317,0.11689431965351105,nan,nan
0,2011,2020-09-04,2.509999990463257,2.9484357833862305,0.01704886555671692,0.1162630096077919,nan,nan
0,2011,2020-09-05,2.065000057220459,2.798677921295166,0.014267669059336185,0.10396765172481537,nan,nan
0,2011,2020-09-06,1.9059998989105225,2.688464879989624,0.011758532375097275,0.1371465027332306,nan,nan
0,2011,2020-09-07,2.8350000381469727,2.6982834339141846,0.008658241480588913,0.16067008674144745,nan,nan
0,2011,2020-09-08,3.0280001163482666,2.724609613418579,0.006411319132894278,0.06021692976355553,nan,nan
0,2011,2020-09-09,3.240999937057495,2.6879429817199707,0.004771489184349775,0.04065398871898651,nan,nan
0,2011,2020-09-10,3.381999969482422,2.7948405742645264,0.0038692899979650974,0.03741985931992531,nan,nan
0,2011,2020-09-11,3.513000011444092,2.9513025283813477,0.0027873883955180645,0.044668782502412796,nan,nan
0,2011,2020-09-12,2.621999979019165,2.843830108642578,0.0021860795095562935,0.02533389814198017,nan,nan
0,2011,2020-09-13,2.180999994277954,2.680696725845337,0.0016657391097396612,0.07329028844833374,nan,nan
0,2011,2020-09-14,3.3499999046325684,2.602567195892334,0.001474071410484612,0.10669856518507004,nan,nan
0,2011,2020-09-15,3.9809999465942383,2.597419500350952,0.0012700519291684031,0.014550565741956234,nan,nan
0,2011,2020-09-16,3.8320000171661377,2.5964975357055664,0.0012004736345261335,9.850907372310758e-05,nan,nan
0,2011,2020-09-17,3.322000026702881,2.707056760787964,0.0009726018761284649,0.0043691727332770824,nan,nan
0,2011,2020-09-18,2.6640000343322754,2.689116954803467,0.0008888189913704991,0.02264617383480072,nan,nan
0,2011,2020-09-19,1.8509998321533203,2.6813435554504395,0.0007706621545366943,0.06945661455392838,nan,nan
0,2011,2020-09-20,1.7339999675750732,2.653759479522705,0.0005749204428866506,0.15867847204208374,nan,nan
0,2011,2020-09-21,2.2669999599456787,2.57532000541687,0.0004235862288624048,0.1334848254919052,nan,nan
0,2011,2020-09-22,2.690999984741211,2.437629222869873,0.00031831010710448027,0.07112820446491241,nan,nan
0,2011,2020-09-23,2.433000087738037,2.400681972503662,0.00024637114256620407,0.012324316427111626,nan,nan
0,2011,2020-09-24,2.2209999561309814,2.3360304832458496,0.0001902265939861536,0.0440947450697422,nan,nan
0,2011,2020-09-25,2.2119998931884766,2.4654011726379395,0.00017486185242887586,0.005111623089760542,nan,nan
0,2011,2020-09-26,1.4270000457763672,2.8635921478271484,0.0003919059527106583,0.03686225414276123,nan,nan
0,2011,2020-09-27,1.0329999923706055,2.530143976211548,0.0005582042504101992,0.19234530627727509,nan,nan
0,2011,2020-09-28,1.5829999446868896,2.2894980907440186,0.00035010851570405066,0.1956966668367386,nan,nan
0,2011,2020-09-29,2.3580000400543213,2.288022041320801,0.00033686653478071094,0.011863842606544495,nan,nan
0,2011,2020-09-30,2.052999973297119,2.282031536102295,0.00013967922131996602,0.024379903450608253,nan,nan
0,2011,2020-10-01,1.74399995803833,2.2811152935028076,0.0001180588296847418,0.06841083616018295,nan,nan
0,2011,2020-10-02,1.8980000019073486,2.2500061988830566,0.00010059556370833889,0.08296708017587662,nan,nan
0,2011,2020-10-03,10.85099983215332,7.163610458374023,0.9999006986618042,2.1650660037994385,nan,nan
0,2011,2020-10-04,3.811000108718872,5.376674652099609,0.9999982118606567,1.34050714969635,nan,nan
0,2011,2020-10-05,2.812999963760376,2.677680253982544,0.9999974966049194,0.002847883151844144,nan,nan
0,2011,2020-10-06,2.6029999256134033,2.8125734329223633,0.9999960660934448,0.04210376739501953,nan,nan
0,2011,2020-10-07,2.5420000553131104,2.30253005027771,0.9999951124191284,0.09085773676633835,nan,nan
0,2011,2020-10-08,2.177000045776367,1.3608530759811401,0.999993085861206,0.007015080191195011,nan,nan
0,2011,2020-10-09,2.1689999103546143,1.6136656999588013,0.9999890327453613,0.0033840881660580635,nan,nan
0,2011,2020-10-10,1.6380000114440918,1.6183725595474243,0.9999823570251465,0.0037032626569271088,nan,nan
0,2011,2020-10-11,1.565000057220459,2.04168963432312,0.9999740123748779,0.004011455457657576,nan,nan
0,2011,2020-10-12,1.9939998388290405,2.7717833518981934,0.9999597072601318,0.2132030427455902,nan,nan
0,2011,2020-10-13,1.8229999542236328,2.0138795375823975,0.9999361038208008,0.0396573506295681,nan,nan
0,2011,2020-10-14,1.6549999713897705,1.4192488193511963,0.99989914894104,0.0013298019766807556,nan,nan
0,2011,2020-10-15,1.565000057220459,1.350419044494629,0.9998410940170288,0.00606664689257741,nan,nan
0,2011,2020-10-16,1.784999966621399,2.63079833984375,0.9997815489768982,0.0331750363111496,nan,nan
0,2011,2020-10-17,1.3459999561309814,1.3803595304489136,0.9996755123138428,0.0040047746151685715,nan,nan
0,2011,2020-10-18,1.3300000429153442,0.9588273763656616,0.9994943141937256,0.0006444581667892635,nan,nan
0,2011,2020-10-19,1.7059999704360962,1.603572964668274,0.9992139339447021,0.041487064212560654,nan,nan
0,2011,2020-10-20,1.437999963760376,2.8816261291503906,0.9987791180610657,0.23595267534255981,nan,nan
0,2011,2020-10-21,1.378999948501587,2.003169536590576,0.9981327652931213,0.08617042005062103,nan,nan
0,2011,2020-10-22,1.3569999933242798,1.619618535041809,0.997133731842041,0.03979003429412842,nan,nan
0,2011,2020-10-23,2.0810000896453857,1.9015884399414062,0.9957647323608398,0.01800438202917576,nan,nan
0,2011,2020-10-24,2.134000062942505,2.7134509086608887,0.9955853223800659,0.020536670461297035,nan,nan
0,2011,2020-10-25,1.7109999656677246,1.4959863424301147,0.994023859500885,0.0011335199233144522,nan,nan
0,2011,2020-10-26,1.7940000295639038,1.6077795028686523,0.9901553392410278,0.0009309127926826477,nan,nan
0,2011,2020-10-27,1.7380000352859497,1.2949564456939697,0.9941278696060181,0.5403627753257751,nan,nan
0,2011,2020-10-28,1.5570000410079956,1.8453112840652466,0.9942684173583984,0.039230912923812866,nan,nan
0,2011,2020-10-29,1.5360000133514404,1.491066813468933,0.9915215969085693,0.0035025610122829676,nan,nan
0,2011,2020-10-30,1.5920000076293945,2.1110517978668213,0.9873364567756653,0.07469288259744644,nan,nan
0,2011,2020-10-31,1.3669999837875366,2.4587066173553467,0.981810986995697,0.1525583416223526,nan,nan
0,2011,2020-11-01,1.2760000228881836,2.118349075317383,0.12248536199331284,0.11378961056470871,nan,nan
0,2011,2020-11-02,1.465999960899353,2.0287840366363525,0.002831293735653162,0.10815972834825516,nan,nan
0,2011,2020-11-03,1.684000015258789,2.0052900314331055,0.0014862508978694677,0.08365058898925781,nan,nan
0,2011,2020-11-04,1.8950001001358032,2.1709086894989014,0.001359513495117426,0.02743193879723549,nan,nan
0,2011,2020-11-05,1.7879999876022339,2.0449023246765137,0.0009668316342867911,0.04845774173736572,nan,nan
0,2011,2020-11-06,1.7640000581741333,1.9532326459884644,0.0006850900826975703,0.04782608151435852,nan,nan
0,2011,2020-11-07,1.4160000085830688,1.9748882055282593,0.0005811919108964503,0.05234358832240105,nan,nan
0,2011,2020-11-08,1.2829999923706055,1.9239269495010376,0.0004972289316356182,0.07608182728290558,nan,nan
0,2011,2020-11-09,1.6540000438690186,1.8414664268493652,0.00039568758802488446,0.07654306292533875,nan,nan
0,2011,2020-11-10,1.7410000562667847,1.8026111125946045,0.00032833372824825346,0.04046068713068962,nan,nan
0,2011,2020-11-11,1.7039999961853027,1.7967259883880615,0.0002800253569148481,0.033973176032304764,nan,nan
0,2011,2020-11-12,1.5269999504089355,1.7598891258239746,0.00023952532501425594,0.032676976174116135,nan,nan
0,2011,2020-11-13,1.4859999418258667,1.7774229049682617,0.00020382848742883652,0.04688189551234245,nan,nan
0,2011,2020-11-14,1.2569999694824219,1.7291200160980225,0.00015720840019639581,0.04433174058794975,nan,nan
0,2011,2020-11-15,1.0700000524520874,1.7155954837799072,0.00012572114064823836,0.06098610535264015,nan,nan
0,2011,2020-11-16,1.3569999933242798,1.7716163396835327,0.00011912633635802194,0.029560299590229988,nan,nan
0,2011,2020-11-17,1.4390000104904175,1.719461441040039,0.00010891736746998504,0.04776120185852051,nan,nan
0,2011,2020-11-18,1.3700000047683716,1.693597674369812,9.53076159930788e-05,0.04372650384902954,nan,nan
0,2011,2020-11-19,1.3869999647140503,1.7073960304260254,8.335029997397214e-05,0.05059907212853432,nan,nan
0,2011,2020-11-20,1.5440000295639038,1.7582266330718994,7.538891077274457e-05,0.02758941613137722,nan,nan
0,2011,2020-11-21,1.2000000476837158,1.7587076425552368,6.782779382774606e-05,0.04345239698886871,nan,nan
0,2011,2020-11-22,1.1089999675750732,1.6946964263916016,4.518980495049618e-05,0.06312265247106552,nan,nan
0,2011,2020-11-23,1.465000033378601,1.6741745471954346,2.5974615709856153e-05,0.06842661648988724,nan,nan
0,2011,2020-11-24,1.5540000200271606,1.7289332151412964,2.4575985662522726e-05,0.04587135836482048,nan,nan
0,2011,2020-11-25,1.6330000162124634,1.6826304197311401,7.2659581746847834e-06,0.03459380567073822,nan,nan
0,2011,2020-11-26,1.7000000476837158,1.6471196413040161,1.3596192047771183e-06,0.0264063011854887,nan,nan
0,2011,2020-11-27,1.7649999856948853,1.6148831844329834,1.2704713299172e-06,0.02016340382397175,nan,nan
0,2011,2020-11-28,1.3339999914169312,1.596101999282837,1.2131528137615533e-06,0.015752317383885384,nan,nan
0,2011,2020-11-29,1.1649999618530273,1.574170708656311,1.180327672045678e-06,0.03801737353205681,nan,nan
0,2011,2020-11-30,1.6059999465942383,1.554505705833435,1.1673120070554432e-06,0.04805270954966545,nan,nan
0,2011,2020-12-01,1.5509999990463257,1.5661636590957642,1.1458690778454184e-06,0.02108023501932621,nan,nan
0,2011,2020-12-02,1.6649999618530273,1.6861408948898315,3.1740451049699914e-06,0.0033464883454144,nan,nan
0,2011,2020-12-03,1.5770000219345093,1.624306559562683,4.061652361997403e-06,0.0155555484816432,nan,nan
0,2011,2020-12-04,1.4809999465942383,1.5626802444458008,4.056063062307658e-06,0.01933990977704525,nan,nan
0,2011,2020-12-05,1.2419999837875366,1.7858693599700928,3.478104554233141e-05,0.077924445271492,nan,nan
0,2011,2020-12-06,1.1579999923706055,2.1634459495544434,0.0003954460844397545,0.22128401696681976,nan,nan
0,2011,2020-12-07,1.38100004196167,2.128847360610962,0.00083884660853073,0.0038121123798191547,nan,nan
0,2011,2020-12-08,1.3899999856948853,2.0753936767578125,0.0010034956503659487,0.0004185731231700629,nan,nan
0,2011,2020-12-09,1.5499999523162842,1.9703603982925415,0.0009992641862481833,0.016644800081849098,nan,nan
0,2011,2020-12-10,1.6729999780654907,1.9032570123672485,0.00091972277732566,0.01669553481042385,nan,nan
0,2011,2020-12-11,1.468999981880188,1.8142907619476318,0.0007903305813670158,0.03483876585960388,nan,nan
0,2011,2020-12-12,1.2330000400543213,1.7417272329330444,0.0006791227497160435,0.026116743683815002,nan,nan
0,2011,2020-12-13,1.0740000009536743,1.8590130805969238,0.0009218181949108839,0.0008371468284167349,nan,nan
0,2011,2020-12-14,1.3910000324249268,1.7529324293136597,0.0009301401441916823,0.08008818328380585,nan,nan
0,2011,2020-12-15,1.5130000114440918,1.697961688041687,0.000743543088901788,0.04782906174659729,nan,nan
0,2011,2020-12-16,1.5399999618530273,1.7388269901275635,0.0006137605523690581,0.03834749385714531,nan,nan
0,2011,2020-12-17,1.562000036239624,1.7811282873153687,0.0005116325337439775,0.04633486643433571,nan,nan
0,2011,2020-12-18,1.5080000162124634,1.7626060247421265,0.0004272891383152455,0.04258561134338379,nan,nan
0,2011,2020-12-19,1.246000051498413,1.6933050155639648,0.00035225317697040737,0.038789890706539154,nan,nan
0,2011,2020-12-20,1.065999984741211,1.6409372091293335,0.0002917102538049221,0.05223849043250084,nan,nan
0,2011,2020-12-21,1.2209999561309814,1.6124218702316284,0.00024279588251374662,0.06365664303302765,nan,nan
0,2011,2020-12-22,1.277999997138977,1.828898549079895,0.0006008936325088143,0.03551066666841507,nan,nan
0,2011,2020-12-23,1.190999984741211,1.766477346420288,0.0007849583635106683,0.0661146268248558,nan,nan
0,2011,2020-12-24,0.9549999833106995,1.8563926219940186,0.0008247618097811937,0.00676635280251503,nan,nan
0,2011,2020-12-25,0.8429999947547913,1.8631049394607544,0.0007735493127256632,0.03995182365179062,nan,nan
0,2011,2020-12-26,0.800000011920929,1.7559411525726318,0.0006679367506876588,0.06323941051959991,nan,nan
0,2011,2020-12-27,0.734000027179718,1.6599267721176147,0.0005623394390568137,0.09721530228853226,nan,nan
0,2011,2020-12-28,0.9670000672340393,1.561897873878479,0.0004595266073010862,0.0880090519785881,nan,nan
0,2011,2020-12-29,1.027999997138977,1.5457172393798828,0.0004185973375570029,0.022396694868803024,nan,nan
0,2011,2020-12-30,1.0880000591278076,1.5144476890563965,0.00036407861625775695,0.038711220026016235,nan,nan
0,2011,2020-12-31,0.8899999856948853,1.4295010566711426,0.00028360661235637963,0.037588704377412796,nan,nan
0,2109,2018-10-19,1.3619999885559082,1.935441255569458,0.0005933752399869263,0.08247829228639603,nan,nan
0,2109,2018-10-20,1.350000023841858,1.9720408916473389,0.000501392176374793,0.08902937173843384,nan,nan
0,2109,2018-10-21,1.2879999876022339,1.9542686939239502,0.0004234114312566817,0.08740349858999252,nan,nan
0,2109,2018-10-22,1.218999981880188,1.9465205669403076,0.0003596913884393871,0.09264978021383286,nan,nan
0,2109,2018-10-23,1.1239999532699585,1.7816662788391113,0.00014921762340236455,0.0737607553601265,nan,nan
0,2109,2018-10-24,1.090000033378601,1.6563278436660767,7.173134508775547e-05,0.06456755101680756,nan,nan
0,2109,2018-10-25,1.128999948501587,1.571023941040039,5.8416640968061984e-05,0.05609005689620972,nan,nan
0,2109,2018-10-26,1.0399999618530273,1.5693577527999878,5.220375896897167e-05,0.05269474908709526,nan,nan
0,2109,2018-10-27,1.121000051498413,1.6958955526351929,4.648503818316385e-05,0.05578192323446274,nan,nan
0,2109,2018-10-28,1.159999966621399,2.9019927978515625,0.01075131818652153,0.37422940135002136,nan,nan
0,2109,2018-10-29,3.1410000324249268,3.2419540882110596,0.034820668399333954,1.2707086170848925e-05,nan,nan
0,2109,2018-10-30,4.0229997634887695,6.712558746337891,0.9917490482330322,1.139025330543518,nan,nan
0,2109,2018-10-31,1.946000099182129,2.5947608947753906,0.9996434450149536,0.012168440036475658,nan,nan
0,2109,2018-11-01,1.687999963760376,1.9233698844909668,0.9994695782661438,0.0019827578216791153,nan,nan
0,2109,2018-11-02,1.50600004196167,2.0209789276123047,0.9992339611053467,0.01626448892056942,nan,nan
0,2109,2018-11-03,1.3969999551773071,1.7903672456741333,0.9988799691200256,0.0336369052529335,nan,nan
0,2109,2018-11-04,1.4620000123977661,1.9367307424545288,0.998344898223877,0.07988549023866653,nan,nan
0,2109,2018-11-05,1.534000039100647,1.8113168478012085,0.9975564479827881,0.04386921599507332,nan,nan
0,2109,2018-11-06,1.5180000066757202,1.4863723516464233,0.9963856935501099,0.014403720386326313,nan,nan
0,2109,2018-11-07,1.6749999523162842,2.3386878967285156,0.9955409169197083,0.0007744242320768535,nan,nan
0,2109,2018-11-08,1.4160000085830688,1.6171627044677734,0.9939289093017578,0.00784424040466547,nan,nan
0,2109,2018-11-09,1.2359999418258667,2.486387014389038,0.9910872578620911,0.18397970497608185,nan,nan
0,2109,2018-11-10,1.1260000467300415,1.811362385749817,0.9869861006736755,0.07656112313270569,nan,nan
0,2109,2018-11-11,1.0520000457763672,1.9005964994430542,0.981156587600708,0.08984384685754776,nan,nan
0,2109,2018-11-12,1.0019999742507935,1.7727538347244263,0.9727767705917358,0.08761785179376602,nan,nan
0,2109,2018-11-13,0.984000027179718,0.9920842051506042,0.960787832736969,0.008958992548286915,nan,nan
0,2109,2018-11-14,0.9380000233650208,1.3257492780685425,0.9444531202316284,0.028611479327082634,nan,nan
0,2109,2018-11-15,0.8820000290870667,1.2679269313812256,0.9217071533203125,0.03273843228816986,nan,nan
0,2109,2018-11-16,0.8489999771118164,1.67476224899292,0.8909124732017517,0.09088936448097229,nan,nan
0,2109,2018-11-17,0.8059999942779541,1.365071415901184,0.8507899641990662,0.049710456281900406,nan,nan
0,2109,2018-11-18,0.7440000176429749,1.7515382766723633,0.7997183203697205,0.1126808449625969,nan,nan
0,2109,2018-11-19,0.7319999933242798,1.511661171913147,0.7386164665222168,0.07851964235305786,nan,nan
0,2109,2018-11-20,0.6890000104904175,1.3573954105377197,0.6710671782493591,0.03918646275997162,nan,nan
0,2109,2018-11-21,0.6899999976158142,1.1192222833633423,0.593993067741394,0.03387277573347092,nan,nan
0,2109,2018-11-22,0.6880000233650208,1.1857916116714478,0.5122281908988953,0.04080013185739517,nan,nan
0,2109,2018-11-23,0.6620000004768372,1.1951522827148438,0.43145477771759033,0.04197927564382553,nan,nan
0,2109,2018-11-24,0.6610000133514404,1.3332550525665283,0.3563927412033081,0.03913632780313492,nan,nan
0,2109,2018-11-25,0.6359999775886536,1.3569376468658447,0.2956540882587433,0.06125704199075699,nan,nan
0,2109,2018-11-26,0.6240000128746033,1.3572527170181274,0.12513968348503113,0.054687920957803726,nan,nan
0,2109,2018-11-27,0.6259999871253967,1.5503523349761963,0.06876154243946075,0.011910608038306236,nan,nan
0,2109,2018-11-28,0.5960000157356262,1.4549003839492798,0.002947964472696185,0.011462504044175148,nan,nan
0,2109,2018-11-29,0.6060000061988831,1.388528823852539,1.356582924927352e-05,0.0748724415898323,nan,nan
0,2109,2018-11-30,0.6179999709129333,1.3519796133041382,1.2515570233517792e-05,0.06860698759555817,nan,nan
0,2109,2018-12-01,0.6000000238418579,1.462392807006836,1.7662536265561357e-05,0.010960896499454975,nan,nan
0,2109,2018-12-02,1.3040000200271606,1.414185643196106,1.8716140402830206e-05,0.06605901569128036,nan,nan
0,2109,2018-12-03,3.7950003147125244,2.790012836456299,0.1038750484585762,1.0741926431655884,nan,nan
0,2109,2018-12-04,3.805999994277954,3.3309149742126465,0.4841623306274414,0.902619481086731,nan,nan
0,2109,2018-12-05,2.2139999866485596,2.5367987155914307,0.5883482098579407,0.06032775714993477,nan,nan
0,2109,2018-12-06,1.965999960899353,2.467087507247925,0.49364185333251953,0.052904292941093445,nan,nan
0,2109,2018-12-07,1.6239999532699585,2.2211499214172363,0.4088496267795563,0.04936972260475159,nan,nan
0,2109,2018-12-08,1.562999963760376,2.2182300090789795,0.3895372450351715,0.00021767933503724635,nan,nan
0,2109,2018-12-09,1.5520000457763672,2.257484197616577,0.3385585844516754,0.0156130101531744,nan,nan
0,2109,2018-12-10,1.6720000505447388,2.0188887119293213,0.95548415184021,1.5988460779190063,nan,nan
0,2109,2018-12-11,1.402999997138977,2.0041661262512207,0.982083797454834,0.3393511474132538,nan,nan
0,2109,2018-12-12,1.1349999904632568,1.4338871240615845,0.9804158806800842,0.019486211240291595,nan,nan
0,2109,2018-12-13,1.027999997138977,1.6532691717147827,0.9708837270736694,0.06317351758480072,nan,nan
0,2109,2018-12-14,1.0160000324249268,1.330366849899292,0.9570877552032471,0.0331895537674427,nan,nan
0,2109,2018-12-15,0.9150000214576721,1.3730707168579102,0.937283456325531,0.038378484547138214,nan,nan
0,2109,2018-12-16,1.0759999752044678,1.5332684516906738,0.9451338052749634,0.06466905027627945,nan,nan
0,2109,2018-12-17,1.069000005722046,1.262797474861145,0.9351036548614502,0.03319327160716057,nan,nan
0,2109,2018-12-18,0.9529999494552612,1.2537859678268433,0.9107612371444702,0.018789447844028473,nan,nan
0,2109,2018-12-19,0.9410000443458557,1.27663254737854,0.8716443777084351,0.032645873725414276,nan,nan
0,2109,2018-12-20,0.890999972820282,1.5178519487380981,0.8359167575836182,0.001520487479865551,nan,nan
0,2109,2018-12-21,1.215000033378601,1.2357350587844849,0.7809112668037415,0.032544881105422974,nan,nan
0,2109,2018-12-22,3.634000062942505,1.6087958812713623,0.9690988659858704,0.9190552830696106,nan,nan
0,2109,2018-12-23,2.811000108718872,1.4806574583053589,0.9830395579338074,0.142317995429039,nan,nan
0,2109,2018-12-24,9.994999885559082,1.9623463153839111,0.9981953501701355,1.5448925495147705,nan,nan
0,2109,2018-12-25,4.627999782562256,3.0423710346221924,0.9995678067207336,5.205735683441162,nan,nan
0,2109,2018-12-26,3.069999933242798,1.3294167518615723,0.9997685551643372,0.20090019702911377,nan,nan
0,2109,2018-12-27,2.490000009536743,1.342009425163269,0.9996172189712524,0.029611708596348763,nan,nan
0,2109,2018-12-28,2.13700008392334,1.1096893548965454,0.999365508556366,0.017900953069329262,nan,nan
0,2109,2018-12-29,1.8589999675750732,1.3613104820251465,0.9989641904830933,1.235891249962151e-05,nan,nan
0,2109,2018-12-30,1.6710000038146973,1.4614784717559814,0.9982818365097046,0.005243299063295126,nan,nan
0,2109,2018-12-31,1.5379999876022339,1.3314439058303833,0.9970355033874512,0.004889241419732571,nan,nan
0,2109,2019-01-01,1.4240000247955322,1.3762764930725098,0.9887075424194336,0.011110538616776466,nan,nan
0,2109,2019-01-02,1.3079999685287476,1.12317955493927,0.9806306958198547,8.552090591251726e-09,nan,nan
0,2109,2019-01-03,1.1369999647140503,1.0461219549179077,0.9619078636169434,0.00893757026642561,nan,nan
0,2109,2019-01-04,1.0470000505447388,1.0330475568771362,0.943989634513855,0.006752194371074438,nan,nan
0,2109,2019-01-05,1.0740000009536743,1.0235884189605713,0.9190687537193298,0.009091717191040516,nan,nan
0,2109,2019-01-06,1.0520000457763672,1.1299313306808472,0.8903160095214844,0.002490103943273425,nan,nan
0,2109,2019-01-07,0.9829999804496765,1.048974871635437,0.845510721206665,0.00843062810599804,nan,nan
0,2109,2019-01-08,0.9879999756813049,1.1202497482299805,0.6022015810012817,0.0032503281254321337,nan,nan
0,2109,2019-01-09,0.9549999833106995,1.3864548206329346,0.7151989340782166,0.2628921866416931,nan,nan
0,2109,2019-01-10,0.9079999923706055,1.4916272163391113,0.7106166481971741,0.18946446478366852,nan,nan
0,2109,2019-01-11,0.8500000238418579,1.2095918655395508,0.706620454788208,0.02389903925359249,nan,nan
0,2109,2019-01-12,0.8560000061988831,1.2943739891052246,0.6494570374488831,0.004702899605035782,nan,nan
0,2109,2019-01-13,0.965999960899353,1.4625256061553955,0.8640519976615906,0.45601850748062134,nan,nan
0,2109,2019-01-14,1.4910000562667847,2.6790003776550293,0.9990577101707458,2.734381914138794,nan,nan
0,2109,2019-01-15,1.1349999904632568,1.2272469997406006,0.9998353719711304,0.17580196261405945,nan,nan
0,2109,2019-01-16,1.024999976158142,1.11037015914917,0.9997140765190125,0.010375522077083588,nan,nan
0,2109,2019-01-17,0.9750000834465027,0.9761237502098083,0.9995331764221191,0.007444530725479126,nan,nan
0,2109,2019-01-18,0.9120000004768372,1.0755943059921265,0.9992951154708862,0.0088041378185153,nan,nan
0,2109,2019-01-19,0.8339999914169312,1.0610756874084473,0.9988229870796204,0.016688669100403786,nan,nan
0,2109,2019-01-20,0.8309999704360962,0.9060602188110352,0.9962873458862305,0.010129043832421303,nan,nan
0,2109,2019-01-21,0.8180000185966492,1.1533572673797607,0.9886237382888794,0.023128630593419075,nan,nan
0,2109,2019-01-22,0.7599999904632568,1.1422308683395386,0.9729648232460022,0.028132809326052666,nan,nan
0,2109,2019-01-23,0.753000020980835,0.9212121367454529,0.9470592737197876,0.013858072459697723,nan,nan
0,2109,2019-01-24,0.7480000257492065,0.9261823892593384,0.8395911455154419,0.014471720904111862,nan,nan
0,2109,2019-01-25,0.6970000267028809,1.1466563940048218,0.7786869406700134,0.03282826766371727,nan,nan
0,2109,2019-01-26,0.7440000176429749,1.0930440425872803,0.7041632533073425,0.030807150527834892,nan,nan
0,2109,2019-01-27,0.7459999918937683,1.04259192943573,0.6174075603485107,0.02358066849410534,nan,nan
0,2109,2019-01-28,0.7269999980926514,1.0168629884719849,0.7098456621170044,0.215321347117424,nan,nan
0,2109,2019-01-29,0.6990000009536743,1.17494535446167,0.6922016143798828,0.03065374307334423,nan,nan
0,2109,2019-01-30,0.6850000023841858,1.120566487312317,0.6214140057563782,0.029725484549999237,nan,nan
0,2109,2019-01-31,0.6690000295639038,1.3093963861465454,0.5263283252716064,0.04814798757433891,nan,nan
0,2109,2019-02-01,0.6819999814033508,1.0637282133102417,0.4284874200820923,0.02731282450258732,nan,nan
0,2109,2019-02-02,0.6759999990463257,1.2999417781829834,0.4243679940700531,0.020474866032600403,nan,nan
0,2109,2019-02-03,0.675000011920929,1.4922293424606323,0.4525555670261383,0.06523599475622177,nan,nan
0,2109,2019-02-04,0.6349999904632568,1.466214895248413,0.40102678537368774,0.0035449801944196224,nan,nan
0,2109,2019-02-05,0.6349999904632568,1.4270155429840088,0.31257984042167664,0.07688291370868683,nan,nan
0,2109,2019-02-06,0.6660000085830688,1.353654146194458,0.23813851177692413,0.06620793044567108,nan,nan
0,2109,2019-02-07,0.6779999732971191,1.3842028379440308,0.14836786687374115,0.06770303100347519,nan,nan
0,2109,2019-02-08,0.6700000166893005,1.5182520151138306,0.12324461340904236,0.0005268164095468819,nan,nan
0,2109,2019-02-09,0.6639999747276306,1.4978536367416382,0.07603040337562561,0.08435140550136566,nan,nan
0,2109,2019-02-10,0.7379999756813049,1.4190071821212769,0.055426619946956635,0.07291173934936523,nan,nan
0,2109,2019-02-11,0.7960000038146973,1.9626953601837158,0.35107651352882385,0.4229940176010132,nan,nan
0,2109,2019-02-12,0.7129999995231628,1.7128002643585205,0.20382878184318542,0.03909799084067345,nan,nan
0,2109,2019-02-13,0.6970000267028809,1.6395776271820068,0.04047635942697525,0.1033514067530632,nan,nan
0,2109,2019-02-14,0.7160000205039978,1.5695648193359375,0.02843901887536049,0.09316325932741165,nan,nan
0,2109,2019-02-15,0.7839999794960022,1.4951783418655396,0.023111753165721893,0.0793285071849823,nan,nan
0,2109,2019-02-16,0.8460000157356262,1.4958757162094116,0.017838183790445328,0.07286777347326279,nan,nan
0,2109,2019-02-17,0.9139999747276306,1.4702364206314087,0.013903987593948841,0.06355894356966019,nan,nan
0,2109,2019-02-18,0.9469999670982361,1.4563912153244019,0.011147592216730118,0.055902812629938126,nan,nan
0,2109,2019-02-19,0.9600000381469727,1.469258427619934,0.008963963948190212,0.05483270063996315,nan,nan
0,2109,2019-02-20,0.9440000057220459,1.3785357475280762,0.0072241234593093395,0.04292936623096466,nan,nan
0,2109,2019-02-21,0.9559999704360962,1.326321005821228,0.005825588013976812,0.03833059221506119,nan,nan
0,2109,2019-02-22,1.0099999904632568,1.4167639017105103,0.004690925590693951,0.04765477403998375,nan,nan
0,2109,2019-02-23,1.0089999437332153,1.440855622291565,0.0037906686775386333,0.04639943689107895,nan,nan
0,2109,2019-02-24,1.0399999618530273,1.4016509056091309,0.0030670142732560635,0.04198768362402916,nan,nan
0,2109,2019-02-25,1.1339999437332153,1.4146558046340942,0.002481046598404646,0.041218195110559464,nan,nan
0,2109,2019-02-26,1.2690000534057617,1.4358593225479126,0.001439981977455318,0.03699485957622528,nan,nan
0,2109,2019-02-27,1.3949999809265137,1.3881360292434692,0.001126596936956048,0.0242487583309412,nan,nan
0,2109,2019-02-28,1.6540000438690186,1.4706586599349976,0.0008264304487966001,0.024375800043344498,nan,nan
0,2109,2019-03-01,1.774999976158142,1.4791468381881714,0.0006911942618899047,0.012792255729436874,nan,nan
0,2109,2019-03-02,1.5399999618530273,1.9715652465820312,0.002383257495239377,0.12619130313396454,nan,nan
0,2109,2019-03-03,1.3799999952316284,1.8172508478164673,0.003420464927330613,0.050664499402046204,nan,nan
0,2109,2019-03-04,1.4470000267028809,1.6762890815734863,0.002648697467520833,0.046106744557619095,nan,nan
0,2109,2019-03-05,1.3700000047683716,1.8673263788223267,0.002905803732573986,0.00533083314076066,nan,nan
0,2109,2019-03-06,1.2660000324249268,1.6740500926971436,0.0029027657583355904,0.046598028391599655,nan,nan
0,2109,2019-03-07,1.468999981880188,1.58511483669281,0.0024805900175124407,0.04404206946492195,nan,nan
0,2109,2019-03-08,1.3869999647140503,1.75927734375,0.0027920084539800882,0.0020662015303969383,nan,nan
0,2109,2019-03-09,1.319000005722046,1.6569057703018188,0.0024762293323874474,0.04335702210664749,nan,nan
0,2109,2019-03-10,1.7649999856948853,1.8879013061523438,0.003177555976435542,0.0016733899246901274,nan,nan
0,2109,2019-03-11,1.9919999837875366,2.11169171333313,0.003275341587141156,0.0007089134305715561,nan,nan
0,2109,2019-03-12,1.5369999408721924,2.5498363971710205,0.004042481072247028,0.19192031025886536,nan,nan
0,2109,2019-03-13,1.4459999799728394,2.353734254837036,0.0037852346431463957,0.05748210474848747,nan,nan
0,2109,2019-03-14,1.3919999599456787,2.22631573677063,0.004218585789203644,0.00313268112950027,nan,nan
0,2109,2019-03-15,2.256999969482422,2.9281394481658936,0.2967378795146942,0.8506880402565002,nan,nan
0,2109,2019-03-16,2.1530001163482666,2.144491195678711,0.5815463066101074,0.1301458477973938,nan,nan
0,2109,2019-03-17,2.1470000743865967,2.2767086029052734,0.539768397808075,0.05897672474384308,nan,nan
0,2109,2019-03-18,2.0439999103546143,1.9335825443267822,0.5345940589904785,0.03175117075443268,nan,nan
0,2109,2019-03-19,1.6699999570846558,1.7513421773910522,0.49088504910469055,0.014143885113298893,nan,nan
0,2109,2019-03-20,1.4919999837875366,1.8191255331039429,0.4182179868221283,0.04114526882767677,nan,nan
0,2109,2019-03-21,1.4119999408721924,1.6556334495544434,0.347890704870224,0.03590952232480049,nan,nan
0,2109,2019-03-22,1.4500000476837158,1.6678296327590942,0.284336119890213,0.042774904519319534,nan,nan
0,2109,2019-03-23,1.5850000381469727,1.8000762462615967,0.2287847250699997,0.055774569511413574,nan,nan
0,2109,2019-03-24,1.8109999895095825,1.6751383543014526,0.1814575493335724,0.03187245875597,nan,nan
0,2109,2019-03-25,1.931999921798706,1.6513839960098267,0.14216026663780212,0.01755729876458645,nan,nan
0,2109,2019-03-26,1.6790000200271606,1.8589060306549072,0.11682610958814621,3.0410416002268903e-05,nan,nan
0,2109,2019-03-27,1.531999945640564,1.7908836603164673,0.09368354827165604,0.03747333213686943,nan,nan
0,2109,2019-03-28,1.503000020980835,1.6180224418640137,0.07223808020353317,0.029673153534531593,nan,nan
0,2109,2019-03-29,1.5720000267028809,1.5733489990234375,0.05537346005439758,0.027282841503620148,nan,nan
0,2109,2019-03-30,1.7289999723434448,1.6349912881851196,0.04257754236459732,0.028857938945293427,nan,nan
0,2109,2019-03-31,1.9270000457763672,1.6088769435882568,0.023935535922646523,0.018302548676729202,nan,nan
0,2109,2019-04-01,2.069999933242798,1.6263153553009033,0.014757086522877216,0.011104071512818336,nan,nan
0,2109,2019-04-02,2.0959999561309814,1.68825364112854,0.011569742113351822,0.00944873970001936,nan,nan
0,2109,2019-04-03,2.0829999446868896,1.7548710107803345,0.007892368361353874,0.012273664586246014,nan,nan
0,2109,2019-04-04,2.0789999961853027,3.3426363468170166,0.2824898958206177,0.6048578023910522,nan,nan
0,2109,2019-04-05,1.8220000267028809,3.6188628673553467,0.7724640965461731,0.5979134440422058,nan,nan
0,2109,2019-04-06,1.8790000677108765,1.8330748081207275,0.9034764170646667,0.03192199766635895,nan,nan
0,2109,2019-04-07,1.9800000190734863,2.1912479400634766,0.8588142395019531,0.07158296555280685,nan,nan
0,2109,2019-04-08,1.9529999494552612,2.003227710723877,0.8035663962364197,0.022143803536891937,nan,nan
0,2109,2019-04-09,2.0429999828338623,2.074838638305664,0.7382410764694214,0.049689292907714844,nan,nan
0,2109,2019-04-10,2.1010000705718994,1.8563148975372314,0.6194879412651062,0.021808264777064323,nan,nan
0,2109,2019-04-11,1.965000033378601,1.6331127882003784,0.47321081161499023,0.005893525201827288,nan,nan
0,2109,2019-04-12,1.8730000257492065,2.154266119003296,0.39776259660720825,0.05877244472503662,nan,nan
0,2109,2019-04-13,1.7920000553131104,2.0006895065307617,0.15274401009082794,0.04697231203317642,nan,nan
0,2109,2019-04-14,1.6970000267028809,1.8960999250411987,0.08120284229516983,0.024114666506648064,nan,nan
0,2109,2019-04-15,1.5870000123977661,2.0546274185180664,0.04917873069643974,0.05842804163694382,nan,nan
0,2109,2019-04-16,1.6829999685287476,2.0881600379943848,0.033671896904706955,0.08444906771183014,nan,nan
0,2109,2019-04-17,1.9739999771118164,1.901044487953186,0.023874379694461823,0.04966901242733002,nan,nan
0,2109,2019-04-18,2.6419999599456787,1.7653558254241943,0.01811177097260952,0.01822371408343315,nan,nan
0,2109,2019-04-19,2.9749999046325684,1.8790587186813354,0.013828189112246037,0.0024028264451771975,nan,nan
0,2109,2019-04-20,3.2360000610351562,1.986661672592163,0.010602809488773346,0.0004007894604001194,nan,nan
0,2109,2019-04-21,3.2990000247955322,2.039309501647949,0.008469920605421066,0.00012848115875385702,nan,nan
0,2109,2019-04-22,3.4639999866485596,2.1108059883117676,0.007693415507674217,8.418080142291728e-06,nan,nan
0,2109,2019-04-23,4.431000232696533,2.2828264236450195,0.006649189628660679,0.0002262140333186835,nan,nan
0,2109,2019-04-24,4.882999897003174,2.6349573135375977,0.00511054927483201,0.003407502779737115,nan,nan
0,2109,2019-04-25,4.820000171661377,3.15380597114563,0.004097311291843653,0.023124514147639275,nan,nan
0,2109,2019-04-26,4.88700008392334,4.000519752502441,0.005067894700914621,0.1282816082239151,nan,nan
0,2109,2019-04-27,3.821000337600708,4.783878803253174,0.010220693424344063,0.10282892733812332,nan,nan
0,2109,2019-04-28,3.3320000171661377,4.523588180541992,0.011678365990519524,0.04080744460225105,nan,nan
0,2109,2019-04-29,2.7760000228881836,3.9280171394348145,0.00924883782863617,0.12464234232902527,nan,nan
0,2109,2019-04-30,2.515000104904175,3.3696391582489014,0.006951845716685057,0.1860136091709137,nan,nan
0,2109,2019-05-01,2.6710000038146973,3.047724723815918,0.005180226173251867,0.1515968143939972,nan,nan
0,2109,2019-05-02,3.0339999198913574,2.9520583152770996,0.0040029194205999374,0.11290158331394196,nan,nan
0,2109,2019-05-03,3.369999885559082,3.2354133129119873,0.0012503922916948795,0.00299542723223567,nan,nan
0,2109,2019-05-04,3.2090001106262207,3.2305562496185303,0.0008587553747929633,0.005506516434252262,nan,nan
0,2109,2019-05-05,2.871000051498413,3.6630682945251465,0.0002343059895792976,0.0037313259672373533,nan,nan
0,2109,2019-05-06,2.5179998874664307,3.3799760341644287,0.0002701351186260581,0.06973043084144592,nan,nan
0,2109,2019-05-07,2.375999927520752,3.0663771629333496,0.0002273247519042343,0.1551622450351715,nan,nan
0,2109,2019-05-08,2.553999900817871,2.9895012378692627,0.0001914911699714139,0.15827400982379913,nan,nan
0,2109,2019-05-09,3.11299991607666,3.8255817890167236,0.0011509186588227749,0.004990711342543364,nan,nan
0,2109,2019-05-10,2.8949999809265137,3.468093156814575,0.00209542503580451,0.14935250580310822,nan,nan
0,2109,2019-05-11,3.4030001163482666,3.1703245639801025,0.0017345290398225188,0.12688608467578888,nan,nan
0,2109,2019-05-12,3.628999948501587,4.3488287925720215,0.013385700061917305,0.07338663935661316,nan,nan
0,2109,2019-05-13,2.9609999656677246,3.777862310409546,0.037266988307237625,0.15452858805656433,nan,nan
0,2109,2019-05-14,2.6600000858306885,3.5938520431518555,0.030949339270591736,0.21154525876045227,nan,nan
0,2109,2019-05-15,2.559999942779541,3.2873454093933105,0.027998492121696472,0.18421043455600739,nan,nan
0,2109,2019-05-16,2.3910000324249268,3.1752920150756836,0.023638049140572548,0.17322321236133575,nan,nan
0,2109,2019-05-17,2.61899995803833,3.1758556365966797,0.0194863174110651,0.1988588571548462,nan,nan
0,2109,2019-05-18,2.98799991607666,2.98604679107666,0.015716664493083954,0.1255723536014557,nan,nan
0,2109,2019-05-19,3.250999927520752,2.883106231689453,0.012632922269403934,0.06780080497264862,nan,nan
0,2109,2019-05-20,5.270999908447266,4.033937454223633,0.030953889712691307,0.021771186962723732,nan,nan
0,2109,2019-05-21,5.704999923706055,4.755412578582764,0.04583219066262245,0.06848466396331787,nan,nan
0,2109,2019-05-22,5.269999980926514,4.529179096221924,0.047356266528367996,0.009989337995648384,nan,nan
0,2109,2019-05-23,5.360000133514404,4.426309585571289,0.04107601195573807,0.07973101735115051,nan,nan
0,2109,2019-05-24,5.784999847412109,4.355552673339844,0.03748878464102745,0.06118377298116684,nan,nan
0,2109,2019-05-25,6.163000106811523,4.455252647399902,0.029750101268291473,0.04003998264670372,nan,nan
0,2109,2019-05-26,5.927999973297119,4.743197441101074,0.024091320112347603,0.010324454866349697,nan,nan
0,2109,2019-05-27,5.701000213623047,4.5732808113098145,0.019896486774086952,0.04293022304773331,nan,nan
0,2109,2019-05-28,8.621999740600586,4.990869045257568,0.019104529172182083,0.006142002530395985,nan,nan
0,2109,2019-05-29,7.125,6.722649097442627,0.043850742280483246,0.1710423082113266,nan,nan
0,2109,2019-05-30,5.5920000076293945,6.025154113769531,0.06731854379177094,0.14147070050239563,nan,nan
0,2109,2019-05-31,5.531000137329102,5.6483025550842285,0.061005424708127975,0.31206241250038147,nan,nan
0,2109,2019-06-01,6.796999931335449,5.372623920440674,0.051908016204833984,0.24429714679718018,nan,nan
0,2109,2019-06-02,8.472999572753906,5.335154056549072,0.050486527383327484,0.06888829916715622,nan,nan
0,2109,2019-06-03,10.072999954223633,5.458178997039795,0.05308092385530472,6.694760031678015e-06,nan,nan
0,2109,2019-06-04,11.321999549865723,5.841268062591553,0.0584297850728035,0.02999819815158844,nan,nan
0,2109,2019-06-05,12.262999534606934,6.3590288162231445,0.07551311701536179,0.06294644623994827,nan,nan
0,2109,2019-06-06,11.581000328063965,7.4643354415893555,0.09021656960248947,0.013166013173758984,nan,nan
0,2109,2019-06-07,9.616999626159668,7.745314121246338,0.0633024126291275,0.00020201811275910586,nan,nan
0,2109,2019-06-08,9.62600040435791,7.377849102020264,0.05518319830298424,0.10553964227437973,nan,nan
0,2109,2019-06-09,8.800000190734863,7.5900187492370605,0.06351013481616974,0.1451951414346695,nan,nan
0,2109,2019-06-10,11.631999969482422,7.554856300354004,0.028998401015996933,0.1940803825855255,nan,nan
0,2109,2019-06-11,16.559999465942383,13.925976753234863,0.8297637104988098,0.012566122226417065,nan,nan
0,2109,2019-06-12,11.383000373840332,12.119595527648926,0.9763725399971008,0.034478191286325455,nan,nan
0,2109,2019-06-13,10.079999923706055,9.29116439819336,0.9735153913497925,0.2038237750530243,nan,nan
0,2109,2019-06-14,10.711000442504883,8.002113342285156,0.9713379740715027,0.17118705809116364,nan,nan
0,2109,2019-06-15,15.28600025177002,9.514571189880371,0.9698789119720459,0.5111997127532959,nan,nan
0,2109,2019-06-16,13.522000312805176,14.570939064025879,0.9819988012313843,0.47964879870414734,nan,nan
0,2109,2019-06-17,10.64799976348877,11.697165489196777,0.9890797734260559,0.6675550937652588,nan,nan
0,2109,2019-06-18,10.935999870300293,8.702411651611328,0.9865060448646545,0.2549680471420288,nan,nan
0,2109,2019-06-19,12.21500015258789,10.624993324279785,0.9834699034690857,0.9125983715057373,nan,nan
0,2109,2019-06-20,12.387999534606934,13.687363624572754,0.9788302183151245,2.1438660621643066,nan,nan
0,2109,2019-06-21,10.119999885559082,12.416760444641113,0.9735735654830933,1.126590371131897,nan,nan
0,2109,2019-06-22,9.640000343322754,9.93591594696045,0.9659901261329651,0.5109212398529053,nan,nan
0,2109,2019-06-23,9.975000381469727,8.818363189697266,0.9552834630012512,0.47381696105003357,nan,nan
0,2109,2019-06-24,10.704999923706055,11.23976993560791,0.9527388215065002,1.7250264883041382,nan,nan
0,2109,2019-06-25,12.392999649047852,9.938172340393066,0.9571041464805603,0.6911178827285767,nan,nan
0,2109,2019-06-26,14.812000274658203,13.508383750915527,0.9670491814613342,2.273054838180542,nan,nan
0,2109,2019-06-27,15.126999855041504,14.732128143310547,0.9758032560348511,2.008863687515259,nan,nan
0,2109,2019-06-28,15.307999610900879,16.467395782470703,0.985271692276001,3.3655331134796143,nan,nan
0,2109,2019-06-29,13.836000442504883,16.45587158203125,0.9907929301261902,3.238992214202881,nan,nan
0,2109,2019-06-30,12.954000473022461,15.377477645874023,0.9930009841918945,3.111142873764038,nan,nan
0,2109,2019-07-01,14.373000144958496,14.00264835357666,0.9937955141067505,2.3839516639709473,nan,nan
0,2109,2019-07-02,15.910999298095703,15.430575370788574,0.9929221868515015,2.0130438804626465,nan,nan
0,2109,2019-07-03,14.277999877929688,14.475945472717285,0.9916137456893921,0.8599708080291748,nan,nan
0,2109,2019-07-04,12.383999824523926,14.51526165008545,0.9890661239624023,1.4374669790267944,nan,nan
0,2109,2019-07-05,10.506999969482422,12.165634155273438,0.9866781234741211,1.3081642389297485,nan,nan
0,2109,2019-07-06,10.906999588012695,10.376626014709473,0.9867210388183594,0.9708908200263977,nan,nan
0,2109,2019-07-07,12.340999603271484,9.223700523376465,0.9815438985824585,0.29753342270851135,nan,nan
0,2109,2019-07-08,10.883999824523926,11.105931282043457,0.9745898842811584,0.3438815772533417,nan,nan
0,2109,2019-07-09,8.87399959564209,11.632019996643066,0.9675874710083008,1.5902750492095947,nan,nan
0,2109,2019-07-10,8.02400016784668,6.793060302734375,0.8421785831451416,0.08746546506881714,nan,nan
0,2109,2019-07-11,7.267000198364258,7.1826958656311035,0.6215118169784546,0.3031447231769562,nan,nan
0,2109,2019-07-12,6.6479997634887695,6.827703952789307,0.5068033933639526,0.343938946723938,nan,nan
0,2109,2019-07-13,10.586000442504883,8.56873607635498,0.4408736228942871,0.5617154836654663,nan,nan
0,2109,2019-07-14,7.485000133514404,7.954622745513916,0.4988415837287903,0.09750068932771683,nan,nan
0,2109,2019-07-15,8.972999572753906,8.541106224060059,0.4186088442802429,0.27497410774230957,nan,nan
0,2109,2019-07-16,6.918000221252441,7.1456708908081055,0.36538824439048767,0.14017224311828613,nan,nan
0,2109,2019-07-17,6.894999980926514,6.755860328674316,0.34554916620254517,0.3943791687488556,nan,nan
0,2109,2019-07-18,6.788000106811523,6.462780475616455,0.31429323554039,0.3049767315387726,nan,nan
0,2109,2019-07-19,6.9029998779296875,6.563663005828857,0.2795533537864685,0.35812556743621826,nan,nan
0,2109,2019-07-20,7.534999370574951,6.441850662231445,0.26056769490242004,0.2971881926059723,nan,nan
0,2109,2019-07-21,8.979000091552734,6.846957206726074,0.22876526415348053,0.29679974913597107,nan,nan
0,2109,2019-07-22,8.920000076293945,6.943083763122559,0.23704710602760315,0.10125266015529633,nan,nan
0,2109,2019-07-23,9.244999885559082,7.151432037353516,0.2639484405517578,0.1484106481075287,nan,nan
0,2109,2019-07-24,10.434000015258789,7.727809906005859,0.3090815544128418,0.23545876145362854,nan,nan
0,2109,2019-07-25,10.142999649047852,8.780328750610352,0.39131680130958557,0.317656934261322,nan,nan
0,2109,2019-07-26,10.949999809265137,10.067708969116211,0.3635878264904022,0.4322505593299866,nan,nan
0,2109,2019-07-27,10.201000213623047,9.553144454956055,0.3029863238334656,0.24642188847064972,nan,nan
0,2109,2019-07-28,19.378999710083008,9.098828315734863,0.24981380999088287,0.11994962394237518,nan,nan
0,2109,2019-07-29,14.246999740600586,13.498689651489258,0.6763018369674683,0.3765922486782074,nan,nan
0,2109,2019-07-30,10.491999626159668,10.51233196258545,0.8574000000953674,0.13515238463878632,nan,nan
0,2109,2019-07-31,9.133999824523926,8.138115882873535,0.8367422819137573,0.1433764547109604,nan,nan
0,2109,2019-08-01,7.952000617980957,8.693490028381348,0.8146522045135498,0.5890933871269226,nan,nan
0,2109,2019-08-02,8.826000213623047,8.244542121887207,0.7754172682762146,0.7106377482414246,nan,nan
0,2109,2019-08-03,7.046999931335449,8.10047435760498,0.7111907005310059,0.22030293941497803,nan,nan
0,2109,2019-08-04,6.623000144958496,7.379616737365723,0.69339519739151,0.6009349822998047,nan,nan
0,2109,2019-08-05,7.078000068664551,7.235976696014404,0.6799474358558655,0.6566156148910522,nan,nan
0,2109,2019-08-06,10.312000274658203,8.63561725616455,0.6329358816146851,1.2357693910598755,nan,nan
0,2109,2019-08-07,12.628000259399414,12.879571914672852,0.7656530141830444,0.9681075811386108,nan,nan
0,2109,2019-08-08,10.52400016784668,10.766379356384277,0.7914175987243652,0.19329479336738586,nan,nan
0,2109,2019-08-09,9.45300006866455,8.13145637512207,0.8003907203674316,0.13781675696372986,nan,nan
0,2109,2019-08-10,11.993000030517578,11.18886661529541,0.7714293599128723,1.3359755277633667,nan,nan
0,2109,2019-08-11,11.071000099182129,10.71398639678955,0.709337592124939,0.49076515436172485,nan,nan
0,2109,2019-08-12,15.269000053405762,12.067917823791504,0.6356546878814697,0.8299195170402527,nan,nan
0,2109,2019-08-13,11.791999816894531,11.165162086486816,0.6494786143302917,0.00905663799494505,nan,nan
0,2109,2019-08-14,7.784000396728516,8.04155158996582,0.6467615365982056,0.015578990802168846,nan,nan
0,2109,2019-08-15,6.551000118255615,7.601253986358643,0.5972484946250916,0.4991774559020996,nan,nan
0,2109,2019-08-16,6.2769999504089355,7.838102340698242,0.5195327401161194,0.9738079309463501,nan,nan
0,2109,2019-08-17,6.176000118255615,7.733137130737305,0.4636240005493164,1.0124517679214478,nan,nan
0,2109,2019-08-18,7.452000141143799,6.8720808029174805,0.4369232654571533,0.6233257055282593,nan,nan
0,2109,2019-08-19,13.126999855041504,9.653799057006836,0.48578938841819763,0.470740407705307,nan,nan
0,2109,2019-08-20,16.41699981689453,9.839898109436035,0.5421029329299927,0.0019115399336442351,nan,nan
0,2109,2019-08-21,12.439000129699707,13.541767120361328,0.8268970251083374,0.012970752082765102,nan,nan
0,2109,2019-08-22,9.418000221252441,6.322499752044678,0.9160348176956177,0.20825804769992828,nan,nan
0,2109,2019-08-23,7.930000305175781,7.440661430358887,0.8937340378761292,0.14197716116905212,nan,nan
0,2109,2019-08-24,8.029000282287598,7.697790622711182,0.8465890288352966,0.5001970529556274,nan,nan
0,2109,2019-08-25,7.404999732971191,8.740102767944336,0.8112163543701172,0.947955310344696,nan,nan
0,2109,2019-08-26,6.7270002365112305,8.087048530578613,0.778998076915741,0.8191984295845032,nan,nan
0,2109,2019-08-27,6.853000164031982,7.154730319976807,0.6466286182403564,0.5928988456726074,nan,nan
0,2109,2019-08-28,7.5229997634887695,7.182310104370117,0.47346821427345276,0.5707069039344788,nan,nan
0,2109,2019-08-29,7.617000579833984,7.638725757598877,0.3920914828777313,0.5812686085700989,nan,nan
0,2109,2019-08-30,7.11899995803833,7.686696529388428,0.3349130153656006,0.5761014819145203,nan,nan
0,2109,2019-08-31,7.2220001220703125,7.092372894287109,0.28796377778053284,0.46841782331466675,nan,nan
0,2109,2019-09-01,6.625999927520752,6.831427097320557,0.22797256708145142,0.2734431028366089,nan,nan
0,2109,2019-09-02,8.229999542236328,7.565745830535889,0.20623400807380676,0.20955093204975128,nan,nan
0,2109,2019-09-03,6.3979997634887695,6.822100639343262,0.1802893429994583,0.0750192329287529,nan,nan
0,2109,2019-09-04,5.689000129699707,6.078206539154053,0.15669429302215576,0.28575658798217773,nan,nan
0,2109,2019-09-05,5.763000011444092,5.805487155914307,0.08741520345211029,0.3415602743625641,nan,nan
0,2109,2019-09-06,5.159999847412109,6.5003533363342285,0.11790759116411209,0.04475104436278343,nan,nan
0,2109,2019-09-07,4.482999801635742,5.9674601554870605,0.10526497662067413,0.4718974828720093,nan,nan
0,2109,2019-09-08,4.526000022888184,5.743297100067139,0.07227493077516556,0.3904331624507904,nan,nan
0,2109,2019-09-09,4.328000068664551,6.058321952819824,0.05873013287782669,0.2657276690006256,nan,nan
0,2109,2019-09-10,3.63100004196167,5.4169840812683105,0.0471581369638443,0.513961136341095,nan,nan
0,2109,2019-09-11,3.3889999389648438,4.850914001464844,0.03202534466981888,0.46899378299713135,nan,nan
0,2109,2019-09-12,3.4200000762939453,4.337982177734375,0.020448114722967148,0.34524181485176086,nan,nan
0,2109,2019-09-13,3.6670000553131104,4.050365924835205,0.015438448637723923,0.2538735866546631,nan,nan
0,2109,2019-09-14,3.7140002250671387,4.029083728790283,0.012845365330576897,0.20687134563922882,nan,nan
0,2109,2019-09-15,4.13700008392334,3.8689165115356445,0.010462152771651745,0.1624150574207306,nan,nan
0,2109,2019-09-16,4.414000034332275,4.087509632110596,0.008639884181320667,0.15090590715408325,nan,nan
0,2109,2019-09-17,4.48199987411499,4.253011703491211,0.004472906701266766,0.14824751019477844,nan,nan
0,2109,2019-09-18,4.232999801635742,4.277458667755127,0.0033485149033367634,0.1442335844039917,nan,nan
0,2109,2019-09-19,3.871000289916992,4.064525604248047,0.0016402837354689837,0.13352172076702118,nan,nan
0,2109,2019-09-20,3.490000009536743,3.9366862773895264,0.0005467041046358645,0.15521471202373505,nan,nan
0,2109,2019-09-21,3.3420000076293945,3.7377307415008545,0.0004384727799333632,0.1652487814426422,nan,nan
0,2109,2019-09-22,3.559000015258789,3.475682497024536,0.00038474079337902367,0.13038267195224762,nan,nan
0,2109,2019-09-23,4.843999862670898,4.0613603591918945,0.0005203662440180779,0.011234629899263382,nan,nan
0,2109,2019-09-24,3.2179999351501465,4.003255844116211,0.0005223219050094485,0.023079434409737587,nan,nan
0,2109,2019-09-25,3.1019999980926514,3.7362148761749268,0.00042533173109404743,0.14484667778015137,nan,nan
0,2109,2019-09-26,3.503999948501587,3.588090658187866,0.00033913974766619503,0.13700361549854279,nan,nan
0,2109,2019-09-27,3.1570000648498535,3.3882455825805664,0.0002767103142105043,0.09543721377849579,nan,nan
0,2109,2019-09-28,2.872999906539917,3.271845579147339,0.00024382772971875966,0.11423321813344955,nan,nan
0,2109,2019-09-29,2.6730000972747803,3.034414768218994,0.0002330938441446051,0.10437263548374176,nan,nan
0,2109,2019-09-30,2.7809998989105225,2.914496421813965,0.00023543510178569704,0.10590732842683792,nan,nan
0,2109,2019-10-01,2.5989999771118164,2.7959418296813965,0.00019798288121819496,0.07521845400333405,nan,nan
0,2109,2019-10-02,4.140999794006348,3.252196788787842,0.00024200405459851027,0.011761055327951908,nan,nan
0,2109,2019-10-03,3.7619998455047607,3.9732468128204346,0.0004013953439425677,0.02896830625832081,nan,nan
0,2109,2019-10-04,2.697999954223633,3.6762168407440186,0.0005953117506578565,0.11706909537315369,nan,nan
0,2109,2019-10-05,2.6489999294281006,3.5199358463287354,0.0003635679022409022,0.10535532236099243,nan,nan
0,2109,2019-10-06,2.384999990463257,3.2013604640960693,0.00024024260346777737,0.15879656374454498,nan,nan
0,2109,2019-10-07,4.0320000648498535,3.945753335952759,0.0013019206235185266,0.0013228249736130238,nan,nan
0,2109,2019-10-08,3.2850000858306885,3.4403042793273926,0.0026663292665034533,0.053212665021419525,nan,nan
0,2109,2019-10-09,6.929999828338623,2.997809410095215,0.0020367931574583054,0.05807504430413246,nan,nan
0,2109,2019-10-10,5.048999786376953,4.294960021972656,0.011005984619259834,0.5556392073631287,nan,nan
0,2109,2019-10-11,3.50600004196167,3.6968743801116943,0.02231389656662941,0.01500658504664898,nan,nan
0,2109,2019-10-12,2.9010000228881836,3.4081919193267822,0.01886531338095665,0.09860124439001083,nan,nan
0,2109,2019-10-13,2.8559999465942383,3.290811777114868,0.015665171667933464,0.15051031112670898,nan,nan
0,2109,2019-10-14,2.688999891281128,3.210484504699707,0.013061413541436195,0.13985253870487213,nan,nan
0,2109,2019-10-15,4.426000118255615,3.0839743614196777,0.010912014171481133,0.13598735630512238,nan,nan
0,2109,2019-10-16,4.954999923706055,6.600356101989746,0.5666320323944092,0.16234828531742096,nan,nan
0,2109,2019-10-17,3.4660000801086426,3.5347073078155518,0.8951889276504517,0.008989661000669003,nan,nan
0,2109,2019-10-18,2.921999931335449,3.298187732696533,0.8668069839477539,0.08472014218568802,nan,nan
0,2109,2019-10-19,2.6549999713897705,3.0406720638275146,0.8312719464302063,0.09997852891683578,nan,nan
0,2109,2019-10-20,2.7669999599456787,3.2591567039489746,0.7905271649360657,0.13775110244750977,nan,nan
0,2109,2019-10-21,4.133999824523926,2.993422031402588,0.7432601451873779,0.0383545383810997,nan,nan
0,2109,2019-10-22,4.434999942779541,3.6227002143859863,0.7250792980194092,0.015536915510892868,nan,nan
0,2109,2019-10-23,3.8010001182556152,2.9440724849700928,0.6905883550643921,0.0006282969261519611,nan,nan
0,2109,2019-10-24,3.615000009536743,2.3052260875701904,0.6308721899986267,0.0014326723758131266,nan,nan
0,2109,2019-10-25,3.000999927520752,2.1391122341156006,0.5685669779777527,0.009874114766716957,nan,nan
0,2109,2019-10-26,2.308000087738037,3.00962495803833,0.5020650625228882,0.08638594299554825,nan,nan
0,2109,2019-10-27,2.0439999103546143,2.573683261871338,0.43634676933288574,0.08794510364532471,nan,nan
0,2109,2019-10-28,2.5190000534057617,2.7499189376831055,0.3715249300003052,0.1526748687028885,nan,nan
0,2109,2019-10-29,5.440000057220459,3.224334716796875,0.6028280854225159,0.08670713007450104,nan,nan
0,2109,2019-10-30,4.423999786376953,3.7128939628601074,0.6429361701011658,0.02049694024026394,nan,nan
0,2109,2019-10-31,3.4590001106262207,2.393881320953369,0.5702300667762756,0.040957219898700714,nan,nan
0,2109,2019-11-01,2.8239998817443848,2.7032721042633057,0.49027562141418457,0.013696879148483276,nan,nan
0,2109,2019-11-02,3.0950000286102295,2.835871934890747,0.40200215578079224,0.009647537022829056,nan,nan
0,2109,2019-11-03,2.806999921798706,2.5380947589874268,0.33865442872047424,0.006469913758337498,nan,nan
0,2109,2019-11-04,2.492000102996826,2.896289587020874,0.3004952669143677,0.004921016748994589,nan,nan
0,2109,2019-11-05,2.303999900817871,2.9192793369293213,0.19970320165157318,0.026450932025909424,nan,nan
0,2109,2019-11-06,2.259999990463257,2.8932738304138184,0.14928069710731506,0.008611253462731838,nan,nan
0,2109,2019-11-07,2.0460000038146973,2.5788872241973877,0.12648198008537292,0.049123432487249374,nan,nan
0,2109,2019-11-08,2.1419999599456787,2.9533958435058594,0.2043609470129013,0.08461263030767441,nan,nan
0,2109,2019-11-09,1.9270000457763672,3.022174596786499,0.2069724053144455,0.006487067323178053,nan,nan
0,2109,2019-11-10,1.7710000276565552,2.675084352493286,0.19683821499347687,0.15222705900669098,nan,nan
0,2109,2019-11-11,1.6619999408721924,2.2428061962127686,0.15728703141212463,0.09029307216405869,nan,nan
0,2109,2019-11-12,1.5989999771118164,2.0746326446533203,0.13073770701885223,0.029574258252978325,nan,nan
0,2109,2019-11-13,1.468000054359436,2.078362464904785,0.10467636585235596,0.07898934930562973,nan,nan
0,2109,2019-11-14,1.378999948501587,1.83433198928833,0.013804806396365166,0.0587286613881588,nan,nan
0,2109,2019-11-15,1.902999997138977,2.8969929218292236,0.17195214331150055,0.5720275044441223,nan,nan
0,2109,2019-11-16,1.6089999675750732,2.1855902671813965,0.4448569416999817,0.01003925409168005,nan,nan
0,2109,2019-11-17,1.5010000467300415,2.020787239074707,0.383192777633667,0.03286400064826012,nan,nan
0,2109,2019-11-18,1.4240000247955322,2.7935478687286377,0.8527489900588989,0.3839333951473236,nan,nan
0,2109,2019-11-19,1.3209999799728394,1.8707605600357056,0.9300346970558167,0.05882171913981438,nan,nan
0,2109,2019-11-20,1.2760000228881836,1.658518671989441,0.904130220413208,0.03880155459046364,nan,nan
0,2109,2019-11-21,1.2699999809265137,1.7710198163986206,0.8668345808982849,0.06693302094936371,nan,nan
0,2109,2019-11-22,1.2419999837875366,1.3793264627456665,0.8282252550125122,0.02100961282849312,nan,nan
0,2109,2019-11-23,1.815999984741211,1.4975405931472778,0.78240567445755,0.020764615386724472,nan,nan
0,2109,2019-11-24,1.8980000019073486,1.61552095413208,0.7489956021308899,0.02463044412434101,nan,nan
0,2109,2019-11-25,1.7970000505447388,1.6884796619415283,0.7018269300460815,0.005742564797401428,nan,nan
0,2109,2019-11-26,1.7680000066757202,1.713366150856018,0.6371502876281738,0.020432470366358757,nan,nan
0,2109,2019-11-27,1.9070000648498535,1.7239699363708496,0.48881950974464417,0.009526366367936134,nan,nan
0,2109,2019-11-28,1.7869999408721924,1.9574300050735474,0.45730873942375183,0.030551303178071976,nan,nan
0,2109,2019-11-29,1.815999984741211,2.0988566875457764,0.4380907416343689,0.005985007155686617,nan,nan
0,2109,2019-11-30,1.8020000457763672,2.287566900253296,0.6724105477333069,0.30446958541870117,nan,nan
0,2109,2019-12-01,1.5809999704360962,1.7604155540466309,0.742973268032074,0.02549039199948311,nan,nan
0,2109,2019-12-02,1.4900000095367432,1.7253472805023193,0.6999498605728149,0.0020204626489430666,nan,nan
0,2109,2019-12-03,1.3480000495910645,1.649611234664917,0.635897159576416,0.0163155198097229,nan,nan
0,2109,2019-12-04,1.2799999713897705,1.6608569622039795,0.5618354082107544,0.04671023413538933,nan,nan
0,2109,2019-12-05,1.2259999513626099,1.7319355010986328,0.48233044147491455,0.061194609850645065,nan,nan
0,2109,2019-12-06,1.1640000343322754,1.6534264087677002,0.3937072157859802,0.05544033646583557,nan,nan
0,2109,2019-12-07,1.1360000371932983,1.5934947729110718,0.2776165008544922,0.052898604422807693,nan,nan
0,2109,2019-12-08,1.0950000286102295,1.5149048566818237,0.21907959878444672,0.04558491334319115,nan,nan
0,2109,2019-12-09,1.1050000190734863,1.525404930114746,0.15603666007518768,0.0412253700196743,nan,nan
0,2109,2019-12-10,1.0670000314712524,1.9029561281204224,0.7365532517433167,0.7343778014183044,nan,nan
0,2109,2019-12-11,1.0269999504089355,1.4015655517578125,0.8887984752655029,0.03739070147275925,nan,nan
0,2109,2019-12-12,0.9940000772476196,1.57843816280365,0.8821297883987427,0.00013232877245172858,nan,nan
0,2109,2019-12-13,0.9940000772476196,1.716840386390686,0.8542441129684448,0.04774251952767372,nan,nan
0,2109,2019-12-14,1.0579999685287476,1.5246330499649048,0.8618213534355164,0.37389904260635376,nan,nan
0,2109,2019-12-15,1.1080000400543213,1.6469902992248535,0.8393982648849487,0.067975252866745,nan,nan
0,2109,2019-12-16,1.1130000352859497,1.4617571830749512,0.790436327457428,0.0415918342769146,nan,nan
0,2109,2019-12-17,1.6629999876022339,1.5639468431472778,0.5758509039878845,0.053306106477975845,nan,nan
0,2109,2019-12-18,1.6510000228881836,1.5760267972946167,0.3614136874675751,0.018640749156475067,nan,nan
0,2109,2019-12-19,1.4210000038146973,1.6047844886779785,0.30359137058258057,0.020168974995613098,nan,nan
0,2109,2019-12-20,1.4600000381469727,1.5879554748535156,0.25079211592674255,0.031212525442242622,nan,nan
0,2109,2019-12-21,1.597000002861023,1.8601807355880737,0.281012624502182,0.034173645079135895,nan,nan
0,2109,2019-12-22,1.437999963760376,1.8964855670928955,0.27624067664146423,0.005163264460861683,nan,nan
0,2109,2019-12-23,1.3949999809265137,1.9054126739501953,0.5074930787086487,0.3309621810913086,nan,nan
0,2109,2019-12-24,1.8509998321533203,1.8799967765808105,0.5715736746788025,0.07964231073856354,nan,nan
0,2109,2019-12-25,1.937999963760376,2.205845832824707,0.6983677744865417,0.26231250166893005,nan,nan
0,2109,2019-12-26,1.534000039100647,1.6350489854812622,0.7420763969421387,0.01119950134307146,nan,nan
0,2109,2019-12-27,1.5839999914169312,1.632335901260376,0.7060333490371704,0.003313155844807625,nan,nan
0,2109,2019-12-28,1.3990000486373901,1.5837857723236084,0.7730972766876221,0.23498761653900146,nan,nan
0,2109,2019-12-29,1.253000020980835,1.6040875911712646,0.7393432855606079,0.03676657751202583,nan,nan
0,2109,2019-12-30,1.2089999914169312,1.536793828010559,0.5889511704444885,0.039594925940036774,nan,nan
0,2109,2019-12-31,1.1480000019073486,1.4898746013641357,0.5103324055671692,0.03760312870144844,nan,nan
0,2109,2020-01-01,1.0950000286102295,1.3683854341506958,0.4325249195098877,0.02942042239010334,nan,nan
0,2109,2020-01-02,1.0449999570846558,1.409544587135315,0.3591899871826172,0.03686562180519104,nan,nan
0,2109,2020-01-03,1.0089999437332153,1.3749489784240723,0.2925855219364166,0.03661077469587326,nan,nan
0,2109,2020-01-04,0.9730000495910645,1.3233634233474731,0.2334996610879898,0.033708762377500534,nan,nan
0,2109,2020-01-05,0.9259999990463257,1.3591041564941406,0.18447595834732056,0.03985187038779259,nan,nan
0,2109,2020-01-06,0.8980000019073486,1.220718502998352,0.14558051526546478,0.028964020311832428,nan,nan
0,2109,2020-01-07,0.8799999952316284,1.3225210905075073,0.11511286348104477,0.04112763702869415,nan,nan
0,2109,2020-01-08,0.8479999899864197,1.2658119201660156,0.030025796964764595,0.036295656114816666,nan,nan
0,2109,2020-01-09,0.8349999785423279,1.3197221755981445,0.00860887486487627,0.04443224519491196,nan,nan
0,2109,2020-01-10,0.8190000057220459,1.258827567100525,0.006380640435963869,0.03860826417803764,nan,nan
0,2109,2020-01-11,0.7789999842643738,1.3126332759857178,0.004650485701858997,0.03808115795254707,nan,nan
0,2109,2020-01-12,0.7440000176429749,1.2540059089660645,0.0018618088215589523,0.042016636580228806,nan,nan
0,2109,2020-01-13,0.7409999966621399,1.2424697875976562,0.0008386396802961826,0.04324980080127716,nan,nan
0,2109,2020-01-14,0.7200000286102295,1.2321865558624268,0.0006769906030967832,0.04230917617678642,nan,nan
0,2109,2020-01-15,0.722000002861023,1.2063543796539307,0.0005535057280212641,0.04094000160694122,nan,nan
0,2109,2020-01-16,0.7070000171661377,1.239216685295105,0.0004570871533360332,0.04449199512600899,nan,nan
0,2109,2020-01-17,0.7239999771118164,1.2290478944778442,0.0003811352653428912,0.04443197697401047,nan,nan
0,2109,2020-01-18,0.7440000176429749,1.6124475002288818,0.001136039150878787,0.04862045869231224,nan,nan
0,2109,2020-01-19,0.6320000290870667,1.4378594160079956,0.0013623174745589495,0.06819937378168106,nan,nan
0,2109,2020-01-20,0.6259999871253967,1.3438531160354614,0.0010568464640527964,0.0642409399151802,nan,nan
0,2109,2020-01-21,0.6299999952316284,1.2163976430892944,0.0006418906850740314,0.04907277598977089,nan,nan
0,2109,2020-01-22,0.6710000038146973,1.1851054430007935,0.0004469935956876725,0.04507384076714516,nan,nan
0,2109,2020-01-23,0.6499999761581421,1.182384729385376,0.0003106291696894914,0.041774798184633255,nan,nan
0,2109,2020-01-24,0.6420000195503235,1.1617841720581055,0.00012237922055646777,0.040988948196172714,nan,nan
0,2109,2020-01-25,0.6299999952316284,1.1989781856536865,0.00010955285688396543,0.04578813910484314,nan,nan
0,2109,2020-01-26,0.6169999837875366,1.1761515140533447,7.045749225653708e-05,0.04404490813612938,nan,nan
0,2109,2020-01-27,0.6060000061988831,1.1577030420303345,3.819905032287352e-05,0.042899806052446365,nan,nan
0,2109,2020-01-28,0.6309999823570251,1.2168704271316528,3.965129144489765e-05,0.01952563226222992,nan,nan
0,2109,2020-01-29,0.6330000162124634,1.7841564416885376,0.0005739439511671662,0.17005226016044617,nan,nan
0,2109,2020-01-30,0.6209999918937683,1.8064162731170654,0.0011454025516286492,0.0025846678763628006,nan,nan
0,2109,2020-01-31,0.9010000228881836,1.7690380811691284,0.001262823585420847,0.013271346688270569,nan,nan
0,2109,2020-02-01,0.9220000505447388,1.6367830038070679,0.0011817471822723746,0.0828375443816185,nan,nan
0,2109,2020-02-02,1.9520000219345093,1.5864219665527344,0.0010234396904706955,0.06093766540288925,nan,nan
0,2109,2020-02-03,5.880000114440918,2.5900816917419434,0.13140994310379028,0.9660370349884033,nan,nan
0,2109,2020-02-04,4.00600004196167,2.652752161026001,0.3143139183521271,0.570175051689148,nan,nan
0,2109,2020-02-05,2.503999948501587,1.9253778457641602,0.7111072540283203,1.618491291999817,nan,nan
0,2109,2020-02-06,1.9119999408721924,1.8165804147720337,0.8361579775810242,0.0011765183880925179,nan,nan
0,2109,2020-02-07,1.628999948501587,1.347436785697937,0.7896002531051636,0.0010298913111910224,nan,nan
0,2109,2020-02-08,1.4620000123977661,1.2400740385055542,0.7357277274131775,0.002746208570897579,nan,nan
0,2109,2020-02-09,1.3179999589920044,1.1814839839935303,0.6736369729042053,0.004314889665693045,nan,nan
0,2109,2020-02-10,1.7039999961853027,1.3170918226242065,0.6037721037864685,0.015218555927276611,nan,nan
0,2109,2020-02-11,1.715999960899353,1.3806451559066772,0.5289092659950256,0.001237021409906447,nan,nan
0,2109,2020-02-12,1.4240000247955322,1.3696843385696411,0.4562467634677887,0.0020016441121697426,nan,nan
0,2109,2020-02-13,1.3209999799728394,1.3112897872924805,0.3877522051334381,0.011593230068683624,nan,nan
0,2109,2020-02-14,1.4579999446868896,1.694430947303772,0.7793902158737183,0.5613818168640137,nan,nan
0,2109,2020-02-15,1.2970000505447388,1.3025885820388794,0.8677516579627991,0.00843371357768774,nan,nan
0,2109,2020-02-16,1.2799999713897705,1.4770013093948364,0.7996457815170288,0.030627721920609474,nan,nan
0,2109,2020-02-17,1.4240000247955322,1.2987757921218872,0.7194754481315613,0.016762802377343178,nan,nan
0,2109,2020-02-18,1.4559999704360962,1.2412588596343994,0.6781588792800903,0.011412459425628185,nan,nan
0,2109,2020-02-19,1.2940000295639038,1.1039011478424072,0.6191613078117371,0.0020812158472836018,nan,nan
0,2109,2020-02-20,1.2039999961853027,1.4274406433105469,0.630974292755127,0.04792876914143562,nan,nan
0,2109,2020-02-21,1.1269999742507935,1.244568109512329,0.5974506735801697,0.016388889402151108,nan,nan
0,2109,2020-02-22,1.0700000524520874,1.4770675897598267,0.5238916277885437,0.04193585366010666,nan,nan
0,2109,2020-02-23,1.1710000038146973,1.4927266836166382,0.4498874247074127,0.04797063395380974,nan,nan
0,2109,2020-02-24,1.4950000047683716,1.4423741102218628,0.38294801115989685,0.03520776331424713,nan,nan
0,2109,2020-02-25,1.4520000219345093,1.5853182077407837,0.3174513578414917,0.02884340099990368,nan,nan
0,2109,2020-02-26,1.3109999895095825,1.712453842163086,0.2755328416824341,0.0018057760316878557,nan,nan
0,2109,2020-02-27,1.2120000123977661,1.912348747253418,0.48609650135040283,0.3695344626903534,nan,nan
0,2109,2020-02-28,1.1640000343322754,2.069603681564331,0.6465534567832947,0.32369786500930786,nan,nan
0,2109,2020-02-29,1.2319999933242798,1.5274111032485962,0.7180349826812744,0.04494793340563774,nan,nan
0,2109,2020-03-01,1.409999966621399,1.5761195421218872,0.6805543303489685,3.1918680178932846e-05,nan,nan
0,2109,2020-03-02,1.375,1.7032833099365234,0.6262469291687012,0.007447859738022089,nan,nan
0,2109,2020-03-03,1.3630000352859497,1.909379243850708,0.6643474102020264,0.370845228433609,nan,nan
0,2109,2020-03-04,1.194000005722046,1.691235899925232,0.6354284286499023,0.04903003200888634,nan,nan
0,2109,2020-03-05,1.2519999742507935,1.6158511638641357,0.47463661432266235,0.04452686384320259,nan,nan
0,2109,2020-03-06,1.3849999904632568,2.0605380535125732,0.5041189789772034,0.0899684876203537,nan,nan
0,2109,2020-03-07,1.222000002861023,1.6048827171325684,0.5222326517105103,0.013023189269006252,nan,nan
0,2109,2020-03-08,1.1150000095367432,1.5902372598648071,0.44977688789367676,0.040066368877887726,nan,nan
0,2109,2020-03-09,1.1410000324249268,1.647863507270813,0.39641815423965454,0.011921449564397335,nan,nan
0,2109,2020-03-10,1.590999960899353,1.7706462144851685,0.3612739145755768,0.0005729035474359989,nan,nan
0,2109,2020-03-11,4.301000118255615,2.354506015777588,0.9480013251304626,1.2816352844238281,nan,nan
0,2109,2020-03-12,3.6579999923706055,1.3752230405807495,0.988752543926239,0.1432720273733139,nan,nan
0,2109,2020-03-13,4.436999797821045,1.7212176322937012,0.9854711294174194,0.13460229337215424,nan,nan
0,2109,2020-03-14,3.1549999713897705,1.6240177154541016,0.9659953713417053,0.11195540428161621,nan,nan
0,2109,2020-03-15,2.5179998874664307,1.2225099802017212,0.9328866004943848,0.04817413538694382,nan,nan
0,2109,2020-03-16,2.259999990463257,1.5528719425201416,0.9085023403167725,0.00032627725158818066,nan,nan
0,2109,2020-03-17,2.181999921798706,1.194406270980835,0.8765365481376648,0.004966852255165577,nan,nan
0,2109,2020-03-18,2.2750000953674316,1.89229416847229,0.8312950730323792,0.017726048827171326,nan,nan
0,2109,2020-03-19,2.4560000896453857,1.7941821813583374,0.7723261117935181,0.008127906359732151,nan,nan
0,2109,2020-03-20,2.4839999675750732,1.659261703491211,0.6878546476364136,0.0004729784559458494,nan,nan
0,2109,2020-03-21,2.390000104904175,1.6485638618469238,0.6004708409309387,0.0019492125138640404,nan,nan
0,2109,2020-03-22,2.3529999256134033,1.7696685791015625,0.5234578251838684,0.004013592377305031,nan,nan
0,2109,2020-03-23,2.255000114440918,1.8044263124465942,0.44582849740982056,0.006286949384957552,nan,nan
0,2109,2020-03-24,2.1070001125335693,1.7537579536437988,0.3706265091896057,0.006831416394561529,nan,nan
0,2109,2020-03-25,1.904999852180481,1.5763007402420044,0.30142757296562195,0.00363067165017128,nan,nan
0,2109,2020-03-26,1.7139999866485596,1.7051231861114502,0.24559414386749268,0.017076704651117325,nan,nan
0,2109,2020-03-27,1.6119999885559082,1.6083017587661743,0.1600196808576584,0.018976695835590363,nan,nan
0,2109,2020-03-28,1.6069999933242798,1.6288076639175415,0.11793068796396255,0.02598271146416664,nan,nan
0,2109,2020-03-29,1.6360000371932983,1.6459490060806274,0.056087642908096313,0.027799738571047783,nan,nan
0,2109,2020-03-30,1.524999976158142,1.9992424249649048,0.060468290001153946,0.00773610407486558,nan,nan
0,2109,2020-03-31,1.3949999809265137,2.0710020065307617,0.05345598980784416,0.07352642714977264,nan,nan
0,2109,2020-04-01,1.3270000219345093,1.9592641592025757,0.02485537901520729,0.08359257131814957,nan,nan
0,2109,2020-04-02,1.3530000448226929,1.9008705615997314,0.012000937014818192,0.08130025118589401,nan,nan
0,2109,2020-04-03,1.4010000228881836,1.870858907699585,0.009701964445412159,0.07420825213193893,nan,nan
0,2109,2020-04-04,1.465000033378601,1.8279386758804321,0.0054283663630485535,0.06366909295320511,nan,nan
0,2109,2020-04-05,1.6030000448226929,1.788665771484375,0.0035387114621698856,0.053100261837244034,nan,nan
0,2109,2020-04-06,1.784999966621399,1.8551698923110962,0.0029587168246507645,0.05034714192152023,nan,nan
0,2109,2020-04-07,1.9780000448226929,1.8980321884155273,0.002488397993147373,0.04169418290257454,nan,nan
0,2109,2020-04-08,2.180999994277954,2.089437246322632,0.0022762820590287447,0.04951008781790733,nan,nan
0,2109,2020-04-09,2.4089999198913574,2.026099681854248,0.00022755004465579987,0.02881014719605446,nan,nan
0,2109,2020-04-10,2.5940001010894775,2.1900670528411865,7.700205969740637e-06,0.03043554164469242,nan,nan
0,2109,2020-04-11,2.7709999084472656,2.2165043354034424,7.080957857397152e-06,0.02228204905986786,nan,nan
0,2109,2020-04-12,2.88100004196167,2.2093677520751953,7.108326826710254e-06,0.013536695390939713,nan,nan
0,2109,2020-04-13,2.8350000381469727,2.189450263977051,7.763034773233812e-06,0.00840367004275322,nan,nan
0,2109,2020-04-14,2.7890000343322754,2.234421730041504,7.606607141497079e-06,0.012536020949482918,nan,nan
0,2109,2020-04-15,2.690000057220459,2.118389129638672,9.002364095067605e-06,0.007820324040949345,nan,nan
0,2109,2020-04-16,2.7820000648498535,2.1159701347351074,9.817829777603038e-06,0.011046644300222397,nan,nan
0,2109,2020-04-17,3.0139999389648438,2.14772891998291,1.036022058542585e-05,0.009534355252981186,nan,nan
0,2109,2020-04-18,3.421999931335449,2.2444798946380615,1.1137093679280952e-05,0.006950590293854475,nan,nan
0,2109,2020-04-19,3.6589999198913574,2.4237253665924072,1.070267262548441e-05,0.0036898497492074966,nan,nan
0,2109,2020-04-20,3.9560000896453857,2.506974220275879,1.076348235073965e-05,0.0017572750803083181,nan,nan
0,2109,2020-04-21,4.211999893188477,2.585886240005493,1.0399340681033209e-05,0.00013025118096265942,nan,nan
0,2109,2020-04-22,3.997000217437744,2.6236987113952637,9.910348126140889e-06,0.0005338307237252593,nan,nan
0,2109,2020-04-23,3.7769999504089355,2.5831570625305176,1.1583843843254726e-05,1.2203242476971354e-05,nan,nan
0,2109,2020-04-24,3.615000009536743,2.5640366077423096,1.3730095815844834e-05,0.0013540475629270077,nan,nan
0,2109,2020-04-25,3.546999931335449,2.600277900695801,1.604623867024202e-05,0.005627766717225313,nan,nan
0,2109,2020-04-26,3.680000066757202,2.746927499771118,1.5024920685391407e-05,0.015657538548111916,nan,nan
0,2109,2020-04-27,3.9600000381469727,3.2598562240600586,1.890521525638178e-05,0.0006442663143388927,nan,nan
0,2109,2020-04-28,4.468999862670898,3.2953848838806152,1.4842727068753447e-05,0.01664305105805397,nan,nan
0,2109,2020-04-29,4.979000091552734,4.657552242279053,0.0004301064764149487,0.15225614607334137,nan,nan
0,2109,2020-04-30,3.80899977684021,4.121849536895752,0.002108139218762517,0.06271540373563766,nan,nan
0,2109,2020-05-01,3.26200008392334,4.171767234802246,0.0027518821880221367,0.04302763193845749,nan,nan
0,2109,2020-05-02,3.2790000438690186,4.510359287261963,0.0036884257569909096,0.027016649022698402,nan,nan
0,2109,2020-05-03,3.3469998836517334,4.431854724884033,0.0040229023434221745,0.07319379597902298,nan,nan
0,2109,2020-05-04,3.1010000705718994,3.83555006980896,0.004480187315493822,0.20991483330726624,nan,nan
0,2109,2020-05-05,5.239999771118164,3.9441521167755127,0.004511428531259298,0.07350124418735504,nan,nan
0,2109,2020-05-06,5.519000053405762,4.466647624969482,0.0048024291172623634,5.5907257774379104e-06,nan,nan
0,2109,2020-05-07,4.534999847412109,4.245486259460449,0.005167870782315731,0.035934049636125565,nan,nan
0,2109,2020-05-08,4.540999889373779,4.027819633483887,0.004821615293622017,0.09153848141431808,nan,nan
0,2109,2020-05-09,5.283999919891357,3.8966262340545654,0.004742270801216364,0.070645771920681,nan,nan
0,2109,2020-05-10,7.176000118255615,4.72883415222168,0.004496526904404163,0.026925481855869293,nan,nan
0,2109,2020-05-11,6.769999980926514,4.891720294952393,0.0046433620154857635,0.00429243128746748,nan,nan
0,2109,2020-05-12,6.359000205993652,5.641453742980957,0.006709879729896784,0.007295504212379456,nan,nan
0,2109,2020-05-13,5.514999866485596,5.2640061378479,0.007853882387280464,0.10225072503089905,nan,nan
0,2109,2020-05-14,5.250999927520752,5.1681599617004395,0.006928427144885063,0.11671873927116394,nan,nan
0,2109,2020-05-15,4.770999908447266,4.744165897369385,0.0059423306956887245,0.1385415494441986,nan,nan
0,2109,2020-05-16,4.491000175476074,4.491820335388184,0.00493523059412837,0.1501895934343338,nan,nan
0,2109,2020-05-17,4.932000160217285,4.583438396453857,0.004164449870586395,0.1213805228471756,nan,nan
0,2109,2020-05-18,4.86299991607666,4.144524574279785,0.004476928152143955,0.07013454288244247,nan,nan
0,2109,2020-05-19,4.980999946594238,3.9492897987365723,0.004634350072592497,0.05007077008485794,nan,nan
0,2109,2020-05-20,5.103000164031982,3.953110456466675,0.005306755658239126,0.041677363216876984,nan,nan
0,2109,2020-05-21,5.186999797821045,3.995314121246338,0.006418927107006311,0.03774595633149147,nan,nan
0,2109,2020-05-22,5.2129998207092285,4.045779705047607,0.007802413776516914,0.03737126663327217,nan,nan
0,2109,2020-05-23,7.123000144958496,4.126148223876953,0.010372095741331577,0.04436982423067093,nan,nan
0,2109,2020-05-24,6.784999847412109,5.778320789337158,0.026085326448082924,0.0920131579041481,nan,nan
0,2109,2020-05-25,5.034999847412109,5.539048671722412,0.05890628695487976,0.1024419441819191,nan,nan
0,2109,2020-05-26,4.715000152587891,4.906747817993164,0.0593145415186882,0.20636503398418427,nan,nan
0,2109,2020-05-27,4.617000102996826,4.795910835266113,0.05984857678413391,0.2305125892162323,nan,nan
0,2109,2020-05-28,4.461999893188477,4.263192653656006,0.038796886801719666,0.12409241497516632,nan,nan
0,2109,2020-05-29,4.202000141143799,4.189460754394531,0.022112438455224037,0.12911739945411682,nan,nan
0,2109,2020-05-30,3.930999994277954,3.878037691116333,0.022597793489694595,0.1024455651640892,nan,nan
0,2109,2020-05-31,3.430000066757202,3.779127359390259,0.018082886934280396,0.11599734425544739,nan,nan
0,2109,2020-06-01,3.5350000858306885,3.577373504638672,0.01676245592534542,0.13939903676509857,nan,nan
0,2109,2020-06-02,4.0279998779296875,3.503838539123535,0.013283752836287022,0.11220278590917587,nan,nan
0,2109,2020-06-03,4.427000045776367,3.433689594268799,0.012741390615701675,0.05270623788237572,nan,nan
0,2109,2020-06-04,6.083000183105469,3.8505687713623047,0.010645984672009945,0.03591017425060272,nan,nan
0,2109,2020-06-05,5.408999919891357,6.386923789978027,0.10459835082292557,0.1552421748638153,nan,nan
0,2109,2020-06-06,4.1570000648498535,5.521535873413086,0.27979210019111633,0.3093053102493286,nan,nan
0,2109,2020-06-07,4.739999771118164,5.204928398132324,0.2350987195968628,0.3566608428955078,nan,nan
0,2109,2020-06-08,4.704999923706055,5.484302997589111,0.20222966372966766,0.1155271828174591,nan,nan
0,2109,2020-06-09,5.322999954223633,6.62368631362915,0.22505083680152893,0.12418870627880096,nan,nan
0,2109,2020-06-10,8.729000091552734,8.004135131835938,0.329205185174942,0.12110944837331772,nan,nan
0,2109,2020-06-11,6.080999851226807,7.104217052459717,0.38005530834198,0.04227110743522644,nan,nan
0,2109,2020-06-12,5.540999889373779,6.109671592712402,0.32847076654434204,0.35833877325057983,nan,nan
0,2109,2020-06-13,5.447000026702881,5.831789493560791,0.2845485806465149,0.3813023567199707,nan,nan
0,2109,2020-06-14,5.640999794006348,6.100114345550537,0.2352653443813324,0.31062012910842896,nan,nan
0,2109,2020-06-15,6.0279998779296875,5.839327335357666,0.1837834268808365,0.2729373574256897,nan,nan
0,2109,2020-06-16,6.136000156402588,6.106790542602539,0.14189794659614563,0.30859556794166565,nan,nan
0,2109,2020-06-17,7.794000625610352,6.28272819519043,0.11702731996774673,0.11319315433502197,nan,nan
0,2109,2020-06-18,7.716000080108643,6.564328670501709,0.10690508782863617,0.005428199656307697,nan,nan
0,2109,2020-06-19,7.882999897003174,6.906519412994385,0.08743798732757568,0.05042200908064842,nan,nan
0,2109,2020-06-20,6.177000045776367,6.927777290344238,0.07211504876613617,0.1586035043001175,nan,nan
0,2109,2020-06-21,5.973999977111816,6.715810775756836,0.05757252499461174,0.5039546489715576,nan,nan
0,2109,2020-06-22,5.676000118255615,5.882945537567139,0.03448561206459999,0.30872398614883423,nan,nan
0,2109,2020-06-23,5.953000068664551,5.330924987792969,0.027192167937755585,0.20933674275875092,nan,nan
0,2109,2020-06-24,6.64900016784668,5.295809268951416,0.030965959653258324,0.1595916450023651,nan,nan
0,2109,2020-06-25,7.298999786376953,5.596707820892334,0.03389269858598709,0.1292872577905655,nan,nan
0,2109,2020-06-26,8.130000114440918,5.718849182128906,0.033233288675546646,0.07786131650209427,nan,nan
0,2109,2020-06-27,7.936000347137451,6.120439052581787,0.031578224152326584,0.058995530009269714,nan,nan
0,2109,2020-06-28,7.517000675201416,6.3353705406188965,0.02721485123038292,0.09934602677822113,nan,nan
0,2109,2020-06-29,13.92300033569336,8.582175254821777,0.08183252066373825,0.024386977776885033,nan,nan
0,2109,2020-06-30,10.168999671936035,9.284128189086914,0.23100759088993073,0.004104213789105415,nan,nan
0,2109,2020-07-01,11.364999771118164,8.408533096313477,0.281594455242157,0.2588721215724945,nan,nan
0,2109,2020-07-02,13.770000457763672,11.64931583404541,0.520281195640564,0.15070132911205292,nan,nan
0,2109,2020-07-03,16.73699951171875,12.37449836730957,0.5833089351654053,0.16277770698070526,nan,nan
0,2109,2020-07-04,10.973999977111816,11.745054244995117,0.5457955598831177,0.07146288454532623,nan,nan
0,2109,2020-07-05,9.711000442504883,10.095471382141113,0.47541239857673645,0.6840376853942871,nan,nan
0,2109,2020-07-06,9.08899974822998,8.983625411987305,0.5212736129760742,0.5557705760002136,nan,nan
0,2109,2020-07-07,7.553999900817871,9.20960521697998,0.5434325337409973,0.8388459086418152,nan,nan
0,2109,2020-07-08,7.318999767303467,8.655000686645508,0.5705339312553406,1.0683479309082031,nan,nan
0,2109,2020-07-09,7.423999786376953,7.2311553955078125,0.5615702271461487,0.4722146987915039,nan,nan
0,2109,2020-07-10,8.817999839782715,8.15815258026123,0.5549219250679016,0.8484700322151184,nan,nan
0,2109,2020-07-11,14.468000411987305,15.126482963562012,0.8893967866897583,2.0174500942230225,nan,nan
0,2109,2020-07-12,8.246000289916992,12.710203170776367,0.9724407196044922,0.859696090221405,nan,nan
0,2109,2020-07-13,7.534999370574951,7.015166759490967,0.9740176200866699,0.2172738015651703,nan,nan
0,2109,2020-07-14,6.76800012588501,6.719447135925293,0.9678534865379333,0.2601872980594635,nan,nan
0,2109,2020-07-15,5.795000076293945,6.92342472076416,0.9590822458267212,0.48980724811553955,nan,nan
0,2109,2020-07-16,6.263999938964844,5.955550193786621,0.9404663443565369,0.3360885679721832,nan,nan
0,2109,2020-07-17,9.656000137329102,6.447617053985596,0.9154630899429321,0.3363809585571289,nan,nan
0,2109,2020-07-18,8.060999870300293,7.171906471252441,0.9036495685577393,0.06863632798194885,nan,nan
0,2109,2020-07-19,6.855000019073486,7.948291778564453,0.8975816965103149,0.5662581920623779,nan,nan
0,2109,2020-07-20,6.875999927520752,8.872790336608887,0.8897244930267334,1.4768152236938477,nan,nan
0,2109,2020-07-21,7.495999813079834,8.889747619628906,0.8911393880844116,1.4791001081466675,nan,nan
0,2109,2020-07-22,13.795999526977539,11.479331016540527,0.8723565936088562,2.2599551677703857,nan,nan
0,2109,2020-07-23,14.388999938964844,14.54446792602539,0.9497107267379761,0.2697928845882416,nan,nan
0,2109,2020-07-24,10.300999641418457,11.616633415222168,0.9833337664604187,0.41391363739967346,nan,nan
0,2109,2020-07-25,9.081000328063965,10.93433666229248,0.9836435914039612,0.7494256496429443,nan,nan
0,2109,2020-07-26,8.211999893188477,6.966312408447266,0.9841704368591309,0.09404707700014114,nan,nan
0,2109,2020-07-27,8.175999641418457,8.580608367919922,0.9817129969596863,0.8067348003387451,nan,nan
0,2109,2020-07-28,10.50100040435791,9.471102714538574,0.9729195833206177,1.3153207302093506,nan,nan
0,2109,2020-07-29,13.519000053405762,10.579212188720703,0.9617553353309631,0.3949424922466278,nan,nan
0,2109,2020-07-30,11.156000137329102,11.004973411560059,0.9712673425674438,0.39583462476730347,nan,nan
0,2109,2020-07-31,11.11299991607666,11.59613037109375,0.9543473124504089,1.448848843574524,nan,nan
0,2109,2020-08-01,10.911999702453613,10.574767112731934,0.96014803647995,0.8708575963973999,nan,nan
0,2109,2020-08-02,10.998000144958496,10.95596694946289,0.9455544352531433,1.08663010597229,nan,nan
0,2109,2020-08-03,15.289999008178711,13.515071868896484,0.9386019110679626,1.64128577709198,nan,nan
0,2109,2020-08-04,13.592000007629395,15.569581985473633,0.9911850094795227,0.057446833699941635,nan,nan
0,2109,2020-08-05,8.838000297546387,9.348213195800781,0.9967488050460815,0.013905171304941177,nan,nan
0,2109,2020-08-06,7.519000053405762,6.30131721496582,0.9958754181861877,0.028290102258324623,nan,nan
0,2109,2020-08-07,7.0929999351501465,7.291605472564697,0.9948301911354065,0.447059690952301,nan,nan
0,2109,2020-08-08,7.276000022888184,10.124134063720703,0.9936853051185608,2.292783260345459,nan,nan
0,2109,2020-08-09,7.719999313354492,9.724576950073242,0.9821626543998718,1.8862383365631104,nan,nan
0,2109,2020-08-10,7.9079999923706055,8.52297592163086,0.9647341966629028,0.9382172226905823,nan,nan
0,2109,2020-08-11,8.682999610900879,9.496889114379883,0.9475314617156982,1.4190452098846436,nan,nan
0,2109,2020-08-12,8.70300006866455,11.580212593078613,0.9353035092353821,2.6641430854797363,nan,nan
0,2109,2020-08-13,9.42300033569336,10.935386657714844,0.9142608046531677,1.600929856300354,nan,nan
0,2109,2020-08-14,10.89799976348877,12.785770416259766,0.9038735032081604,1.61154043674469,nan,nan
0,2109,2020-08-15,8.644000053405762,11.466806411743164,0.8918919563293457,1.1074802875518799,nan,nan
0,2109,2020-08-16,7.993000030517578,7.6837334632873535,0.8753038048744202,0.33459505438804626,nan,nan
0,2109,2020-08-17,10.91100025177002,10.005163192749023,0.8461792469024658,1.0737977027893066,nan,nan
0,2109,2020-08-18,8.975000381469727,8.320130348205566,0.81304931640625,0.015772372484207153,nan,nan
0,2109,2020-08-19,8.380999565124512,6.9608988761901855,0.7608792781829834,0.06471489369869232,nan,nan
0,2109,2020-08-20,8.831000328063965,7.878279685974121,0.7245941758155823,0.4589139521121979,nan,nan
0,2109,2020-08-21,9.456000328063965,8.130705833435059,0.5897907018661499,0.4453873634338379,nan,nan
0,2109,2020-08-22,8.965999603271484,8.486008644104004,0.40109866857528687,0.4286138117313385,nan,nan
0,2109,2020-08-23,7.071000099182129,8.1827974319458,0.3095637261867523,0.4328620135784149,nan,nan
0,2109,2020-08-24,5.697999954223633,7.135261535644531,0.2721821367740631,0.4963012933731079,nan,nan
0,2109,2020-08-25,5.118000030517578,6.52589225769043,0.22279973328113556,0.6067590713500977,nan,nan
0,2109,2020-08-26,5.809999942779541,6.102571487426758,0.18522481620311737,0.5855984091758728,nan,nan
0,2109,2020-08-27,5.3979997634887695,5.6682000160217285,0.16512276232242584,0.27655288577079773,nan,nan
0,2109,2020-08-28,5.465000152587891,5.209464073181152,0.12396164983510971,0.2238549441099167,nan,nan
0,2109,2020-08-29,8.628000259399414,5.96869421005249,0.12077350914478302,0.08340764045715332,nan,nan
0,2109,2020-08-30,11.331000328063965,8.177021026611328,0.2488180547952652,0.015203428454697132,nan,nan
0,2109,2020-08-31,7.335000038146973,12.386338233947754,0.7372148036956787,0.0008185625192709267,nan,nan
0,2109,2020-09-01,6.019999980926514,5.660353660583496,0.8993724584579468,0.04821097478270531,nan,nan
0,2109,2020-09-02,5.168000221252441,5.6533732414245605,0.7697298526763916,0.23531128466129303,nan,nan
0,2109,2020-09-03,4.561999797821045,6.103399276733398,0.5312667489051819,0.5726210474967957,nan,nan
0,2109,2020-09-04,4.775000095367432,5.620802402496338,0.43692532181739807,0.5349900722503662,nan,nan
0,2109,2020-09-05,5.400000095367432,5.331148624420166,0.36425405740737915,0.3785994350910187,nan,nan
0,2109,2020-09-06,5.158999919891357,5.419576644897461,0.3015487790107727,0.28087317943573,nan,nan
0,2109,2020-09-07,5.458000183105469,5.527980804443359,0.24319802224636078,0.17373837530612946,nan,nan
0,2109,2020-09-08,4.63700008392334,5.602737903594971,0.19309712946414948,0.3245331645011902,nan,nan
0,2109,2020-09-09,4.644000053405762,5.147158145904541,0.14982621371746063,0.3473668396472931,nan,nan
0,2109,2020-09-10,4.910999774932861,4.921821117401123,0.11695283651351929,0.27753642201423645,nan,nan
0,2109,2020-09-11,5.164999961853027,5.060282230377197,0.0868668258190155,0.2680862545967102,nan,nan
0,2109,2020-09-12,5.203999996185303,4.782541751861572,0.05824340879917145,0.1581738293170929,nan,nan
0,2109,2020-09-13,5.061999797821045,4.376594066619873,0.04152855649590492,0.07861687988042831,nan,nan
0,2109,2020-09-14,5.142000198364258,4.2524824142456055,0.03097810037434101,0.0736905112862587,nan,nan
0,2109,2020-09-15,5.047999858856201,4.266551971435547,0.02311026118695736,0.06827060133218765,nan,nan
0,2109,2020-09-16,5.125,4.149538516998291,0.01850884221494198,0.06046169623732567,nan,nan
0,2109,2020-09-17,4.5970001220703125,4.133774757385254,0.014186535961925983,0.05203907564282417,nan,nan
0,2109,2020-09-18,4.659999847412109,4.08369255065918,0.010980436578392982,0.0941932201385498,nan,nan
0,2109,2020-09-19,4.478000164031982,4.133273601531982,0.008372333832085133,0.09571443498134613,nan,nan
0,2109,2020-09-20,4.195000171661377,4.23238468170166,0.005955872125923634,0.13307566940784454,nan,nan
0,2109,2020-09-21,3.858999729156494,4.3248114585876465,0.004468233790248632,0.07272537052631378,nan,nan
0,2109,2020-09-22,3.6640000343322754,3.952202320098877,0.003413215046748519,0.16023758053779602,nan,nan
0,2109,2020-09-23,4.046999931335449,3.7573161125183105,0.0025715187657624483,0.0779644176363945,nan,nan
0,2109,2020-09-24,3.7069997787475586,3.5987212657928467,0.0019334446405991912,0.07353508472442627,nan,nan
0,2109,2020-09-25,3.7889997959136963,3.9787392616271973,0.0020868885330855846,0.008610235527157784,nan,nan
0,2109,2020-09-26,2.825000047683716,4.929169178009033,0.004534549079835415,0.00042411801405251026,nan,nan
0,2109,2020-09-27,2.302999973297119,4.062352180480957,0.006304601207375526,0.37365037202835083,nan,nan
0,2109,2020-09-28,2.1730000972747803,3.5334408283233643,0.004468233790248632,0.3121148943901062,nan,nan
0,2109,2020-09-29,3.315999984741211,3.4526004791259766,0.0027633337303996086,0.05482492968440056,nan,nan
0,2109,2020-09-30,3.009000062942505,3.4135968685150146,0.0006443788879550993,0.05440574511885643,nan,nan
0,2109,2020-10-01,2.5989999771118164,3.236185312271118,0.0005304872756823897,0.12544578313827515,nan,nan
0,2109,2020-10-02,5.263000011444092,3.0597031116485596,0.0004359892918728292,0.1410151571035385,nan,nan
0,2109,2020-10-03,24.37700080871582,11.853278160095215,0.9999756813049316,0.8046268820762634,nan,nan
0,2109,2020-10-04,7.921999931335449,14.408742904663086,0.9999997615814209,1.9610264301300049,nan,nan
0,2109,2020-10-05,5.479000091552734,4.664727687835693,0.9999998807907104,0.06225552409887314,nan,nan
0,2109,2020-10-06,4.74399995803833,7.086071968078613,0.9999997615814209,0.7754244804382324,nan,nan
0,2109,2020-10-07,4.552999973297119,5.150308609008789,0.9999996423721313,0.027762293815612793,nan,nan
0,2109,2020-10-08,3.6519999504089355,4.5089826583862305,0.9999995231628418,0.18170858919620514,nan,nan
0,2109,2020-10-09,3.38700008392334,4.5320329666137695,0.9999991655349731,0.3532606065273285,nan,nan
0,2109,2020-10-10,3.4519999027252197,2.214609384536743,0.9999985694885254,9.900242002913728e-05,nan,nan
0,2109,2020-10-11,3.4619998931884766,2.9465489387512207,0.9999982118606567,0.10716016590595245,nan,nan
0,2109,2020-10-12,3.0390000343322754,2.5500361919403076,0.9999973773956299,0.004958131350576878,nan,nan
0,2109,2020-10-13,2.7070000171661377,2.8249495029449463,0.9999955892562866,0.0561668686568737,nan,nan
0,2109,2020-10-14,2.4609999656677246,2.8830039501190186,0.9999924898147583,0.09476270526647568,nan,nan
0,2109,2020-10-15,2.371999979019165,3.63449764251709,0.9999874830245972,0.31194859743118286,nan,nan
0,2109,2020-10-16,2.2890000343322754,3.1506669521331787,0.9999816417694092,0.023936394602060318,nan,nan
0,2109,2020-10-17,2.188999891281128,1.8611483573913574,0.9999711513519287,0.011221644468605518,nan,nan
0,2109,2020-10-18,2.061000108718872,1.3156551122665405,0.9999520778656006,0.000627237546723336,nan,nan
0,2109,2020-10-19,1.9229999780654907,2.271374464035034,0.9999207258224487,0.06630775332450867,nan,nan
0,2109,2020-10-20,1.8359999656677246,4.291714191436768,0.9998674392700195,0.6915353536605835,nan,nan
0,2109,2020-10-21,2.127000093460083,3.4599575996398926,0.9997794032096863,0.3849134147167206,nan,nan
0,2109,2020-10-22,2.240000009536743,3.33030366897583,0.9996383190155029,0.28535500168800354,nan,nan
0,2109,2020-10-23,3.0209999084472656,3.4104301929473877,0.9994114637374878,0.2289370447397232,nan,nan
0,2109,2020-10-24,3.808000087738037,3.235490083694458,0.9994840621948242,0.0924919843673706,nan,nan
0,2109,2020-10-25,2.765000104904175,1.6492277383804321,0.9993321299552917,0.048111896961927414,nan,nan
0,2109,2020-10-26,2.865999937057495,1.7312451601028442,0.998793363571167,0.018427757546305656,nan,nan
0,2109,2020-10-27,2.7070000171661377,3.0575051307678223,0.9995379447937012,0.4870196580886841,nan,nan
0,2109,2020-10-28,2.6480000019073486,2.3409664630889893,0.999626874923706,0.02668987773358822,nan,nan
0,2109,2020-10-29,2.8350000381469727,2.863996982574463,0.9994126558303833,0.05335494503378868,nan,nan
0,2109,2020-10-30,2.759000062942505,3.116494655609131,0.999062716960907,0.09633343666791916,nan,nan
0,2109,2020-10-31,2.4549999237060547,2.3935303688049316,0.998542070388794,0.02841787412762642,nan,nan
0,2109,2020-11-01,2.303999900817871,2.208444356918335,0.7656363248825073,0.02938079833984375,nan,nan
0,2109,2020-11-02,2.885999917984009,2.450593948364258,0.0771331787109375,0.06956471502780914,nan,nan
0,2109,2020-11-03,3.1449999809265137,2.4849483966827393,0.018864590674638748,0.029319601133465767,nan,nan
0,2109,2020-11-04,3.1080000400543213,3.034376621246338,0.022535543888807297,0.005238860845565796,nan,nan
0,2109,2020-11-05,2.4579999446868896,2.6979711055755615,0.019485410302877426,0.02955109253525734,nan,nan
0,2109,2020-11-06,2.2339999675750732,2.4535019397735596,0.014429857954382896,0.05644747242331505,nan,nan
0,2109,2020-11-07,2.0250000953674316,2.4344613552093506,0.011672974564135075,0.07377347350120544,nan,nan
0,2109,2020-11-08,1.86899995803833,2.3403446674346924,0.009471364319324493,0.07985015213489532,nan,nan
0,2109,2020-11-09,1.7640000581741333,2.1434764862060547,0.00591941038146615,0.06568822264671326,nan,nan
0,2109,2020-11-10,1.6649999618530273,2.002516508102417,0.004475746303796768,0.05584124103188515,nan,nan
0,2109,2020-11-11,1.5670000314712524,1.9423482418060303,0.003603458870202303,0.05629176273941994,nan,nan
0,2109,2020-11-12,1.4850000143051147,1.8391505479812622,0.002993994392454624,0.05122197046875954,nan,nan
0,2109,2020-11-13,1.402999997138977,1.8383595943450928,0.002472904045134783,0.057821303606033325,nan,nan
0,2109,2020-11-14,1.347000002861023,1.749456524848938,0.0018634948646649718,0.0531831756234169,nan,nan
0,2109,2020-11-15,1.2970000505447388,1.743019461631775,0.0014562078285962343,0.05696089565753937,nan,nan
0,2109,2020-11-16,1.3969999551773071,1.9025970697402954,0.0015041729202494025,0.0051607792265713215,nan,nan
0,2109,2020-11-17,1.2719999551773071,1.7701090574264526,0.0013821712927892804,0.05170072615146637,nan,nan
0,2109,2020-11-18,1.2130000591278076,1.6724660396575928,0.0011676369467750192,0.05409736931324005,nan,nan
0,2109,2020-11-19,1.2719999551773071,1.6774208545684814,0.0009812659118324518,0.05966508015990257,nan,nan
0,2109,2020-11-20,1.2910000085830688,1.9543976783752441,0.0014192077796906233,0.0032821123022586107,nan,nan
0,2109,2020-11-21,1.1410000324249268,1.8866311311721802,0.0015497200656682253,0.07614314556121826,nan,nan
0,2109,2020-11-22,1.1299999952316284,1.7344741821289062,0.0008556755492463708,0.07420003414154053,nan,nan
0,2109,2020-11-23,1.1050000190734863,1.6563162803649902,0.0004772427782882005,0.06403330713510513,nan,nan
0,2109,2020-11-24,1.0520000457763672,1.6928294897079468,0.00043119743349961936,0.0714828372001648,nan,nan
0,2109,2020-11-25,1.0160000324249268,1.5805597305297852,0.00010487836698302999,0.060555599629879,nan,nan
0,2109,2020-11-26,0.9700000286102295,1.4918142557144165,2.2084244847064838e-05,0.05208699405193329,nan,nan
0,2109,2020-11-27,0.9419999718666077,1.4177137613296509,2.0491874238359742e-05,0.0467025488615036,nan,nan
0,2109,2020-11-28,0.8960000276565552,1.3618656396865845,1.923129275382962e-05,0.042356595396995544,nan,nan
0,2109,2020-11-29,0.8510000109672546,1.3101954460144043,1.802151200536173e-05,0.039917878806591034,nan,nan
0,2109,2020-11-30,0.7979999780654907,1.2856171131134033,1.7095064322347753e-05,0.04039345309138298,nan,nan
0,2109,2020-12-01,0.8040000200271606,1.3015302419662476,1.6411726392107084e-05,0.04245571419596672,nan,nan
0,2109,2020-12-02,0.7730000019073486,1.7072679996490479,0.00015427361358888447,0.0847029983997345,nan,nan
0,2109,2020-12-03,0.746999979019165,1.4808601140975952,0.00027023194706998765,0.05963505432009697,nan,nan
0,2109,2020-12-04,0.7639999985694885,1.3329030275344849,0.00022273023205343634,0.052119914442300797,nan,nan
0,2109,2020-12-05,0.781000018119812,1.7942243814468384,0.001805324456654489,0.13642814755439758,nan,nan
0,2109,2020-12-06,0.8040000200271606,2.7053627967834473,0.060001060366630554,0.5799677968025208,nan,nan
0,2109,2020-12-07,0.7639999985694885,2.6913580894470215,0.16221211850643158,0.0015124200144782662,nan,nan
0,2109,2020-12-08,0.7200000286102295,2.3306972980499268,0.15563757717609406,0.044205497950315475,nan,nan
0,2109,2020-12-09,0.7360000014305115,2.1029627323150635,0.13669733703136444,0.052792612463235855,nan,nan
0,2109,2020-12-10,0.6809999942779541,2.036538600921631,0.1269272416830063,0.02082497999072075,nan,nan
0,2109,2020-12-11,0.675000011920929,1.7779755592346191,0.10574403405189514,0.12884308397769928,nan,nan
0,2109,2020-12-12,0.7110000252723694,1.5935120582580566,0.08204388618469238,0.08567530661821365,nan,nan
0,2109,2020-12-13,0.753000020980835,1.9714969396591187,0.2759147584438324,0.17709515988826752,nan,nan
0,2109,2020-12-14,0.7269999980926514,1.6423600912094116,0.37685635685920715,0.09427276253700256,nan,nan
0,2109,2020-12-15,0.7919999957084656,1.507894515991211,0.2986203134059906,0.08019600808620453,nan,nan
0,2109,2020-12-16,0.8349999785423279,1.4816821813583374,0.23523209989070892,0.06215106323361397,nan,nan
0,2109,2020-12-17,0.7990000247955322,1.5315406322479248,0.1850012242794037,0.07328995317220688,nan,nan
0,2109,2020-12-18,0.7799999713897705,1.526426911354065,0.1436905711889267,0.07597223669290543,nan,nan
0,2109,2020-12-19,0.7730000019073486,1.3524291515350342,0.09944170713424683,0.05363621935248375,nan,nan
0,2109,2020-12-20,0.7540000081062317,1.2688578367233276,0.0711359977722168,0.044130437076091766,nan,nan
0,2109,2020-12-21,0.7609999775886536,1.277517318725586,0.053593579679727554,0.046550337225198746,nan,nan
0,2109,2020-12-22,2.259000062942505,1.5938445329666138,0.10943982005119324,0.10494454205036163,nan,nan
0,2109,2020-12-23,1.7680000066757202,1.5286691188812256,0.12936028838157654,0.00042782886885106564,nan,nan
0,2109,2020-12-24,2.3259999752044678,1.7779090404510498,0.14435386657714844,0.03434165567159653,nan,nan
0,2109,2020-12-25,1.8179999589920044,1.929365634918213,0.13222280144691467,0.036947693675756454,nan,nan
0,2109,2020-12-26,1.4220000505447388,1.9304813146591187,0.12000103294849396,0.01267004944384098,nan,nan
0,2109,2020-12-27,1.2649999856948853,1.7226375341415405,0.09905330091714859,0.04839516803622246,nan,nan
0,2109,2020-12-28,1.2200000286102295,1.575342059135437,0.07380687445402145,0.04300520941615105,nan,nan
0,2109,2020-12-29,1.1089999675750732,1.5108836889266968,0.05959145352244377,0.005891329143196344,nan,nan
0,2109,2020-12-30,0.9969999194145203,1.4378178119659424,0.046025414019823074,0.03087889775633812,nan,nan
0,2109,2020-12-31,0.9380000233650208,1.28323233127594,0.02556685358285904,0.027861572802066803,nan,nan
0,2126,2018-10-19,0.29899999499320984,0.7198639512062073,0.0004548677534330636,0.020925767719745636,nan,nan
0,2126,2018-10-20,0.28700000047683716,0.7673391103744507,0.00039065134478732944,0.024501550942659378,nan,nan
0,2126,2018-10-21,0.29600000381469727,0.7740865349769592,0.00033024526783265173,0.02574959583580494,nan,nan
0,2126,2018-10-22,0.36000001430511475,0.7837833762168884,0.0002801086811814457,0.026092231273651123,nan,nan
0,2126,2018-10-23,0.29600000381469727,0.7077146768569946,0.0001483360683778301,0.016802078112959862,nan,nan
0,2126,2018-10-24,0.2939999997615814,0.651811957359314,9.391447383677587e-05,0.015777582302689552,nan,nan
0,2126,2018-10-25,0.3019999861717224,0.6372548937797546,8.474814239889383e-05,0.014883158728480339,nan,nan
0,2126,2018-10-26,0.3310000002384186,0.6524717211723328,7.444511720677838e-05,0.015559619292616844,nan,nan
0,2126,2018-10-27,0.6990000009536743,0.7596065998077393,6.768273306079209e-05,0.00886525772511959,nan,nan
0,2126,2018-10-28,0.722000002861023,1.2940078973770142,0.0007946827099658549,0.27336373925209045,nan,nan
0,2126,2018-10-29,0.7429999709129333,1.2215585708618164,0.0016670909244567156,0.014323459938168526,nan,nan
0,2126,2018-10-30,1.2630000114440918,1.4184242486953735,0.0016770525835454464,0.04731863737106323,nan,nan
0,2126,2018-10-31,0.4880000054836273,1.2441480159759521,0.0014124115696176887,0.003745544468984008,nan,nan
0,2126,2018-11-01,0.3529999852180481,1.043495774269104,0.0011807165574282408,0.03944830968976021,nan,nan
0,2126,2018-11-02,0.3409999907016754,1.0042269229888916,0.0010062605142593384,0.04475655406713486,nan,nan
0,2126,2018-11-03,0.32600000500679016,0.9234280586242676,0.0008583258604630828,0.0367354080080986,nan,nan
0,2126,2018-11-04,0.32199999690055847,0.9120045900344849,0.0007343121105805039,0.03655017167329788,nan,nan
0,2126,2018-11-05,0.3230000138282776,0.9016522169113159,0.0006271910388022661,0.035744912922382355,nan,nan
0,2126,2018-11-06,0.3179999887943268,0.8845619559288025,0.0005384047399275005,0.03394302725791931,nan,nan
0,2126,2018-11-07,0.31700000166893005,0.8913746476173401,0.00047719228314235806,0.034956254065036774,nan,nan
0,2126,2018-11-08,0.382999986410141,0.9659897089004517,0.0004120894009247422,0.043035849928855896,nan,nan
0,2126,2018-11-09,0.3009999990463257,0.9300673604011536,0.0003551012778189033,0.03464079275727272,nan,nan
0,2126,2018-11-10,0.30300000309944153,0.901086688041687,0.00030579903977923095,0.037089042365550995,nan,nan
0,2126,2018-11-11,0.3230000138282776,0.8564949631690979,0.0002650311216711998,0.03243507444858551,nan,nan
0,2126,2018-11-12,0.3140000104904175,0.8673222064971924,0.00023120314290281385,0.03223595768213272,nan,nan
0,2126,2018-11-13,0.3370000123977661,0.8349080681800842,0.00020160629355814308,0.02968594804406166,nan,nan
0,2126,2018-11-14,0.3190000057220459,0.8992398977279663,0.0001792766706785187,0.024997275322675705,nan,nan
0,2126,2018-11-15,0.31700000166893005,0.8752449154853821,0.0001588169252499938,0.03326991945505142,nan,nan
0,2126,2018-11-16,0.3179999887943268,0.8657101988792419,0.00014224306505639106,0.03245589882135391,nan,nan
0,2126,2018-11-17,0.31700000166893005,0.848421573638916,0.00012879926362074912,0.03072107397019863,nan,nan
0,2126,2018-11-18,0.31200000643730164,0.8065834045410156,0.00011515803635120392,0.026916058734059334,nan,nan
0,2126,2018-11-19,0.3190000057220459,0.7703260779380798,0.00010441605263622478,0.024045852944254875,nan,nan
0,2126,2018-11-20,0.31200000643730164,0.733571469783783,9.607804531697184e-05,0.014876741915941238,nan,nan
0,2126,2018-11-21,0.3059999942779541,0.6894934773445129,8.690510003361851e-05,0.017706286162137985,nan,nan
0,2126,2018-11-22,0.30799999833106995,0.6809768676757812,7.857481978135183e-05,0.017370453104376793,nan,nan
0,2126,2018-11-23,0.30399999022483826,0.731357216835022,7.111630839062855e-05,0.021071501076221466,nan,nan
0,2126,2018-11-24,0.3050000071525574,0.7743533849716187,6.430611392715946e-05,0.0233418270945549,nan,nan
0,2126,2018-11-25,0.3009999990463257,0.880847156047821,6.0427173593780026e-05,0.034735966473817825,nan,nan
0,2126,2018-11-26,0.30799999833106995,0.8647705912590027,2.252743433928117e-05,0.031290631741285324,nan,nan
0,2126,2018-11-27,0.5450000166893005,1.0069648027420044,1.212840561493067e-05,0.0008516105590388179,nan,nan
0,2126,2018-11-28,0.3269999921321869,1.0025750398635864,9.156660780718084e-06,0.009649408981204033,nan,nan
0,2126,2018-11-29,0.3070000112056732,0.942352831363678,6.460942131525371e-06,0.039707183837890625,nan,nan
0,2126,2018-11-30,0.335999995470047,0.9259462952613831,5.9738699746958446e-06,0.03932352364063263,nan,nan
0,2126,2018-12-01,0.3310000002384186,1.015824794769287,6.98529447618057e-06,0.011083562858402729,nan,nan
0,2126,2018-12-02,0.5189999938011169,1.015209674835205,7.1841095632407814e-06,0.047697585076093674,nan,nan
0,2126,2018-12-03,4.486999988555908,1.907553791999817,0.0010765355546027422,0.3167668282985687,nan,nan
0,2126,2018-12-04,3.822999954223633,2.6187803745269775,0.003110550343990326,0.37758320569992065,nan,nan
0,2126,2018-12-05,2.4089999198913574,2.794581174850464,0.0033626039512455463,0.034956809133291245,nan,nan
0,2126,2018-12-06,1.6670000553131104,2.650005340576172,0.003035526955500245,0.02406281977891922,nan,nan
0,2126,2018-12-07,1.2519999742507935,2.2373733520507812,0.002544474322348833,0.09318039566278458,nan,nan
0,2126,2018-12-08,2.114000082015991,2.3494045734405518,0.0026232555974274874,0.032085906714200974,nan,nan
0,2126,2018-12-09,3.8630001544952393,2.328368902206421,0.002359256613999605,0.0017921001417562366,nan,nan
0,2126,2018-12-10,3.9560000896453857,2.72590970993042,0.0032498289365321398,0.14446264505386353,nan,nan
0,2126,2018-12-11,2.303999900817871,2.564410924911499,0.0032967785373330116,0.018465211614966393,nan,nan
0,2126,2018-12-12,1.5609999895095825,2.083981513977051,0.0027426769956946373,0.026883183047175407,nan,nan
0,2126,2018-12-13,1.1649999618530273,1.7371437549591064,0.0022435691207647324,0.039843007922172546,nan,nan
0,2126,2018-12-14,0.9110000133514404,1.5976094007492065,0.0018347810255363584,0.05333417281508446,nan,nan
0,2126,2018-12-15,0.7559999823570251,1.3846304416656494,0.0015071737580001354,0.047275759279727936,nan,nan
0,2126,2018-12-16,0.7749999761581421,1.402292251586914,0.0019381919410079718,0.0038738714065402746,nan,nan
0,2126,2018-12-17,0.6909999847412109,1.1724761724472046,0.0019055851735174656,0.02601083181798458,nan,nan
0,2126,2018-12-18,0.625,1.1051114797592163,0.0016004994977265596,0.029348041862249374,nan,nan
0,2126,2018-12-19,0.6159999966621399,1.0404765605926514,0.0013424161588773131,0.030092593282461166,nan,nan
0,2126,2018-12-20,0.7739999890327454,1.0812515020370483,0.0011670353123918176,0.014862322248518467,nan,nan
0,2126,2018-12-21,2.0739998817443848,1.1103894710540771,0.0009696055203676224,0.027809904888272285,nan,nan
0,2126,2018-12-22,5.796000003814697,1.607750415802002,0.002025207970291376,0.17854617536067963,nan,nan
0,2126,2018-12-23,4.3979997634887695,2.4044928550720215,0.0025538087356835604,0.4996156692504883,nan,nan
0,2126,2018-12-24,13.621999740600586,5.566289901733398,0.057858120650053024,0.2008625566959381,nan,nan
0,2126,2018-12-25,5.474999904632568,6.599742412567139,0.2730262875556946,0.6266287565231323,nan,nan
0,2126,2018-12-26,3.2090001106262207,4.0303263664245605,0.29305970668792725,0.019237389788031578,nan,nan
0,2126,2018-12-27,2.305000066757202,3.1604671478271484,0.23450453579425812,0.08914125710725784,nan,nan
0,2126,2018-12-28,1.784999966621399,2.3771934509277344,0.1860797107219696,0.059339433908462524,nan,nan
0,2126,2018-12-29,1.409999966621399,2.3745124340057373,0.1475265771150589,0.11148077249526978,nan,nan
0,2126,2018-12-30,1.2070000171661377,2.116102457046509,0.1173483207821846,0.08128923922777176,nan,nan
0,2126,2018-12-31,1.2430000305175781,2.0600318908691406,0.09212849289178848,0.07116836309432983,nan,nan
0,2126,2019-01-01,1.0740000009536743,1.785614252090454,0.040201157331466675,0.047776445746421814,nan,nan
0,2126,2019-01-02,1.0829999446868896,1.6992841958999634,0.02803812548518181,0.026509618386626244,nan,nan
0,2126,2019-01-03,0.9200000166893005,1.526355504989624,0.021551065146923065,0.040384020656347275,nan,nan
0,2126,2019-01-04,0.8059999942779541,1.4358787536621094,0.017185775563120842,0.04597964510321617,nan,nan
0,2126,2019-01-05,0.8119999766349792,1.2808533906936646,0.013639324344694614,0.0422348752617836,nan,nan
0,2126,2019-01-06,1.25600004196167,1.7854799032211304,0.03354719653725624,0.07095068693161011,nan,nan
0,2126,2019-01-07,1.3899999856948853,1.8101729154586792,0.03866543248295784,0.0008360965875908732,nan,nan
0,2126,2019-01-08,1.5410000085830688,1.7910338640213013,0.03042118065059185,0.023822864517569542,nan,nan
0,2126,2019-01-09,1.7929999828338623,1.9250093698501587,0.027705824002623558,0.0003169852134305984,nan,nan
0,2126,2019-01-10,1.475000023841858,2.1037235260009766,0.026874948292970657,0.001277740579098463,nan,nan
0,2126,2019-01-11,1.3279999494552612,2.515505790710449,0.033704571425914764,0.0004584063426591456,nan,nan
0,2126,2019-01-12,1.3350000381469727,2.193289279937744,0.03194244205951691,0.06513500958681107,nan,nan
0,2126,2019-01-13,6.630000114440918,2.6863083839416504,0.04298049211502075,0.0047225202433764935,nan,nan
0,2126,2019-01-14,13.47599983215332,8.535040855407715,0.20491330325603485,0.02259177714586258,nan,nan
0,2126,2019-01-15,6.620999813079834,7.568652629852295,0.39921221137046814,0.2900121808052063,nan,nan
0,2126,2019-01-16,4.056000232696533,4.010934352874756,0.3980599045753479,0.004512369632720947,nan,nan
0,2126,2019-01-17,3.440999984741211,3.213752508163452,0.32775604724884033,0.027162769809365273,nan,nan
0,2126,2019-01-18,3.3559999465942383,3.8955423831939697,0.2794845998287201,0.06611835211515427,nan,nan
0,2126,2019-01-19,2.7119998931884766,3.3346102237701416,0.22741931676864624,0.10255084931850433,nan,nan
0,2126,2019-01-20,2.2739999294281006,2.546348810195923,0.15885169804096222,0.04769829288125038,nan,nan
0,2126,2019-01-21,1.946000099182129,2.4497008323669434,0.11093825101852417,0.07223155349493027,nan,nan
0,2126,2019-01-22,1.7649999856948853,2.022585153579712,0.045419901609420776,0.04406348615884781,nan,nan
0,2126,2019-01-23,1.593999981880188,1.802223563194275,0.013926350511610508,0.032983507961034775,nan,nan
0,2126,2019-01-24,1.3869999647140503,1.6216007471084595,0.008802621625363827,0.026367442682385445,nan,nan
0,2126,2019-01-25,1.2389999628067017,1.564097285270691,0.0069158500991761684,0.025403819978237152,nan,nan
0,2126,2019-01-26,1.1610000133514404,1.4031891822814941,0.005449111573398113,0.025801006704568863,nan,nan
0,2126,2019-01-27,1.246000051498413,1.2925329208374023,0.004227825906127691,0.022082433104515076,nan,nan
0,2126,2019-01-28,1.3509999513626099,1.5046730041503906,0.003717648098245263,0.000411563174566254,nan,nan
0,2126,2019-01-29,1.2209999561309814,1.6962796449661255,0.003055407665669918,0.00963120348751545,nan,nan
0,2126,2019-01-30,1.1759999990463257,1.6454516649246216,0.0024417380336672068,0.05483194813132286,nan,nan
0,2126,2019-01-31,1.1050000190734863,1.5541406869888306,0.001887061051093042,0.04716910794377327,nan,nan
0,2126,2019-02-01,1.065000057220459,1.5271332263946533,0.0015028256457298994,0.03866541385650635,nan,nan
0,2126,2019-02-02,1.0269999504089355,1.5999479293823242,0.0012046415358781815,0.04856802523136139,nan,nan
0,2126,2019-02-03,1.9919999837875366,2.2527835369110107,0.0024770682211965322,0.0023690066300332546,nan,nan
0,2126,2019-02-04,1.6729999780654907,2.7762503623962402,0.0029973981436342,0.019605077803134918,nan,nan
0,2126,2019-02-05,1.4579999446868896,2.30753493309021,0.0031548715196549892,0.11217080056667328,nan,nan
0,2126,2019-02-06,1.3309999704360962,2.0152359008789062,0.0024281402584165335,0.08604343980550766,nan,nan
0,2126,2019-02-07,1.9520000219345093,1.8017547130584717,0.0019212516490370035,0.0662820115685463,nan,nan
0,2126,2019-02-08,2.9240000247955322,2.2021496295928955,0.0026355767622590065,0.014767417684197426,nan,nan
0,2126,2019-02-09,2.8510000705718994,2.1721956729888916,0.0025614299811422825,0.004647548776119947,nan,nan
0,2126,2019-02-10,3.6689999103546143,2.063973903656006,0.0017311035189777613,0.0039398944936692715,nan,nan
0,2126,2019-02-11,4.75,2.522541046142578,0.0017017110949382186,0.04902572184801102,nan,nan
0,2126,2019-02-12,3.2269999980926514,2.563690662384033,0.0009379739640280604,0.049330126494169235,nan,nan
0,2126,2019-02-13,2.6500000953674316,2.4524683952331543,0.000349212292348966,0.010547379031777382,nan,nan
0,2126,2019-02-14,2.305000066757202,2.2943310737609863,0.00023235207481775433,0.02580958604812622,nan,nan
0,2126,2019-02-15,2.130000114440918,2.2111918926239014,0.00019339713617227972,0.03936731070280075,nan,nan
0,2126,2019-02-16,2.0840001106262207,2.0762720108032227,0.00015403945872094482,0.03698666766285896,nan,nan
0,2126,2019-02-17,2.2060000896453857,1.9260965585708618,0.00012483677710406482,0.02543829195201397,nan,nan
0,2126,2019-02-18,2.247999906539917,1.8920880556106567,0.0001060420909198001,0.016610605642199516,nan,nan
0,2126,2019-02-19,2.177000045776367,1.9093049764633179,9.031018271343783e-05,0.01593071036040783,nan,nan
0,2126,2019-02-20,2.197000026702881,1.811166763305664,7.715780520811677e-05,0.012528738006949425,nan,nan
0,2126,2019-02-21,2.1459999084472656,1.7568140029907227,6.629149720538408e-05,0.008767791092395782,nan,nan
0,2126,2019-02-22,2.381999969482422,1.7670705318450928,5.703933857148513e-05,0.011099736206233501,nan,nan
0,2126,2019-02-23,2.430999994277954,1.8668849468231201,4.891046046395786e-05,0.008320197463035583,nan,nan
0,2126,2019-02-24,2.0209999084472656,1.8066221475601196,4.204580909572542e-05,0.004387068096548319,nan,nan
0,2126,2019-02-25,1.7860000133514404,1.7206271886825562,3.65328487532679e-05,0.013131665997207165,nan,nan
0,2126,2019-02-26,1.7330000400543213,1.6316962242126465,3.049219594686292e-05,0.01729777455329895,nan,nan
0,2126,2019-02-27,1.7039999961853027,1.5581133365631104,2.674287316040136e-05,0.014585178345441818,nan,nan
0,2126,2019-02-28,1.908000111579895,1.5562899112701416,2.4314820620929822e-05,0.015712352469563484,nan,nan
0,2126,2019-03-01,3.9059998989105225,1.5905412435531616,2.6398643967695534e-05,0.009793880395591259,nan,nan
0,2126,2019-03-02,3.0850000381469727,2.388357162475586,8.376239566132426e-05,0.20321038365364075,nan,nan
0,2126,2019-03-03,2.380000114440918,2.3538992404937744,0.00012330235040280968,0.010145706124603748,nan,nan
0,2126,2019-03-04,2.252000093460083,2.2173264026641846,9.804096043808386e-05,0.03495173528790474,nan,nan
0,2126,2019-03-05,1.9179998636245728,2.192390203475952,8.207477367250249e-05,0.018111154437065125,nan,nan
0,2126,2019-03-06,1.6319999694824219,2.0161449909210205,5.818085992359556e-05,0.04539505019783974,nan,nan
0,2126,2019-03-07,1.6319999694824219,1.8531646728515625,5.9460791817400604e-05,0.04785583168268204,nan,nan
0,2126,2019-03-08,1.883000135421753,1.8132210969924927,5.5313154007308185e-05,0.03812071308493614,nan,nan
0,2126,2019-03-09,1.8849999904632568,1.9200565814971924,4.259556226315908e-05,0.0013355291448533535,nan,nan
0,2126,2019-03-10,3.25600004196167,1.9941450357437134,3.245252082706429e-05,0.00655485549941659,nan,nan
0,2126,2019-03-11,3.1710000038146973,2.369736433029175,3.648552956292406e-05,0.030386999249458313,nan,nan
0,2126,2019-03-12,2.443000078201294,2.3307464122772217,3.114408900728449e-05,0.0021498482674360275,nan,nan
0,2126,2019-03-13,2.1989998817443848,2.114729166030884,2.911707451858092e-05,0.021903956308960915,nan,nan
0,2126,2019-03-14,3.7249999046325684,2.076772928237915,2.9974615245009772e-05,0.0005385522963479161,nan,nan
0,2126,2019-03-15,10.805999755859375,2.6972172260284424,0.00011996099055977538,0.23063874244689941,nan,nan
0,2126,2019-03-16,7.422000408172607,4.400265693664551,0.000644059618934989,1.6728318929672241,nan,nan
0,2126,2019-03-17,4.480000019073486,3.9854044914245605,0.0017784431111067533,0.04593714699149132,nan,nan
0,2126,2019-03-18,3.505000114440918,3.981274127960205,0.0018639188492670655,0.016033299267292023,nan,nan
0,2126,2019-03-19,2.7980000972747803,3.5023269653320312,0.0016412179684266448,0.11546847224235535,nan,nan
0,2126,2019-03-20,2.3540000915527344,3.0255379676818848,0.0013678735122084618,0.1114085465669632,nan,nan
0,2126,2019-03-21,2.066999912261963,2.612558603286743,0.0011658213334158063,0.08945202827453613,nan,nan
0,2126,2019-03-22,1.847000002861023,2.2537522315979004,0.0010084593668580055,0.0633307546377182,nan,nan
0,2126,2019-03-23,1.6469999551773071,2.0432136058807373,0.0009118510060943663,0.05422232300043106,nan,nan
0,2126,2019-03-24,1.5089999437332153,1.8165897130966187,0.0008923073764890432,0.04250963032245636,nan,nan
0,2126,2019-03-25,1.3839999437332153,1.674578309059143,0.0008522559655830264,0.03674089163541794,nan,nan
0,2126,2019-03-26,1.2799999713897705,1.6953696012496948,0.0007164767594076693,0.048056669533252716,nan,nan
0,2126,2019-03-27,1.187999963760376,1.534425973892212,0.000603419728577137,0.03748646005988121,nan,nan
0,2126,2019-03-28,1.1160000562667847,1.3385695219039917,0.0005150719662196934,0.024462996050715446,nan,nan
0,2126,2019-03-29,1.0499999523162842,1.2572946548461914,0.00046205028775148094,0.0215756818652153,nan,nan
0,2126,2019-03-30,1.0119999647140503,1.335780382156372,0.0004177766968496144,0.032329011708498,nan,nan
0,2126,2019-03-31,0.949999988079071,1.3085589408874512,0.00029998875106684864,0.03205697610974312,nan,nan
0,2126,2019-04-01,0.8799999952316284,1.2349272966384888,0.00026076557696796954,0.028850659728050232,nan,nan
0,2126,2019-04-02,0.8669999837875366,1.2158535718917847,0.0002449083549436182,0.031299181282520294,nan,nan
0,2126,2019-04-03,0.8339999914169312,1.1842039823532104,0.000284603942418471,0.029096301645040512,nan,nan
0,2126,2019-04-04,1.246999979019165,1.3152023553848267,0.0002478708338458091,0.04494818300008774,nan,nan
0,2126,2019-04-05,1.1050000190734863,1.9840182065963745,0.0009074056288227439,0.05120324715971947,nan,nan
0,2126,2019-04-06,0.9860000610351562,1.717023491859436,0.0013664157595485449,0.07504764199256897,nan,nan
0,2126,2019-04-07,0.9220000505447388,1.4505579471588135,0.0011309270048514009,0.04939379170536995,nan,nan
0,2126,2019-04-08,0.843999981880188,1.3882371187210083,0.000946245389059186,0.04686626046895981,nan,nan
0,2126,2019-04-09,0.8389999866485596,1.3378610610961914,0.0007664863369427621,0.04684067890048027,nan,nan
0,2126,2019-04-10,0.8519999980926514,1.3368313312530518,0.0006286455900408328,0.04389238357543945,nan,nan
0,2126,2019-04-11,0.828000009059906,1.368042230606079,0.0005559903220273554,0.013130608014762402,nan,nan
0,2126,2019-04-12,0.7580000162124634,1.263744592666626,0.00047993886983022094,0.03962229937314987,nan,nan
0,2126,2019-04-13,0.7429999709129333,1.1947364807128906,0.0003681880480144173,0.037064921110868454,nan,nan
0,2126,2019-04-14,1.2899999618530273,1.235113263130188,0.00024274169118143618,0.0035067314747720957,nan,nan
0,2126,2019-04-15,1.1729999780654907,1.4321203231811523,0.00015241041546687484,0.005000613629817963,nan,nan
0,2126,2019-04-16,1.031000018119812,1.3309110403060913,0.00013494514860212803,0.024632511660456657,nan,nan
0,2126,2019-04-17,0.8489999771118164,1.189880609512329,0.00012695402256213129,0.02056790143251419,nan,nan
0,2126,2019-04-18,0.7760000228881836,1.124395728111267,0.0001247040054295212,0.024789730086922646,nan,nan
0,2126,2019-04-19,0.7049999833106995,1.10341215133667,0.00016778499411884695,0.027064770460128784,nan,nan
0,2126,2019-04-20,0.6830000281333923,1.1380352973937988,0.0002493002684786916,0.03473220393061638,nan,nan
0,2126,2019-04-21,0.6600000262260437,1.113818645477295,0.0004015604790765792,0.033718135207891464,nan,nan
0,2126,2019-04-22,0.652999997138977,1.1508371829986572,0.0005953897489234805,0.03909602388739586,nan,nan
0,2126,2019-04-23,0.6320000290870667,1.1367213726043701,0.00094632338732481,0.038067977875471115,nan,nan
0,2126,2019-04-24,0.6039999723434448,1.1293448209762573,0.0014299884205684066,0.03872162848711014,nan,nan
0,2126,2019-04-25,0.5789999961853027,1.124028205871582,0.0018879662966355681,0.04009287804365158,nan,nan
0,2126,2019-04-26,0.8059999942779541,1.1041086912155151,0.002333036158233881,0.03967507183551788,nan,nan
0,2126,2019-04-27,0.7760000228881836,1.320937991142273,0.00303071946837008,0.01283588632941246,nan,nan
0,2126,2019-04-28,0.8579999804496765,1.2898545265197754,0.0026037264615297318,0.002487843157723546,nan,nan
0,2126,2019-04-29,0.7620000243186951,1.1120471954345703,0.0021113709080964327,0.009774836711585522,nan,nan
0,2126,2019-04-30,0.7289999723434448,1.0301034450531006,0.001644127769395709,0.006851670332252979,nan,nan
0,2126,2019-05-01,0.6650000214576721,0.9696080684661865,0.0012733163312077522,0.018583059310913086,nan,nan
0,2126,2019-05-02,0.6940000057220459,0.8317724466323853,0.0012379256077110767,0.012100862339138985,nan,nan
0,2126,2019-05-03,1.215999960899353,1.0699679851531982,0.0012335575884208083,0.015650790184736252,nan,nan
0,2126,2019-05-04,1.2699999809265137,1.0321909189224243,0.0007681037532165647,0.003427347866818309,nan,nan
0,2126,2019-05-05,1.7419999837875366,1.465488314628601,0.0015508522046729922,0.1443929225206375,nan,nan
0,2126,2019-05-06,1.593000054359436,1.3149203062057495,0.0019651935435831547,9.69049142440781e-06,nan,nan
0,2126,2019-05-07,1.2790000438690186,1.1649937629699707,0.001577150309458375,0.0014645259361714125,nan,nan
0,2126,2019-05-08,1.3259999752044678,1.1567577123641968,0.001572862733155489,0.008279100060462952,nan,nan
0,2126,2019-05-09,2.2360000610351562,1.6322842836380005,0.0023538777604699135,0.03353312984108925,nan,nan
0,2126,2019-05-10,2.010999917984009,1.7425163984298706,0.0020928471349179745,0.00319063663482666,nan,nan
0,2126,2019-05-11,1.929999828338623,1.6027458906173706,0.0017112265340983868,0.0070992568507790565,nan,nan
0,2126,2019-05-12,1.7970000505447388,1.8339866399765015,0.0016436958685517311,0.00824086181819439,nan,nan
0,2126,2019-05-13,1.3830000162124634,1.6769150495529175,0.0015996028669178486,0.020136727020144463,nan,nan
0,2126,2019-05-14,1.1460000276565552,1.452531337738037,0.0014841760275885463,0.02349899522960186,nan,nan
0,2126,2019-05-15,1.0299999713897705,1.2414026260375977,0.0016201046528294683,0.018853962421417236,nan,nan
0,2126,2019-05-16,0.950999915599823,1.1795650720596313,0.0014900302048772573,0.019819671288132668,nan,nan
0,2126,2019-05-17,0.8859999775886536,1.104955792427063,0.0012748969020321965,0.018037056550383568,nan,nan
0,2126,2019-05-18,0.8230000138282776,0.9996365308761597,0.0012783623533323407,0.013691851869225502,nan,nan
0,2126,2019-05-19,1.5750000476837158,1.104464054107666,0.0010810440871864557,0.0010815153364092112,nan,nan
0,2126,2019-05-20,7.4770002365112305,1.807541012763977,0.0014800210483372211,0.09328222274780273,nan,nan
0,2126,2019-05-21,13.97700023651123,5.485290050506592,0.1320069581270218,1.6474645137786865,nan,nan
0,2126,2019-05-22,9.793999671936035,6.753474235534668,0.43110156059265137,1.7867869138717651,nan,nan
0,2126,2019-05-23,4.940000057220459,5.762552261352539,0.5394967794418335,0.02125474065542221,nan,nan
0,2126,2019-05-24,3.3429999351501465,4.366009712219238,0.5333486199378967,0.10479225218296051,nan,nan
0,2126,2019-05-25,2.6010000705718994,3.251366138458252,0.5157871246337891,0.08991148322820663,nan,nan
0,2126,2019-05-26,2.1659998893737793,3.0368454456329346,0.41575121879577637,0.1378931999206543,nan,nan
0,2126,2019-05-27,1.9670000076293945,2.6200718879699707,0.35900935530662537,0.1115812361240387,nan,nan
0,2126,2019-05-28,2.4739999771118164,2.3445959091186523,0.29497385025024414,0.08636964857578278,nan,nan
0,2126,2019-05-29,1.9720001220703125,2.8368289470672607,0.26287731528282166,0.001426385948434472,nan,nan
0,2126,2019-05-30,1.6759999990463257,2.5562479496002197,0.2123222053050995,0.0855783149600029,nan,nan
0,2126,2019-05-31,1.4279999732971191,2.363464832305908,0.19117389619350433,0.12247166782617569,nan,nan
0,2126,2019-06-01,1.2400000095367432,2.0078084468841553,0.19660237431526184,0.08794847875833511,nan,nan
0,2126,2019-06-02,1.1130000352859497,1.747612714767456,0.2195640504360199,0.06689684838056564,nan,nan
0,2126,2019-06-03,0.9670000672340393,1.4541243314743042,0.2591979205608368,0.04039615020155907,nan,nan
0,2126,2019-06-04,0.9169999957084656,1.1607279777526855,0.3354058265686035,0.021515728905797005,nan,nan
0,2126,2019-06-05,0.8489999771118164,1.1443772315979004,0.4460017681121826,0.022796092554926872,nan,nan
0,2126,2019-06-06,0.7879999876022339,0.9148022532463074,0.6646408438682556,0.010079579427838326,nan,nan
0,2126,2019-06-07,0.75,0.9691358804702759,0.5372292995452881,0.015841713175177574,nan,nan
0,2126,2019-06-08,0.6909999847412109,1.0604966878890991,0.5162941813468933,0.024769524112343788,nan,nan
0,2126,2019-06-09,0.6669999957084656,0.9475017786026001,0.5501819849014282,0.018756384029984474,nan,nan
0,2126,2019-06-10,1.7319999933242798,1.0314801931381226,0.4363744854927063,0.026900405064225197,nan,nan
0,2126,2019-06-11,4.98199987411499,6.008913516998291,0.9548441767692566,0.0047780899330973625,nan,nan
0,2126,2019-06-12,3.38700008392334,1.9135220050811768,0.9819761514663696,0.2917499542236328,nan,nan
0,2126,2019-06-13,2.1459999084472656,2.0094828605651855,0.9720293879508972,0.013838367536664009,nan,nan
0,2126,2019-06-14,1.5700000524520874,2.071031332015991,0.9659525156021118,0.03537863865494728,nan,nan
0,2126,2019-06-15,3.2070000171661377,2.0769121646881104,0.9662689566612244,0.08439912647008896,nan,nan
0,2126,2019-06-16,4.908999919891357,4.133415699005127,0.9665004014968872,0.001974566373974085,nan,nan
0,2126,2019-06-17,2.4839999675750732,2.1981329917907715,0.9677133560180664,0.06809182465076447,nan,nan
0,2126,2019-06-18,1.9290000200271606,2.552030086517334,0.9621312618255615,0.06752445548772812,nan,nan
0,2126,2019-06-19,1.5609999895095825,1.7204744815826416,0.9342387318611145,0.01707085594534874,nan,nan
0,2126,2019-06-20,1.4630000591278076,1.1340409517288208,0.9289693236351013,0.0012563602067530155,nan,nan
0,2126,2019-06-21,1.2619999647140503,1.322914958000183,0.8690605759620667,0.0014751593116670847,nan,nan
0,2126,2019-06-22,1.6319999694824219,1.1417758464813232,0.8101351857185364,0.0022906791418790817,nan,nan
0,2126,2019-06-23,1.2130000591278076,1.53780198097229,0.7352713942527771,0.00022623356198891997,nan,nan
0,2126,2019-06-24,0.9730000495910645,1.4267467260360718,0.7134767174720764,0.030987251549959183,nan,nan
0,2126,2019-06-25,0.8799999952316284,0.899959146976471,0.7400323152542114,0.005572928115725517,nan,nan
0,2126,2019-06-26,0.7870000004768372,1.1116896867752075,0.7929344177246094,0.022070901468396187,nan,nan
0,2126,2019-06-27,0.7210000157356262,0.8032211661338806,0.8458653092384338,0.0065411911346018314,nan,nan
0,2126,2019-06-28,0.675000011920929,1.1215288639068604,0.9048823714256287,0.03206684812903404,nan,nan
0,2126,2019-06-29,0.6520000100135803,0.6633800864219666,0.9437165856361389,0.003895989852026105,nan,nan
0,2126,2019-06-30,0.6129999756813049,0.8690473437309265,0.9610627293586731,0.014988002367317677,nan,nan
0,2126,2019-07-01,0.6069999933242798,1.1683528423309326,0.9799087643623352,0.04440362751483917,nan,nan
0,2126,2019-07-02,5.488999843597412,3.5189871788024902,0.9845917224884033,0.0015825671143829823,nan,nan
0,2126,2019-07-03,1.4819999933242798,1.3616505861282349,0.9895407557487488,0.34828123450279236,nan,nan
0,2126,2019-07-04,1.1069999933242798,1.003722906112671,0.9882034659385681,0.0001904744131024927,nan,nan
0,2126,2019-07-05,0.8889999985694885,1.1947987079620361,0.9878518581390381,0.017279328778386116,nan,nan
0,2126,2019-07-06,0.800000011920929,1.0168228149414062,0.9903659820556641,0.014680982567369938,nan,nan
0,2126,2019-07-07,1.6200000047683716,1.3788944482803345,0.9870439171791077,0.0028650397434830666,nan,nan
0,2126,2019-07-08,0.8330000042915344,0.9441466331481934,0.9839521050453186,0.0007059936760924757,nan,nan
0,2126,2019-07-09,0.7379999756813049,1.0163297653198242,0.9745124578475952,0.017117293551564217,nan,nan
0,2126,2019-07-10,0.6740000247955322,0.9316363334655762,0.9042779803276062,0.01547749899327755,nan,nan
0,2126,2019-07-11,0.6639999747276306,0.7483616471290588,0.8212674260139465,0.00734869297593832,nan,nan
0,2126,2019-07-12,0.7960000038146973,0.937778115272522,0.7584697008132935,0.01933024637401104,nan,nan
0,2126,2019-07-13,1.062000036239624,1.6273434162139893,0.6824440956115723,6.801133622502675e-06,nan,nan
0,2126,2019-07-14,0.6480000019073486,0.7861166000366211,0.6781825423240662,0.0007888300460763276,nan,nan
0,2126,2019-07-15,0.8090000152587891,1.1625772714614868,0.5266423225402832,0.026651812717318535,nan,nan
0,2126,2019-07-16,0.6190000176429749,1.0185245275497437,0.4554607570171356,0.018395880237221718,nan,nan
0,2126,2019-07-17,0.5400000214576721,0.7227889895439148,0.43051549792289734,0.007812948897480965,nan,nan
0,2126,2019-07-18,0.47200000286102295,0.6354649662971497,0.4858357906341553,0.006154363043606281,nan,nan
0,2126,2019-07-19,0.5189999938011169,0.6645967960357666,0.5714713931083679,0.009659343399107456,nan,nan
0,2126,2019-07-20,0.5,0.6772852540016174,0.6231496930122375,0.008743910118937492,nan,nan
0,2126,2019-07-21,0.7059999704360962,0.8312051892280579,0.6595011353492737,0.019246278330683708,nan,nan
0,2126,2019-07-22,0.625,0.7305812239646912,0.5967550873756409,0.005667608231306076,nan,nan
0,2126,2019-07-23,0.4359999895095825,0.7861147522926331,0.593634843826294,0.010936487466096878,nan,nan
0,2126,2019-07-24,0.5699999928474426,0.7451044321060181,0.660755455493927,0.016001539304852486,nan,nan
0,2126,2019-07-25,0.4129999876022339,0.7673322558403015,0.7853550314903259,0.01190112717449665,nan,nan
0,2126,2019-07-26,0.4359999895095825,0.9027054905891418,0.8586598038673401,0.030074985697865486,nan,nan
0,2126,2019-07-27,0.5950000286102295,0.8530862927436829,0.9188087582588196,0.024301497265696526,nan,nan
0,2126,2019-07-28,3.0299999713897705,1.1891155242919922,0.8973835110664368,0.01681414805352688,nan,nan
0,2126,2019-07-29,1.9450000524520874,2.942122220993042,0.9811714887619019,1.070684552192688,nan,nan
0,2126,2019-07-30,0.7609999775886536,1.2036702632904053,0.9940686225891113,0.0001642757561057806,nan,nan
0,2126,2019-07-31,1.0190000534057617,1.1965487003326416,0.9853631258010864,0.035491012036800385,nan,nan
0,2126,2019-08-01,0.6060000061988831,1.3372340202331543,0.969795823097229,0.03445648029446602,nan,nan
0,2126,2019-08-02,0.6330000162124634,0.794678807258606,0.9622397422790527,0.012151644565165043,nan,nan
0,2126,2019-08-03,0.5440000295639038,1.2684696912765503,0.942688524723053,0.042201388627290726,nan,nan
0,2126,2019-08-04,0.5149999856948853,0.8040005564689636,0.9341702461242676,0.015282955020666122,nan,nan
0,2126,2019-08-05,0.5120000243186951,0.7850078344345093,0.9132989645004272,0.015259822830557823,nan,nan
0,2126,2019-08-06,1.929999828338623,0.8785269856452942,0.8833283185958862,2.4504802240699064e-06,nan,nan
0,2126,2019-08-07,0.8960000276565552,1.2127124071121216,0.8301909565925598,0.11318032443523407,nan,nan
0,2126,2019-08-08,0.8379999995231628,1.683684229850769,0.7653976082801819,0.00042430515168234706,nan,nan
0,2126,2019-08-09,0.6209999918937683,1.1148682832717896,0.7447501420974731,0.02457985281944275,nan,nan
0,2126,2019-08-10,1.9759999513626099,1.584359049797058,0.6919004321098328,0.005652447231113911,nan,nan
0,2126,2019-08-11,1.0210000276565552,1.1845324039459229,0.5639474391937256,0.027874473482370377,nan,nan
0,2126,2019-08-12,1.0379999876022339,1.0907658338546753,0.43678927421569824,0.004034625831991434,nan,nan
0,2126,2019-08-13,0.8429999947547913,1.3348556756973267,0.31545525789260864,0.005876118317246437,nan,nan
0,2126,2019-08-14,0.843999981880188,1.0261293649673462,0.24824124574661255,0.01735808700323105,nan,nan
0,2126,2019-08-15,0.7929999828338623,0.8816256523132324,0.19895054399967194,0.008508545346558094,nan,nan
0,2126,2019-08-16,0.6110000014305115,0.8951364159584045,0.14171315729618073,0.0012592579005286098,nan,nan
0,2126,2019-08-17,0.5379999876022339,0.9203493595123291,0.11689075827598572,0.020611276850104332,nan,nan
0,2126,2019-08-18,0.5929999947547913,0.9049287438392639,0.09369572252035141,0.023148616775870323,nan,nan
0,2126,2019-08-19,3.6050000190734863,1.6093183755874634,0.09867294877767563,0.08994002640247345,nan,nan
0,2126,2019-08-20,6.9770002365112305,1.6802951097488403,0.0840749740600586,0.3026913106441498,nan,nan
0,2126,2019-08-21,4.8460001945495605,3.50795578956604,0.22576618194580078,1.2741620540618896,nan,nan
0,2126,2019-08-22,2.4070000648498535,2.205075740814209,0.34026652574539185,0.061517346650362015,nan,nan
0,2126,2019-08-23,1.7350000143051147,1.7303555011749268,0.2574272155761719,0.0024677454493939877,nan,nan
0,2126,2019-08-24,1.375,1.8664487600326538,0.18712227046489716,0.04175753891468048,nan,nan
0,2126,2019-08-25,1.128000020980835,1.4769113063812256,0.145332932472229,0.02602744661271572,nan,nan
0,2126,2019-08-26,0.9750000834465027,1.40981125831604,0.12530261278152466,0.03470788896083832,nan,nan
0,2126,2019-08-27,0.7570000290870667,1.2286081314086914,0.05789214000105858,0.026816943660378456,nan,nan
0,2126,2019-08-28,0.8299999833106995,1.0876193046569824,0.01947551965713501,0.026745572686195374,nan,nan
0,2126,2019-08-29,1.1519999504089355,1.0733352899551392,0.02154819294810295,0.02157221920788288,nan,nan
0,2126,2019-08-30,0.7730000019073486,1.3050388097763062,0.017120853066444397,0.009184864349663258,nan,nan
0,2126,2019-08-31,0.7059999704360962,1.2420225143432617,0.01742062345147133,0.04111485928297043,nan,nan
0,2126,2019-09-01,1.2690000534057617,1.20143723487854,0.017667239531874657,0.0413912869989872,nan,nan
0,2126,2019-09-02,4.308000087738037,2.012031316757202,0.07548567652702332,0.2933662533760071,nan,nan
0,2126,2019-09-03,1.7510000467300415,1.9778176546096802,0.13828986883163452,0.051214657723903656,nan,nan
0,2126,2019-09-04,1.2669999599456787,1.3440724611282349,0.11814717203378677,0.003523303661495447,nan,nan
0,2126,2019-09-05,1.0540000200271606,1.2279049158096313,0.107502281665802,0.01264635194092989,nan,nan
0,2126,2019-09-06,0.984000027179718,1.2036972045898438,0.09384887665510178,3.797638782998547e-05,nan,nan
0,2126,2019-09-07,1.0329999923706055,1.3553396463394165,0.070156529545784,0.00041510837036184967,nan,nan
0,2126,2019-09-08,2.3480000495910645,1.3044393062591553,0.04911418631672859,0.0001865840604295954,nan,nan
0,2126,2019-09-09,3.942000150680542,2.2138640880584717,0.11563506722450256,0.29707029461860657,nan,nan
0,2126,2019-09-10,2.0350000858306885,2.0408480167388916,0.17942160367965698,0.018088549375534058,nan,nan
0,2126,2019-09-11,1.4769999980926514,1.5777180194854736,0.1501178741455078,0.005364633165299892,nan,nan
0,2126,2019-09-12,1.187000036239624,1.3751240968704224,0.11955003440380096,0.013402747921645641,nan,nan
0,2126,2019-09-13,1.059000015258789,1.2668101787567139,0.10567110031843185,0.018782412633299828,nan,nan
0,2126,2019-09-14,0.9529999494552612,1.2637966871261597,0.0894128829240799,0.0251646488904953,nan,nan
0,2126,2019-09-15,0.8939999938011169,1.1553555727005005,0.07152329385280609,0.021806614473462105,nan,nan
0,2126,2019-09-16,0.8059999942779541,1.1678625345230103,0.06138105317950249,0.026050692424178123,nan,nan
0,2126,2019-09-17,0.7620000243186951,1.2424118518829346,0.039455391466617584,0.03884749859571457,nan,nan
0,2126,2019-09-18,0.7170000076293945,1.2359336614608765,0.032549090683460236,0.04122364521026611,nan,nan
0,2126,2019-09-19,0.6990000009536743,1.1503288745880127,0.020422285422682762,0.03519809991121292,nan,nan
0,2126,2019-09-20,0.6809999942779541,1.0194900035858154,0.010213893838226795,0.02407105825841427,nan,nan
0,2126,2019-09-21,0.671999990940094,0.8758929371833801,0.008351575583219528,0.014211670495569706,nan,nan
0,2126,2019-09-22,0.6579999923706055,0.8327386379241943,0.006857569329440594,0.011890082620084286,nan,nan
0,2126,2019-09-23,1.656999945640564,0.9709143042564392,0.005800832528620958,0.0011123677249997854,nan,nan
0,2126,2019-09-24,0.8709999918937683,1.2892470359802246,0.006051492877304554,0.09855270385742188,nan,nan
0,2126,2019-09-25,0.8379999995231628,1.1861358880996704,0.005334684159606695,0.002722968114539981,nan,nan
0,2126,2019-09-26,0.9079999923706055,1.1680678129196167,0.004171201027929783,0.0026000039651989937,nan,nan
0,2126,2019-09-27,0.7630000114440918,1.1108415126800537,0.0032882923260331154,0.02047450840473175,nan,nan
0,2126,2019-09-28,1.2710000276565552,1.3648382425308228,0.00277182599529624,2.425606180622708e-05,nan,nan
0,2126,2019-09-29,0.8119999766349792,1.2764043807983398,0.002736469265073538,0.01561429537832737,nan,nan
0,2126,2019-09-30,0.6729999780654907,1.219175100326538,0.002761861076578498,0.03599463403224945,nan,nan
0,2126,2019-10-01,0.6890000104904175,1.139266014099121,0.0007916975300759077,0.03698007017374039,nan,nan
0,2126,2019-10-02,2.0399999618530273,1.3341034650802612,0.0004122334357816726,0.001124876318499446,nan,nan
0,2126,2019-10-03,2.421999931335449,1.823061466217041,0.0005660587921738625,0.10708493739366531,nan,nan
0,2126,2019-10-04,1.4149999618530273,1.6326690912246704,0.000700963253621012,0.00041865414823405445,nan,nan
0,2126,2019-10-05,1.7259999513626099,1.7314313650131226,0.0007071804720908403,0.0010412991978228092,nan,nan
0,2126,2019-10-06,2.765000104904175,1.8761669397354126,0.0008010013261809945,0.01790042221546173,nan,nan
0,2126,2019-10-07,6.5320000648498535,2.5338666439056396,0.0019684743601828814,0.19454152882099152,nan,nan
0,2126,2019-10-08,2.7219998836517334,2.2611398696899414,0.002607876667752862,0.2786595821380615,nan,nan
0,2126,2019-10-09,14.529000282287598,2.806917190551758,0.0054155383259058,0.12369419634342194,nan,nan
0,2126,2019-10-10,8.196999549865723,5.846950054168701,0.07765959203243256,3.571610689163208,nan,nan
0,2126,2019-10-11,4.335999965667725,4.747514247894287,0.20817230641841888,0.02031814306974411,nan,nan
0,2126,2019-10-12,2.9830000400543213,3.8012778759002686,0.17612047493457794,0.07602278143167496,nan,nan
0,2126,2019-10-13,2.2939999103546143,3.1851465702056885,0.14835627377033234,0.1189158484339714,nan,nan
0,2126,2019-10-14,1.8920000791549683,3.0601634979248047,0.12259496003389359,0.1861265003681183,nan,nan
0,2126,2019-10-15,1.931999921798706,2.7685153484344482,0.09999686479568481,0.17842525243759155,nan,nan
0,2126,2019-10-16,2.7149999141693115,3.24419903755188,0.127951979637146,0.004610596224665642,nan,nan
0,2126,2019-10-17,1.7760000228881836,2.3748576641082764,0.13938714563846588,0.029307769611477852,nan,nan
0,2126,2019-10-18,1.503999948501587,2.064225673675537,0.11297287046909332,0.06300302594900131,nan,nan
0,2126,2019-10-19,1.406000018119812,1.8570966720581055,0.08982457965612411,0.05867781117558479,nan,nan
0,2126,2019-10-20,1.2209999561309814,1.7163887023925781,0.07176245003938675,0.034177303314208984,nan,nan
0,2126,2019-10-21,1.0920000076293945,1.7122315168380737,0.058447547256946564,0.0636751726269722,nan,nan
0,2126,2019-10-22,0.9710000157356262,1.5401225090026855,0.045614488422870636,0.05201688036322594,nan,nan
0,2126,2019-10-23,0.9390000104904175,1.393134355545044,0.03551558032631874,0.04378232732415199,nan,nan
0,2126,2019-10-24,0.875,1.3774482011795044,0.028458626940846443,0.044341329485177994,nan,nan
0,2126,2019-10-25,0.8119999766349792,1.3110374212265015,0.022681832313537598,0.04149351641535759,nan,nan
0,2126,2019-10-26,0.7699999809265137,1.3183467388153076,0.01769942045211792,0.04696609079837799,nan,nan
0,2126,2019-10-27,0.7289999723434448,1.2972023487091064,0.013336204923689365,0.047660499811172485,nan,nan
0,2126,2019-10-28,0.8029999732971191,1.2791563272476196,0.01012514904141426,0.046419668942689896,nan,nan
0,2126,2019-10-29,1.36899995803833,1.648723840713501,0.011617789044976234,1.7945545778275118e-06,nan,nan
0,2126,2019-10-30,2.575000047683716,1.9441217184066772,0.012096858583390713,0.0007574885385110974,nan,nan
0,2126,2019-10-31,3.552999973297119,2.3907480239868164,0.014360195957124233,0.05187142267823219,nan,nan
0,2126,2019-11-01,2.11299991607666,2.023859739303589,0.013622039929032326,0.005044929217547178,nan,nan
0,2126,2019-11-02,1.9539999961853027,1.9576798677444458,0.009633702225983143,0.003182268003001809,nan,nan
0,2126,2019-11-03,1.934999942779541,1.917012333869934,0.0075156912207603455,0.016343438997864723,nan,nan
0,2126,2019-11-04,2.0420000553131104,2.0161068439483643,0.006427743472158909,0.0053381845355033875,nan,nan
0,2126,2019-11-05,2.187000036239624,2.049177408218384,0.004485338926315308,0.008470655418932438,nan,nan
0,2126,2019-11-06,2.190000057220459,2.136270761489868,0.002174565801396966,1.2788877938874066e-05,nan,nan
0,2126,2019-11-07,1.8950001001358032,1.9188247919082642,0.0012301895767450333,0.016566291451454163,nan,nan
0,2126,2019-11-08,2.496000051498413,1.8011177778244019,0.00044936814811080694,4.1888237319653854e-05,nan,nan
0,2126,2019-11-09,2.496000051498413,1.8423632383346558,0.000159762566909194,0.016855280846357346,nan,nan
0,2126,2019-11-10,1.9900000095367432,1.650682806968689,0.00013958269846625626,0.0001540422235848382,nan,nan
0,2126,2019-11-11,1.7070000171661377,1.51405668258667,0.0001194065625895746,0.0040694293566048145,nan,nan
0,2126,2019-11-12,1.7450000047683716,1.4181700944900513,0.00011665285273920745,0.0011373909655958414,nan,nan
0,2126,2019-11-13,1.503000020980835,1.3678512573242188,0.00010443516657687724,0.004472953733056784,nan,nan
0,2126,2019-11-14,1.3489999771118164,1.2377649545669556,5.456694998429157e-05,0.005450965836644173,nan,nan
0,2126,2019-11-15,1.3530000448226929,1.169350028038025,3.277629366493784e-05,0.006750991102308035,nan,nan
0,2126,2019-11-16,1.184999942779541,1.2055727243423462,3.091620601480827e-05,0.0005931826308369637,nan,nan
0,2126,2019-11-17,1.3079999685287476,1.2248523235321045,2.8593483875738457e-05,0.008938583545386791,nan,nan
0,2126,2019-11-18,1.2039999961853027,1.2390671968460083,2.929239781224169e-05,8.522230200469494e-05,nan,nan
0,2126,2019-11-19,1.093999981880188,1.2190632820129395,2.6592648282530718e-05,0.01465959008783102,nan,nan
0,2126,2019-11-20,1.00600004196167,1.2124097347259521,2.38765096582938e-05,0.019187798723578453,nan,nan
0,2126,2019-11-21,0.9410000443458557,1.164087176322937,2.1846995878149755e-05,0.019816260784864426,nan,nan
0,2126,2019-11-22,0.8820000290870667,1.118905782699585,1.9506416720105335e-05,0.01955791935324669,nan,nan
0,2126,2019-11-23,0.8579999804496765,1.13961660861969,1.720257569104433e-05,0.02427809312939644,nan,nan
0,2126,2019-11-24,0.7839999794960022,1.1546287536621094,1.622756644792389e-05,0.026929296553134918,nan,nan
0,2126,2019-11-25,0.7450000047683716,1.225557565689087,1.4468802874034736e-05,0.03855759650468826,nan,nan
0,2126,2019-11-26,0.7440000176429749,1.3393737077713013,1.4089590877119917e-05,0.04391831159591675,nan,nan
0,2126,2019-11-27,0.9490000009536743,1.3405296802520752,1.1376478141755797e-05,0.05506407096982002,nan,nan
0,2126,2019-11-28,1.4259999990463257,1.4993151426315308,1.2999204955121968e-05,0.00501479534432292,nan,nan
0,2126,2019-11-29,4.465000152587891,1.7504677772521973,1.6622576367808506e-05,0.003996655344963074,nan,nan
0,2126,2019-11-30,5.14900016784668,2.7341012954711914,0.00011708791862474754,0.5377777218818665,nan,nan
0,2126,2019-12-01,2.8949999809265137,2.499500274658203,0.00029739056481048465,0.0488068051636219,nan,nan
0,2126,2019-12-02,2.444000005722046,2.29377818107605,0.0002972479851450771,0.0015235781902447343,nan,nan
0,2126,2019-12-03,1.9939998388290405,2.0522894859313965,0.00026249096845276654,0.01667213812470436,nan,nan
0,2126,2019-12-04,1.74399995803833,1.8266037702560425,0.00022950649145059288,0.021953128278255463,nan,nan
0,2126,2019-12-05,1.531999945640564,1.6807315349578857,0.00019819875888060778,0.02317088097333908,nan,nan
0,2126,2019-12-06,1.378000020980835,1.5032620429992676,0.0001621275587240234,0.01988711580634117,nan,nan
0,2126,2019-12-07,1.2719999551773071,1.4142953157424927,0.00013725028838962317,0.020667318254709244,nan,nan
0,2126,2019-12-08,1.1549999713897705,1.3703173398971558,0.00011789819109253585,0.02260357327759266,nan,nan
0,2126,2019-12-09,1.3730000257492065,1.3732824325561523,9.762292029336095e-05,0.029457366093993187,nan,nan
0,2126,2019-12-10,2.430999994277954,1.8711339235305786,0.0002308238617843017,0.0319015309214592,nan,nan
0,2126,2019-12-11,1.8240000009536743,1.778490424156189,0.0003147171810269356,0.003431336721405387,nan,nan
0,2126,2019-12-12,2.052999973297119,1.75632643699646,0.00033684729714877903,0.0013179718516767025,nan,nan
0,2126,2019-12-13,2.4179999828338623,1.6805484294891357,0.00032335813739337027,0.0008054798818193376,nan,nan
0,2126,2019-12-14,2.617000102996826,1.8045017719268799,0.00032766174990683794,0.01335108745843172,nan,nan
0,2126,2019-12-15,2.2790000438690186,1.8714531660079956,0.00030038313707336783,0.0026341930497437716,nan,nan
0,2126,2019-12-16,1.9219999313354492,1.7843281030654907,0.00025720891426317394,0.007529469672590494,nan,nan
0,2126,2019-12-17,1.6670000553131104,1.7671124935150146,0.00021914909302722663,0.020902050659060478,nan,nan
0,2126,2019-12-18,1.4359999895095825,1.670140266418457,0.00019319918646942824,0.02650870569050312,nan,nan
0,2126,2019-12-19,1.309000015258789,1.6612088680267334,0.00016761933511588722,0.04032781720161438,nan,nan
0,2126,2019-12-20,1.2970000505447388,1.6541340351104736,0.00014588287740480155,0.0488949753344059,nan,nan
0,2126,2019-12-21,1.6059999465942383,1.915239930152893,0.00015925653860904276,0.004408468026667833,nan,nan
0,2126,2019-12-22,2.1519999504089355,1.7971160411834717,0.00015914799587335438,0.015123384073376656,nan,nan
0,2126,2019-12-23,3.9509999752044678,2.0220649242401123,0.0002464543213136494,0.02902071177959442,nan,nan
0,2126,2019-12-24,4.3480000495910645,2.197981595993042,0.00028124835807830095,0.09732581675052643,nan,nan
0,2126,2019-12-25,4.678999900817871,2.6030211448669434,0.0003805667220149189,0.15702585875988007,nan,nan
0,2126,2019-12-26,3.5220000743865967,2.690822124481201,0.0003945139469578862,0.03409133851528168,nan,nan
0,2126,2019-12-27,4.111999988555908,2.7227306365966797,0.0004293222154956311,0.006738115567713976,nan,nan
0,2126,2019-12-28,3.546999931335449,2.9084558486938477,0.00044795850408263505,0.011550083756446838,nan,nan
0,2126,2019-12-29,2.822000026702881,2.5452306270599365,0.0002922620333265513,0.005174996796995401,nan,nan
0,2126,2019-12-30,2.378999948501587,2.269160747528076,0.00014395480684470385,0.015300623141229153,nan,nan
0,2126,2019-12-31,2.0439999103546143,2.0017290115356445,0.00012043607421219349,0.016497915610671043,nan,nan
0,2126,2020-01-01,1.7949999570846558,1.8111153841018677,0.00010385955829406157,0.018278518691658974,nan,nan
0,2126,2020-01-02,1.628999948501587,1.6384708881378174,9.126908844336867e-05,0.01736852154135704,nan,nan
0,2126,2020-01-03,1.5069999694824219,1.5009732246398926,8.052620250964537e-05,0.01523247454315424,nan,nan
0,2126,2020-01-04,1.5210000276565552,1.501545786857605,7.579120574519038e-05,0.004177883733063936,nan,nan
0,2126,2020-01-05,1.340999960899353,1.5664072036743164,7.020859629847109e-05,0.012004892341792583,nan,nan
0,2126,2020-01-06,1.24399995803833,1.4447516202926636,6.379834667313844e-05,0.02513108029961586,nan,nan
0,2126,2020-01-07,1.149999976158142,1.479151964187622,5.6511780712753534e-05,0.03417700529098511,nan,nan
0,2126,2020-01-08,1.0750000476837158,1.3902088403701782,3.369018668308854e-05,0.03136936202645302,nan,nan
0,2126,2020-01-09,1.0269999504089355,1.35623037815094,1.985391827474814e-05,0.032758500427007675,nan,nan
0,2126,2020-01-10,0.9209999442100525,1.3074918985366821,1.6371755918953568e-05,0.031021276488900185,nan,nan
0,2126,2020-01-11,0.8989999890327454,1.3689500093460083,1.4090934200794436e-05,0.04019131138920784,nan,nan
0,2126,2020-01-12,0.8610000014305115,1.3507630825042725,1.2515414709923789e-05,0.04423106089234352,nan,nan
0,2126,2020-01-13,0.8320000171661377,1.2953754663467407,1.0905178896791767e-05,0.04075836390256882,nan,nan
0,2126,2020-01-14,0.7889999747276306,1.2385530471801758,9.895086805045139e-06,0.03667084500193596,nan,nan
0,2126,2020-01-15,0.7519999742507935,1.2028557062149048,8.979623999039177e-06,0.03583689406514168,nan,nan
0,2126,2020-01-16,0.7149999737739563,1.2290661334991455,8.227122634707484e-06,0.04117536544799805,nan,nan
0,2126,2020-01-17,0.7020000219345093,1.212917685508728,7.495888439734699e-06,0.04202420637011528,nan,nan
0,2126,2020-01-18,0.9380000233650208,1.4026466608047485,1.1227718459849712e-05,0.002184248762205243,nan,nan
0,2126,2020-01-19,0.7459999918937683,1.3047276735305786,1.0703448424465023e-05,0.036463674157857895,nan,nan
0,2126,2020-01-20,0.6830000281333923,1.2425798177719116,9.20689581107581e-06,0.04311675950884819,nan,nan
0,2126,2020-01-21,0.671999990940094,1.155969500541687,7.457797437382396e-06,0.038063328713178635,nan,nan
0,2126,2020-01-22,0.6489999890327454,1.0925683975219727,6.303630016191164e-06,0.03231588006019592,nan,nan
0,2126,2020-01-23,0.6359999775886536,1.0487229824066162,5.4576889851887245e-06,0.029535017907619476,nan,nan
0,2126,2020-01-24,0.6069999933242798,1.004476547241211,4.309452833695104e-06,0.026272961869835854,nan,nan
0,2126,2020-01-25,0.6029999852180481,0.9841324090957642,3.967912562075071e-06,0.02612357959151268,nan,nan
0,2126,2020-01-26,0.5929999947547913,0.984541118144989,3.843439571937779e-06,0.026386531069874763,nan,nan
0,2126,2020-01-27,0.6069999933242798,1.0075006484985352,3.5416687751421705e-06,0.02372792921960354,nan,nan
0,2126,2020-01-28,1.5420000553131104,1.1557888984680176,4.811617145605851e-06,0.0017602781299501657,nan,nan
0,2126,2020-01-29,2.311000108718872,1.538090467453003,1.2692040399997495e-05,0.058294713497161865,nan,nan
0,2126,2020-01-30,1.9939998388290405,1.6396253108978271,1.7248787116841413e-05,0.009934153407812119,nan,nan
0,2126,2020-01-31,2.4070000648498535,1.7257957458496094,1.7259893866139464e-05,0.00042963551823049784,nan,nan
0,2126,2020-02-01,1.8359999656677246,1.7344845533370972,1.6591851817793213e-05,0.002580672036856413,nan,nan
0,2126,2020-02-02,3.4200000762939453,2.020174980163574,2.1433539586723782e-05,0.00010363417095504701,nan,nan
0,2126,2020-02-03,8.668999671936035,2.756498336791992,5.4442825785372406e-05,0.10963724553585052,nan,nan
0,2126,2020-02-04,8.1899995803833,4.092812538146973,0.00016600998060312122,0.8967600464820862,nan,nan
0,2126,2020-02-05,5.296000003814697,4.469412326812744,0.00025075607118196785,0.20222662389278412,nan,nan
0,2126,2020-02-06,3.618000030517578,3.8373665809631348,0.0002514896623324603,0.013808144256472588,nan,nan
0,2126,2020-02-07,2.812999963760376,3.2081284523010254,0.00021543650655075908,0.05757484585046768,nan,nan
0,2126,2020-02-08,2.315999984741211,2.730015516281128,0.00018188226385973394,0.06285735964775085,nan,nan
0,2126,2020-02-09,2.013000011444092,2.386794328689575,0.00015224004164338112,0.059675052762031555,nan,nan
0,2126,2020-02-10,2.361999988555908,2.000972270965576,0.00013487105024978518,0.036980245262384415,nan,nan
0,2126,2020-02-11,3.811000108718872,2.3661882877349854,0.0002191413805121556,0.03687535226345062,nan,nan
0,2126,2020-02-12,3.4830000400543213,2.5520877838134766,0.0002638408332131803,0.07161764055490494,nan,nan
0,2126,2020-02-13,3.7829997539520264,2.3386905193328857,0.0002535636303946376,0.0007247201283462346,nan,nan
0,2126,2020-02-14,6.8520002365112305,3.0335707664489746,0.0006523689953610301,0.12249109148979187,nan,nan
0,2126,2020-02-15,4.107999801635742,3.1611063480377197,0.001094306237064302,0.11487201601266861,nan,nan
0,2126,2020-02-16,3.1040000915527344,2.8635144233703613,0.0009270223672501743,0.003645269898697734,nan,nan
0,2126,2020-02-17,3.0220000743865967,2.5849990844726562,0.0008631006930954754,0.025697538629174232,nan,nan
0,2126,2020-02-18,4.083000183105469,3.0951247215270996,0.0012210876448079944,0.0023683086037635803,nan,nan
0,2126,2020-02-19,3.359999895095825,3.0107169151306152,0.0014098449610173702,0.010987202636897564,nan,nan
0,2126,2020-02-20,2.947999954223633,2.936936616897583,0.0012845998862758279,0.01124747283756733,nan,nan
0,2126,2020-02-21,2.5399999618530273,2.5977280139923096,0.0011076254304498434,0.03650980442762375,nan,nan
0,2126,2020-02-22,2.2939999103546143,2.43047833442688,0.0009304308914579451,0.04707452282309532,nan,nan
0,2126,2020-02-23,2.0350000858306885,2.345005989074707,0.0008113876101560891,0.056055787950754166,nan,nan
0,2126,2020-02-24,1.7979999780654907,2.1684229373931885,0.0009063532925210893,0.054770492017269135,nan,nan
0,2126,2020-02-25,1.809000015258789,2.161841630935669,0.000826741976197809,0.07492474466562271,nan,nan
0,2126,2020-02-26,3.4200000762939453,2.6599843502044678,0.0013701041461899877,0.0004018601030111313,nan,nan
0,2126,2020-02-27,3.4170000553131104,2.523818016052246,0.0013880784390494227,0.013931918889284134,nan,nan
0,2126,2020-02-28,4.131999969482422,2.5268282890319824,0.001372756902128458,0.03680943325161934,nan,nan
0,2126,2020-02-29,4.360000133514404,2.384124517440796,0.0013501167995855212,0.0055223810486495495,nan,nan
0,2126,2020-03-01,13.440999984741211,3.6317977905273438,0.005860986188054085,0.2845940887928009,nan,nan
0,2126,2020-03-02,6.26800012588501,4.814584255218506,0.02865217812359333,1.0897234678268433,nan,nan
0,2126,2020-03-03,6.468999862670898,5.036297798156738,0.04764383286237717,0.0017635757103562355,nan,nan
0,2126,2020-03-04,4.35099983215332,4.519321441650391,0.0428401418030262,0.009567290544509888,nan,nan
0,2126,2020-03-05,5.579999923706055,3.77902889251709,0.03497878462076187,0.07131072133779526,nan,nan
0,2126,2020-03-06,6.002999782562256,4.895890235900879,0.058477409183979034,0.023358089849352837,nan,nan
0,2126,2020-03-07,4.589000225067139,4.479451656341553,0.061738308519124985,0.0013931237626820803,nan,nan
0,2126,2020-03-08,3.677000045776367,3.8515498638153076,0.05202997848391533,0.06008441373705864,nan,nan
0,2126,2020-03-09,4.14900016784668,3.571321725845337,0.0438067801296711,0.05726562812924385,nan,nan
0,2126,2020-03-10,4.873000144958496,3.656843900680542,0.038994818925857544,0.008874012157320976,nan,nan
0,2126,2020-03-11,4.793000221252441,4.166346073150635,0.03444116190075874,0.000453148502856493,nan,nan
0,2126,2020-03-12,3.6689999103546143,3.871363639831543,0.03354807198047638,0.04614182561635971,nan,nan
0,2126,2020-03-13,3.072999954223633,3.4799258708953857,0.025308094918727875,0.08992654830217361,nan,nan
0,2126,2020-03-14,2.6500000953674316,3.1100573539733887,0.01634710282087326,0.09526441246271133,nan,nan
0,2126,2020-03-15,2.3480000495910645,2.713754892349243,0.010865485295653343,0.07552546262741089,nan,nan
0,2126,2020-03-16,2.1110000610351562,2.536930561065674,0.009062438271939754,0.07814816385507584,nan,nan
0,2126,2020-03-17,1.8739999532699585,2.5048422813415527,0.007849588058888912,0.09753121435642242,nan,nan
0,2126,2020-03-18,1.7480000257492065,2.4587347507476807,0.005535852164030075,0.1164405420422554,nan,nan
0,2126,2020-03-19,1.6399999856948853,2.1957359313964844,0.004130465444177389,0.08508984744548798,nan,nan
0,2126,2020-03-20,1.5360000133514404,2.005389928817749,0.0034934014547616243,0.06697458773851395,nan,nan
0,2126,2020-03-21,1.4900000095367432,2.1164472103118896,0.002943214029073715,0.08860202133655548,nan,nan
0,2126,2020-03-22,1.3669999837875366,2.097914695739746,0.0024739631917327642,0.09476758539676666,nan,nan
0,2126,2020-03-23,1.2929999828338623,1.856217622756958,0.002072073519229889,0.07074328511953354,nan,nan
0,2126,2020-03-24,1.2350000143051147,1.5678184032440186,0.0017956235678866506,0.04017136991024017,nan,nan
0,2126,2020-03-25,1.1449999809265137,1.4406018257141113,0.0015483482275158167,0.030959254130721092,nan,nan
0,2126,2020-03-26,1.1180000305175781,1.3818001747131348,0.0010629623429849744,0.030870618298649788,nan,nan
0,2126,2020-03-27,1.0779999494552612,1.3444949388504028,0.0008414640324190259,0.028992587700486183,nan,nan
0,2126,2020-03-28,1.0219999551773071,1.2461186647415161,0.0007165150018408895,0.022649070248007774,nan,nan
0,2126,2020-03-29,1.090000033378601,1.2849674224853516,0.0005346612888388336,0.029197486117482185,nan,nan
0,2126,2020-03-30,1.2289999723434448,1.6419681310653687,0.0004139152297284454,0.012738818302750587,nan,nan
0,2126,2020-03-31,1.0399999618530273,1.5699613094329834,0.00014272157568484545,0.04503467306494713,nan,nan
0,2126,2020-04-01,1.0119999647140503,1.3680994510650635,8.452755719190463e-05,0.03623320162296295,nan,nan
0,2126,2020-04-02,0.9769999980926514,1.2676105499267578,6.851957004982978e-05,0.028189953416585922,nan,nan
0,2126,2020-04-03,0.9350000619888306,1.250697135925293,6.920229498064145e-05,0.028703557327389717,nan,nan
0,2126,2020-04-04,0.8809999823570251,1.2503917217254639,4.669772897614166e-05,0.03121926635503769,nan,nan
0,2126,2020-04-05,0.8349999785423279,1.2022193670272827,4.159225500188768e-05,0.029939226806163788,nan,nan
0,2126,2020-04-06,0.8019999861717224,1.1929608583450317,4.626793088391423e-05,0.03188410773873329,nan,nan
0,2126,2020-04-07,0.7630000114440918,1.219438076019287,6.470311200246215e-05,0.03668929263949394,nan,nan
0,2126,2020-04-08,0.7429999709129333,1.2580835819244385,0.00010290852515026927,0.043635088950395584,nan,nan
0,2126,2020-04-09,0.7179999947547913,1.2397516965866089,0.00015301267558243126,0.04301520809531212,nan,nan
0,2126,2020-04-10,0.6970000267028809,1.2936023473739624,0.0001747526548570022,0.051272790879011154,nan,nan
0,2126,2020-04-11,0.6850000023841858,1.2272080183029175,0.0002275379083584994,0.04496033117175102,nan,nan
0,2126,2020-04-12,0.6639999747276306,1.1379677057266235,0.000283938308712095,0.03604232892394066,nan,nan
0,2126,2020-04-13,0.652999997138977,1.031407117843628,0.00046912560355849564,0.027066392824053764,nan,nan
0,2126,2020-04-14,0.6439999938011169,1.007312536239624,0.0005856339703314006,0.025563418865203857,nan,nan
0,2126,2020-04-15,0.6449999809265137,0.9121811985969543,0.000573500175960362,0.018378321081399918,nan,nan
0,2126,2020-04-16,0.621999979019165,0.8584643006324768,0.0005646833451464772,0.014585421420633793,nan,nan
0,2126,2020-04-17,0.6079999804496765,0.7998141646385193,0.0006610233103856444,0.011844337917864323,nan,nan
0,2126,2020-04-18,0.5899999737739563,0.8157488107681274,0.0009105925564654171,0.013367890380322933,nan,nan
0,2126,2020-04-19,0.5759999752044678,0.8658757209777832,0.0013210185570642352,0.01753362827003002,nan,nan
0,2126,2020-04-20,0.5699999928474426,0.8952410221099854,0.001413671881891787,0.02040848508477211,nan,nan
0,2126,2020-04-21,0.5249999761581421,0.8570510149002075,0.001387042342685163,0.017825813964009285,nan,nan
0,2126,2020-04-22,0.6129999756813049,0.7852041125297546,0.0013379144947975874,0.01484344806522131,nan,nan
0,2126,2020-04-23,0.550000011920929,0.7402598261833191,0.0016331318765878677,0.008873004466295242,nan,nan
0,2126,2020-04-24,0.5360000133514404,0.747927725315094,0.001812694943509996,0.011515701189637184,nan,nan
0,2126,2020-04-25,0.5199999809265137,0.7442014217376709,0.0025644591078162193,0.011826017871499062,nan,nan
0,2126,2020-04-26,0.5199999809265137,0.77211594581604,0.002513682935386896,0.014195851981639862,nan,nan
0,2126,2020-04-27,0.4950000047683716,0.8129108548164368,0.0023064713459461927,0.01696520484983921,nan,nan
0,2126,2020-04-28,0.5680000185966492,0.7663317322731018,0.0022155335173010826,0.014871284365653992,nan,nan
0,2126,2020-04-29,0.8569999933242798,1.0981961488723755,0.003037012182176113,0.046204082667827606,nan,nan
0,2126,2020-04-30,0.6800000071525574,1.0327544212341309,0.002957521704956889,0.011197620071470737,nan,nan
0,2126,2020-05-01,0.8859999775886536,1.0855618715286255,0.0026255284901708364,0.00155872933100909,nan,nan
0,2126,2020-05-02,1.5089999437332153,1.4091905355453491,0.00401728879660368,0.1357315629720688,nan,nan
0,2126,2020-05-03,0.9070000052452087,1.3377183675765991,0.004002581350505352,0.011758201755583286,nan,nan
0,2126,2020-05-04,0.6600000262260437,1.0529032945632935,0.003727237693965435,0.01634187623858452,nan,nan
0,2126,2020-05-05,1.2669999599456787,0.9447154998779297,0.0035984341520816088,0.02005671337246895,nan,nan
0,2126,2020-05-06,1.9559998512268066,1.581857442855835,0.016295215114951134,0.24711136519908905,nan,nan
0,2126,2020-05-07,0.9390000104904175,1.3004083633422852,0.03442227095365524,0.00013431109255179763,nan,nan
0,2126,2020-05-08,0.7170000076293945,1.0620994567871094,0.03556547686457634,0.015559380874037743,nan,nan
0,2126,2020-05-09,0.6330000162124634,1.0096906423568726,0.040467068552970886,0.02229958400130272,nan,nan
0,2126,2020-05-10,0.7229999899864197,1.2030900716781616,0.0427544042468071,0.04694858565926552,nan,nan
0,2126,2020-05-11,0.9620000123977661,1.1945195198059082,0.03988150507211685,0.039437927305698395,nan,nan
0,2126,2020-05-12,1.7039999961853027,1.72902250289917,0.06462648510932922,0.051689572632312775,nan,nan
0,2126,2020-05-13,0.902999997138977,1.3667904138565063,0.07266640663146973,0.005441715009510517,nan,nan
0,2126,2020-05-14,1.2970000505447388,1.3140569925308228,0.06318861991167068,0.0001449636765755713,nan,nan
0,2126,2020-05-15,1.1859999895095825,1.1935259103775024,0.049274563789367676,0.00059470534324646,nan,nan
0,2126,2020-05-16,1.0069999694824219,1.0400434732437134,0.03682325780391693,0.005700110923498869,nan,nan
0,2126,2020-05-17,0.8069999814033508,0.9694427251815796,0.03140299767255783,0.0076761869713664055,nan,nan
0,2126,2020-05-18,0.6830000281333923,0.8157791495323181,0.03688638657331467,0.006527844816446304,nan,nan
0,2126,2020-05-19,0.6140000224113464,0.7913467288017273,0.043571386486291885,0.009187129326164722,nan,nan
0,2126,2020-05-20,0.5659999847412109,0.7996402978897095,0.06021515652537346,0.012140661478042603,nan,nan
0,2126,2020-05-21,0.5230000019073486,0.8447318077087402,0.0723569244146347,0.017124410718679428,nan,nan
0,2126,2020-05-22,0.4970000386238098,0.8863282203674316,0.08809182047843933,0.022412873804569244,nan,nan
0,2126,2020-05-23,1.343999981880188,0.9312846660614014,0.10872067511081696,0.027721337974071503,nan,nan
0,2126,2020-05-24,1.0670000314712524,1.790345549583435,0.22253939509391785,0.19015201926231384,nan,nan
0,2126,2020-05-25,0.628000020980835,1.2742133140563965,0.35511279106140137,0.02562200091779232,nan,nan
0,2126,2020-05-26,0.5230000019073486,1.0404274463653564,0.3295709192752838,0.030024347826838493,nan,nan
0,2126,2020-05-27,0.5509999990463257,0.9916567802429199,0.3243895173072815,0.031819168478250504,nan,nan
0,2126,2020-05-28,0.49399998784065247,0.9034779667854309,0.3114476799964905,0.022343166172504425,nan,nan
0,2126,2020-05-29,0.47200000286102295,0.826569676399231,0.2893417775630951,0.019187629222869873,nan,nan
0,2126,2020-05-30,0.4569999873638153,0.7464924454689026,0.3145427405834198,0.01453799195587635,nan,nan
0,2126,2020-05-31,0.44200000166893005,0.7724770307540894,0.2871941030025482,0.016970816999673843,nan,nan
0,2126,2020-06-01,0.43299999833106995,0.7789486050605774,0.28438860177993774,0.018133100122213364,nan,nan
0,2126,2020-06-02,0.42399999499320984,0.7324977517127991,0.3154187500476837,0.015274692326784134,nan,nan
0,2126,2020-06-03,0.38600000739097595,0.7448015213012695,0.3657234013080597,0.01651616021990776,nan,nan
0,2126,2020-06-04,1.0180000066757202,0.779670238494873,0.31619903445243835,0.02092588134109974,nan,nan
0,2126,2020-06-05,1.1480000019073486,1.3617445230484009,0.4282500445842743,0.23298119008541107,nan,nan
0,2126,2020-06-06,0.6489999890327454,1.1047465801239014,0.44159865379333496,0.003908719401806593,nan,nan
0,2126,2020-06-07,0.9959999918937683,1.130807638168335,0.35177215933799744,0.0015810899203643203,nan,nan
0,2126,2020-06-08,0.7009999752044678,1.269025444984436,0.2762375771999359,0.0016332328086718917,nan,nan
0,2126,2020-06-09,1.0410000085830688,1.32362961769104,0.2004062682390213,0.008406708016991615,nan,nan
0,2126,2020-06-10,1.7009999752044678,1.4612987041473389,0.12659724056720734,0.0025281428825110197,nan,nan
0,2126,2020-06-11,2.365999937057495,1.7226842641830444,0.10948728024959564,0.104926198720932,nan,nan
0,2126,2020-06-12,1.2610000371932983,1.4422433376312256,0.10647577792406082,0.00046525817015208304,nan,nan
0,2126,2020-06-13,1.3040000200271606,1.1933987140655518,0.15602688491344452,0.010839679278433323,nan,nan
0,2126,2020-06-14,2.380000114440918,1.6458591222763062,0.15711142122745514,0.03925364091992378,nan,nan
0,2126,2020-06-15,1.4800000190734863,1.6640815734863281,0.13045193254947662,6.698371635138756e-06,nan,nan
0,2126,2020-06-16,1.0920000076293945,1.5440692901611328,0.0976572260260582,0.025995515286922455,nan,nan
0,2126,2020-06-17,1.4140000343322754,1.256882905960083,0.06976228952407837,0.0227936003357172,nan,nan
0,2126,2020-06-18,1.2619999647140503,1.5112724304199219,0.061195194721221924,0.015761099755764008,nan,nan
0,2126,2020-06-19,1.6349999904632568,1.5869964361190796,0.044048991054296494,0.00710858590900898,nan,nan
0,2126,2020-06-20,1.5210000276565552,1.742456316947937,0.03508688509464264,0.013533437624573708,nan,nan
0,2126,2020-06-21,1.0829999446868896,1.5236743688583374,0.034337930381298065,0.02205321379005909,nan,nan
0,2126,2020-06-22,0.906000018119812,1.249124526977539,0.019328681752085686,0.022631913423538208,nan,nan
0,2126,2020-06-23,0.7960000038146973,1.1052770614624023,0.012818004004657269,0.020239701494574547,nan,nan
0,2126,2020-06-24,0.7080000042915344,1.0527393817901611,0.021198678761720657,0.021673740819096565,nan,nan
0,2126,2020-06-25,0.6370000243186951,1.0780103206634521,0.03833547979593277,0.028730975463986397,nan,nan
0,2126,2020-06-26,0.6610000133514404,1.1069085597991943,0.05469582602381706,0.03602246940135956,nan,nan
0,2126,2020-06-27,0.7929999828338623,1.1995017528533936,0.04549267888069153,0.036866381764411926,nan,nan
0,2126,2020-06-28,0.640999972820282,1.1854115724563599,0.04031430184841156,0.02966696210205555,nan,nan
0,2126,2020-06-29,2.946000099182129,2.143913745880127,0.08632165938615799,0.13805055618286133,nan,nan
0,2126,2020-06-30,1.2120000123977661,1.920423984527588,0.13579952716827393,0.0002839603694155812,nan,nan
0,2126,2020-07-01,0.777999997138977,1.6187456846237183,0.16631825268268585,0.052197761833667755,nan,nan
0,2126,2020-07-02,0.9440000057220459,1.3661105632781982,0.1732342690229416,0.05553989112377167,nan,nan
0,2126,2020-07-03,0.9829999804496765,1.6493242979049683,0.13095884025096893,0.007432709448039532,nan,nan
0,2126,2020-07-04,0.7020000219345093,1.4101383686065674,0.07305550575256348,0.044846631586551666,nan,nan
0,2126,2020-07-05,0.6100000143051147,1.1093757152557373,0.06630564481019974,0.03207318112254143,nan,nan
0,2126,2020-07-06,0.5540000200271606,0.9747229218482971,0.1067284345626831,0.025135431438684464,nan,nan
0,2126,2020-07-07,0.5370000004768372,0.9350831508636475,0.10306048393249512,0.024823253974318504,nan,nan
0,2126,2020-07-08,0.5090000033378601,0.8612643480300903,0.1203954815864563,0.019722405821084976,nan,nan
0,2126,2020-07-09,0.48399999737739563,0.8349210023880005,0.17677250504493713,0.01909012719988823,nan,nan
0,2126,2020-07-10,0.492000013589859,0.7890440821647644,0.2787749767303467,0.01691443659365177,nan,nan
0,2126,2020-07-11,2.1459999084472656,1.8140684366226196,0.3693862855434418,0.12623877823352814,nan,nan
0,2126,2020-07-12,0.7139999866485596,1.2396904230117798,0.39367103576660156,0.021264446899294853,nan,nan
0,2126,2020-07-13,0.5550000071525574,1.0236822366714478,0.3494614064693451,0.02361263707280159,nan,nan
0,2126,2020-07-14,0.4690000116825104,0.9660487174987793,0.342935174703598,0.027492167428135872,nan,nan
0,2126,2020-07-15,0.46000000834465027,0.7218942642211914,0.37796449661254883,0.013088093139231205,nan,nan
0,2126,2020-07-16,0.7839999794960022,1.1027573347091675,0.3182392716407776,0.002250832039862871,nan,nan
0,2126,2020-07-17,1.534000039100647,1.4030017852783203,0.3714967668056488,0.14073032140731812,nan,nan
0,2126,2020-07-18,0.746999979019165,1.1813652515411377,0.37921813130378723,0.002814586739987135,nan,nan
0,2126,2020-07-19,0.5839999914169312,1.0024080276489258,0.3730582892894745,0.020191555842757225,nan,nan
0,2126,2020-07-20,0.5009999871253967,0.9261513948440552,0.37576934695243835,0.022461501881480217,nan,nan
0,2126,2020-07-21,0.4449999928474426,0.8073091506958008,0.46412426233291626,0.01743760146200657,nan,nan
0,2126,2020-07-22,0.6600000262260437,0.8775033354759216,0.4419912099838257,0.025908200070261955,nan,nan
0,2126,2020-07-23,0.5419999957084656,1.042718768119812,0.38545703887939453,0.028324143961071968,nan,nan
0,2126,2020-07-24,0.4309999942779541,0.7793081402778625,0.4098312556743622,0.013748305849730968,nan,nan
0,2126,2020-07-25,0.41200000047683716,0.7455002069473267,0.34386131167411804,0.016251180320978165,nan,nan
0,2126,2020-07-26,0.4650000035762787,0.7435146570205688,0.37239840626716614,0.016969073563814163,nan,nan
0,2126,2020-07-27,0.4129999876022339,0.7574729919433594,0.3490816056728363,0.015571977943181992,nan,nan
0,2126,2020-07-28,0.45500001311302185,0.9143698215484619,0.32274681329727173,0.031186284497380257,nan,nan
0,2126,2020-07-29,0.42800000309944153,0.8197488784790039,0.26026809215545654,0.0205891914665699,nan,nan
0,2126,2020-07-30,0.3779999911785126,0.7671324014663696,0.2516404092311859,0.01792745105922222,nan,nan
0,2126,2020-07-31,0.37400001287460327,0.7307531833648682,0.27926114201545715,0.01762073114514351,nan,nan
0,2126,2020-08-01,0.367000013589859,0.6478497982025146,0.39869028329849243,0.012293780222535133,nan,nan
0,2126,2020-08-02,0.7889999747276306,0.7724557518959045,0.4476587772369385,0.021321777254343033,nan,nan
0,2126,2020-08-03,1.7089999914169312,1.2182836532592773,0.4590374231338501,0.0889032706618309,nan,nan
0,2126,2020-08-04,6.688000202178955,7.746126651763916,0.9740492701530457,0.005022718105465174,nan,nan
0,2126,2020-08-05,1.929999828338623,1.4107123613357544,0.9951910972595215,0.7912379503250122,nan,nan
0,2126,2020-08-06,1.0670000314712524,1.3871769905090332,0.993629515171051,0.0015807243762537837,nan,nan
0,2126,2020-08-07,0.7879999876022339,2.2722177505493164,0.9912407994270325,0.1863831728696823,nan,nan
0,2126,2020-08-08,0.6370000243186951,1.269390344619751,0.9885420799255371,0.04309436306357384,nan,nan
0,2126,2020-08-09,0.5490000247955322,1.1999506950378418,0.9775717854499817,0.046277277171611786,nan,nan
0,2126,2020-08-10,0.4909999966621399,0.8280462026596069,0.9711623191833496,0.016716983169317245,nan,nan
0,2126,2020-08-11,0.41200000047683716,0.5451210737228394,0.9690996408462524,0.0038981852121651173,nan,nan
0,2126,2020-08-12,0.41999998688697815,0.6925482153892517,0.9679255485534668,0.013547227717936039,nan,nan
0,2126,2020-08-13,0.8460000157356262,1.2226983308792114,0.9642013907432556,0.0672348365187645,nan,nan
0,2126,2020-08-14,0.5580000281333923,1.0579679012298584,0.9451757669448853,0.0013978907372802496,nan,nan
0,2126,2020-08-15,0.45899999141693115,1.1710096597671509,0.9102799892425537,0.04887281730771065,nan,nan
0,2126,2020-08-16,0.43299999833106995,0.8023067116737366,0.862515389919281,0.019055459648370743,nan,nan
0,2126,2020-08-17,1.5360000133514404,0.9213064312934875,0.813937783241272,0.007114692125469446,nan,nan
0,2126,2020-08-18,0.546999990940094,0.9699940085411072,0.744020402431488,0.0014162167208269238,nan,nan
0,2126,2020-08-19,0.4779999852180481,0.7368327379226685,0.6739634275436401,0.010986467823386192,nan,nan
0,2126,2020-08-20,0.4880000054836273,0.678886353969574,0.6036415100097656,0.010225515812635422,nan,nan
0,2126,2020-08-21,0.39800000190734863,0.7696999311447144,0.6163671016693115,0.015398317016661167,nan,nan
0,2126,2020-08-22,0.5450000166893005,0.5538654327392578,0.6908257007598877,0.006576277315616608,nan,nan
0,2126,2020-08-23,0.4230000078678131,0.7609250545501709,0.5964718461036682,0.0012143190251663327,nan,nan
0,2126,2020-08-24,0.5379999876022339,0.6643884778022766,0.5510273575782776,0.011406702920794487,nan,nan
0,2126,2020-08-25,0.4189999997615814,0.6883046627044678,0.48639288544654846,0.008682990446686745,nan,nan
0,2126,2020-08-26,0.4690000116825104,0.7998403906822205,0.4481901228427887,0.020843202248215675,nan,nan
0,2126,2020-08-27,0.3790000081062317,0.5407770872116089,0.5772057771682739,0.004238516092300415,nan,nan
0,2126,2020-08-28,0.4859999716281891,0.6550741791725159,0.509872555732727,0.012536960653960705,nan,nan
0,2126,2020-08-29,0.7820000052452087,1.1099302768707275,0.4253835678100586,0.0008385490509681404,nan,nan
0,2126,2020-08-30,11.616000175476074,5.349287033081055,0.8627385497093201,0.006943709682673216,nan,nan
0,2126,2020-08-31,4.547999858856201,12.066933631896973,0.9887478351593018,0.09704063087701797,nan,nan
0,2126,2020-09-01,2.2339999675750732,1.3793566226959229,0.9969128370285034,0.20005325973033905,nan,nan
0,2126,2020-09-02,1.5010000467300415,1.7607883214950562,0.9876230955123901,0.007429026998579502,nan,nan
0,2126,2020-09-03,1.0640000104904175,2.055211305618286,0.9479758739471436,0.0880226343870163,nan,nan
0,2126,2020-09-04,0.8799999952316284,1.2451503276824951,0.924763560295105,0.02331210859119892,nan,nan
0,2126,2020-09-05,0.7680000066757202,2.241464853286743,0.9003187417984009,0.2080114334821701,nan,nan
0,2126,2020-09-06,0.9959999918937683,1.7850470542907715,0.8677412271499634,0.12351860851049423,nan,nan
0,2126,2020-09-07,1.2660000324249268,1.2587754726409912,0.8460105061531067,0.03933253139257431,nan,nan
0,2126,2020-09-08,0.7400000095367432,1.6686962842941284,0.8116483688354492,0.05410858616232872,nan,nan
0,2126,2020-09-09,0.6449999809265137,1.2155014276504517,0.7436280846595764,0.04053190350532532,nan,nan
0,2126,2020-09-10,0.5929999947547913,1.1500756740570068,0.668904185295105,0.040058206766843796,nan,nan
0,2126,2020-09-11,0.5659999847412109,1.5339624881744385,0.5888610482215881,0.09843266755342484,nan,nan
0,2126,2020-09-12,0.5270000100135803,0.9684087634086609,0.48770666122436523,0.02706834487617016,nan,nan
0,2126,2020-09-13,0.5070000290870667,0.7660952806472778,0.4005551338195801,0.013521566055715084,nan,nan
0,2126,2020-09-14,0.4819999933242798,0.7687997817993164,0.33095306158065796,0.014524877071380615,nan,nan
0,2126,2020-09-15,0.4309999942779541,0.8415133357048035,0.24984726309776306,0.02093447372317314,nan,nan
0,2126,2020-09-16,0.5699999928474426,0.8603194952011108,0.20960897207260132,0.02519630640745163,nan,nan
0,2126,2020-09-17,0.4180000126361847,0.9421730637550354,0.16904543340206146,0.02454962208867073,nan,nan
0,2126,2020-09-18,0.43299999833106995,0.9747461676597595,0.13123719394207,0.03692368417978287,nan,nan
0,2126,2020-09-19,0.4519999921321869,1.0182923078536987,0.0918624997138977,0.04055505618453026,nan,nan
0,2126,2020-09-20,0.4449999928474426,1.068379282951355,0.06268958747386932,0.044812899082899094,nan,nan
0,2126,2020-09-21,0.5270000100135803,0.9770591855049133,0.041304752230644226,0.035366155207157135,nan,nan
0,2126,2020-09-22,0.4449999928474426,0.911944568157196,0.029468897730112076,0.024330325424671173,nan,nan
0,2126,2020-09-23,0.5170000195503235,0.8724238276481628,0.020688895136117935,0.023435257375240326,nan,nan
0,2126,2020-09-24,0.5809999704360962,0.8621107339859009,0.01437708456069231,0.02078431099653244,nan,nan
0,2126,2020-09-25,1.2940000295639038,1.2554442882537842,0.019972987473011017,0.10042794048786163,nan,nan
0,2126,2020-09-26,1.246000051498413,1.6165510416030884,0.02005920186638832,0.057873986661434174,nan,nan
0,2126,2020-09-27,1.4390000104904175,1.6210461854934692,0.016828715801239014,7.24779674783349e-05,nan,nan
0,2126,2020-09-28,0.7379999756813049,1.3699039220809937,0.008787407539784908,0.014641192741692066,nan,nan
0,2126,2020-09-29,0.6439999938011169,1.1128132343292236,0.002526778494939208,0.01542094349861145,nan,nan
0,2126,2020-09-30,0.5879999995231628,1.0222381353378296,0.00022880948381498456,0.022237731143832207,nan,nan
0,2126,2020-10-01,0.5400000214576721,0.9122799038887024,0.00018654725863598287,0.02113991230726242,nan,nan
0,2126,2020-10-02,0.5339999794960022,0.8817034959793091,0.0001541995006846264,0.02116291970014572,nan,nan
0,2126,2020-10-03,2.249000072479248,0.8775514960289001,0.0001290639629587531,0.021139679476618767,nan,nan
0,2126,2020-10-04,1.3420000076293945,1.3961440324783325,0.00040980218909680843,0.3224392533302307,nan,nan
0,2126,2020-10-05,0.8659999966621399,1.3414363861083984,0.0005920078838244081,0.007540830411016941,nan,nan
0,2126,2020-10-06,0.8830000162124634,1.2725075483322144,0.0004174984060227871,0.024178532883524895,nan,nan
0,2126,2020-10-07,0.8410000205039978,1.2868448495864868,0.00029713238473050296,0.011350054293870926,nan,nan
0,2126,2020-10-08,0.9449999928474426,1.2822315692901611,0.0002606042835395783,0.0055810557678341866,nan,nan
0,2126,2020-10-09,0.734000027179718,1.1274601221084595,0.00024350389139726758,0.020015999674797058,nan,nan
0,2126,2020-10-10,1.4550000429153442,1.0968379974365234,0.00020705028146039695,0.02892581932246685,nan,nan
0,2126,2020-10-11,2.390000104904175,1.5000567436218262,0.0006330343312583864,0.1385422796010971,nan,nan
0,2126,2020-10-12,1.7569999694824219,1.4429454803466797,0.00080637022620067,0.0142899751663208,nan,nan
0,2126,2020-10-13,1.284000039100647,1.2371883392333984,0.0006682678940705955,0.0008534466032870114,nan,nan
0,2126,2020-10-14,1.0299999713897705,1.113217830657959,0.0005551152862608433,0.0061250971630215645,nan,nan
0,2126,2020-10-15,0.9490000009536743,1.0918546915054321,0.0004640613042283803,0.013667469844222069,nan,nan
0,2126,2020-10-16,1.0889999866485596,1.16871976852417,0.00044150956091471016,0.0014615493128076196,nan,nan
0,2126,2020-10-17,1.4539999961853027,1.2405072450637817,0.00047562166582793,0.0069300043396651745,nan,nan
0,2126,2020-10-18,1.0729999542236328,1.0958337783813477,0.0004471664142329246,0.0019162074895575643,nan,nan
0,2126,2020-10-19,0.9270000457763672,1.0631459951400757,0.00038077717181295156,0.01031583547592163,nan,nan
0,2126,2020-10-20,0.8029999732971191,1.0065590143203735,0.0003254401672165841,0.0124813262373209,nan,nan
0,2126,2020-10-21,0.75,1.026254415512085,0.00028479041066020727,0.019261468201875687,nan,nan
0,2126,2020-10-22,0.7009999752044678,1.1021450757980347,0.00025987232220359147,0.028466396033763885,nan,nan
0,2126,2020-10-23,1.2259999513626099,1.2733899354934692,0.00022559371427632868,0.036261532455682755,nan,nan
0,2126,2020-10-24,2.1649999618530273,1.9016400575637817,0.000459630653494969,0.045476652681827545,nan,nan
0,2126,2020-10-25,1.409999966621399,1.7628790140151978,0.0006829671328887343,0.010178514756262302,nan,nan
0,2126,2020-10-26,3.489000082015991,1.6626927852630615,0.0005851876339875162,0.025160767138004303,nan,nan
0,2126,2020-10-27,3.378999948501587,2.4457950592041016,0.0020226729102432728,0.305608332157135,nan,nan
0,2126,2020-10-28,2.1489999294281006,2.208427906036377,0.0031216375064104795,2.3856438929215074e-05,nan,nan
0,2126,2020-10-29,3.9650001525878906,2.2753348350524902,0.0034514449071139097,0.0003830488712992519,nan,nan
0,2126,2020-10-30,3.265000104904175,2.5278937816619873,0.003527891356498003,0.0696503296494484,nan,nan
0,2126,2020-10-31,2.322999954223633,2.294080972671509,0.0032702332828193903,0.00280228303745389,nan,nan
0,2126,2020-11-01,1.8589999675750732,2.2093138694763184,0.0027248787228018045,0.037927594035863876,nan,nan
0,2126,2020-11-02,1.5329999923706055,1.917163610458374,0.0016044039512053132,0.03859108313918114,nan,nan
0,2126,2020-11-03,1.4830000400543213,1.7730941772460938,0.0011887861182913184,0.045921824872493744,nan,nan
0,2126,2020-11-04,1.7419999837875366,2.1357200145721436,0.0014684777706861496,0.0045621502213180065,nan,nan
0,2126,2020-11-05,1.524999976158142,1.8861674070358276,0.0013908850960433483,0.02748272381722927,nan,nan
0,2126,2020-11-06,1.3519999980926514,1.6534373760223389,0.0011799588100984693,0.03353440761566162,nan,nan
0,2126,2020-11-07,1.225000023841858,1.543157935142517,0.000972089939750731,0.033631227910518646,nan,nan
0,2126,2020-11-08,1.1180000305175781,1.4801503419876099,0.0008258577436208725,0.03552009537816048,nan,nan
0,2126,2020-11-09,1.0399999618530273,1.3741943836212158,0.0005056693335063756,0.03181091696023941,nan,nan
0,2126,2020-11-10,0.9670000672340393,1.285258412361145,0.0003661569789983332,0.028157252818346024,nan,nan
0,2126,2020-11-11,0.9200000166893005,1.1933737993240356,0.0003178503829985857,0.024201547726988792,nan,nan
0,2126,2020-11-12,0.8330000042915344,1.1466000080108643,0.00028076558373868465,0.022820236161351204,nan,nan
0,2126,2020-11-13,0.7910000085830688,1.1893439292907715,0.00024315263726748526,0.03165793791413307,nan,nan
0,2126,2020-11-14,0.7649999856948853,1.1792181730270386,0.0002089711488224566,0.03331436216831207,nan,nan
0,2126,2020-11-15,0.7409999966621399,1.1729637384414673,0.00017565878806635737,0.03436233848333359,nan,nan
0,2126,2020-11-16,1.2070000171661377,1.336272954940796,0.0001831835979828611,0.0005873131449334323,nan,nan
0,2126,2020-11-17,0.8650000095367432,1.2482473850250244,0.00017931686306837946,0.016511086374521255,nan,nan
0,2126,2020-11-18,0.7990000247955322,1.200695514678955,0.0001575397327542305,0.0307705570012331,nan,nan
0,2126,2020-11-19,0.9760000109672546,1.1829452514648438,0.00013780841254629195,0.03317367285490036,nan,nan
0,2126,2020-11-20,1.00600004196167,1.3995463848114014,0.00017090665642172098,0.0018256905023008585,nan,nan
0,2126,2020-11-21,0.9070000052452087,1.3661847114562988,0.00017847539857029915,0.03779665380716324,nan,nan
0,2126,2020-11-22,0.8429999947547913,1.2095686197280884,0.00011069421452702954,0.02906307391822338,nan,nan
0,2126,2020-11-23,0.7979999780654907,1.1085844039916992,6.731096073053777e-05,0.02377578802406788,nan,nan
0,2126,2020-11-24,0.7739999890327454,1.101633071899414,6.160147313494235e-05,0.02565719373524189,nan,nan
0,2126,2020-11-25,0.7409999966621399,1.0443429946899414,3.00729698210489e-05,0.0221371129155159,nan,nan
0,2126,2020-11-26,0.7080000042915344,0.993504524230957,1.3913059774495196e-05,0.01980317011475563,nan,nan
0,2126,2020-11-27,0.6880000233650208,0.9428699612617493,1.15819320853916e-05,0.017613936215639114,nan,nan
0,2126,2020-11-28,0.6779999732971191,0.8751868009567261,1.0531721272855066e-05,0.013875714503228664,nan,nan
0,2126,2020-11-29,0.6629999876022339,0.8529390692710876,8.861436072038487e-06,0.012879952788352966,nan,nan
0,2126,2020-11-30,0.6499999761581421,0.8457040786743164,8.7792623162386e-06,0.013029340654611588,nan,nan
0,2126,2020-12-01,0.7850000262260437,0.9517687559127808,1.1621952580753714e-05,1.7743217028964864e-07,nan,nan
0,2126,2020-12-02,0.7889999747276306,1.0707056522369385,1.6006470104912296e-05,0.0016860368195921183,nan,nan
0,2126,2020-12-03,0.7310000061988831,1.0136094093322754,1.4383011148311198e-05,0.013677786104381084,nan,nan
0,2126,2020-12-04,0.6930000185966492,0.973375678062439,1.2962017535755876e-05,0.018767667934298515,nan,nan
0,2126,2020-12-05,0.7649999856948853,1.106156349182129,1.8110602468368597e-05,0.00011077125964220613,nan,nan
0,2126,2020-12-06,1.2990000247955322,1.2708122730255127,2.7121548555442132e-05,0.0015309506561607122,nan,nan
0,2126,2020-12-07,1.8459999561309814,1.7886255979537964,0.0001512154412921518,0.12374811619520187,nan,nan
0,2126,2020-12-08,1.6260000467300415,1.578524112701416,0.00029344361973926425,0.011062569916248322,nan,nan
0,2126,2020-12-09,1.5709999799728394,1.5032378435134888,0.0002778679772745818,0.003976523410528898,nan,nan
0,2126,2020-12-10,1.50600004196167,1.630726933479309,0.00031750756897963583,0.0016448745736852288,nan,nan
0,2126,2020-12-11,1.3559999465942383,1.452582836151123,0.00030545753543265164,0.01736545003950596,nan,nan
0,2126,2020-12-12,1.527999997138977,1.4349128007888794,0.00027570067322812974,0.013293653726577759,nan,nan
0,2126,2020-12-13,4.131999969482422,1.6106761693954468,0.00035904336255043745,0.00817630160599947,nan,nan
0,2126,2020-12-14,2.924999952316284,1.705244541168213,0.00038150171167217195,0.08224087208509445,nan,nan
0,2126,2020-12-15,2.2960000038146973,1.6713182926177979,0.00030894658993929625,0.0032562350388616323,nan,nan
0,2126,2020-12-16,2.242000102996826,1.69510018825531,0.00025290207122452557,0.003541370155289769,nan,nan
0,2126,2020-12-17,1.8920000791549683,1.7223795652389526,0.00022011219698470086,0.005834945943206549,nan,nan
0,2126,2020-12-18,1.6239999532699585,1.788083553314209,0.00018982563051395118,0.024191085249185562,nan,nan
0,2126,2020-12-19,1.434000015258789,1.6365246772766113,0.00014626885240431875,0.02598273567855358,nan,nan
0,2126,2020-12-20,1.281000018119812,1.5141637325286865,0.00011772798461606726,0.025967029854655266,nan,nan
0,2126,2020-12-21,1.3040000200271606,1.4652113914489746,0.00010229868348687887,0.030484890565276146,nan,nan
0,2126,2020-12-22,2.4140000343322754,1.7255890369415283,0.00014985726738814265,0.0017190128564834595,nan,nan
0,2126,2020-12-23,2.171999931335449,1.8308815956115723,0.0001468528644181788,0.0004359958984423429,nan,nan
0,2126,2020-12-24,8.675999641418457,2.8054776191711426,0.0008091808995231986,0.11505073308944702,nan,nan
0,2126,2020-12-25,6.855000019073486,3.784172296524048,0.0020985333248972893,0.7656931281089783,nan,nan
0,2126,2020-12-26,3.9560000896453857,3.9024689197540283,0.002359763951972127,0.12095659971237183,nan,nan
0,2126,2020-12-27,3.0160000324249268,3.3760457038879395,0.0021508694626390934,0.051298052072525024,nan,nan
0,2126,2020-12-28,2.5460000038146973,2.8042151927948,0.0017459947848692536,0.05540263280272484,nan,nan
0,2126,2020-12-29,2.0950000286102295,2.6408321857452393,0.0015142362099140882,0.041400790214538574,nan,nan
0,2126,2020-12-30,1.815000057220459,2.3404381275177,0.0012410312192514539,0.06818634271621704,nan,nan
0,2126,2020-12-31,1.6449999809265137,2.0577826499938965,0.0010547442361712456,0.03680858761072159,nan,nan
0,2247,2018-10-19,0.07599999755620956,0.5205272436141968,2.4744842448853888e-05,0.01639224961400032,nan,nan
0,2247,2018-10-20,0.07400000095367432,0.5571610331535339,2.2227501176530495e-05,0.019141785800457,nan,nan
0,2247,2018-10-21,0.0729999989271164,0.54015052318573,1.984439768420998e-05,0.017975766211748123,nan,nan
0,2247,2018-10-22,0.07100000232458115,0.541414201259613,1.841684388637077e-05,0.018115209415555,nan,nan
0,2247,2018-10-23,0.0689999982714653,0.49205219745635986,1.271817473025294e-05,0.014763879589736462,nan,nan
0,2247,2018-10-24,0.06800000369548798,0.4728260338306427,1.0374942576163448e-05,0.013601040467619896,nan,nan
0,2247,2018-10-25,0.06599999964237213,0.4688833951950073,9.769646567292511e-06,0.013392360880970955,nan,nan
0,2247,2018-10-26,0.06499999761581421,0.47347110509872437,8.84042583493283e-06,0.013764970004558563,nan,nan
0,2247,2018-10-27,0.06400000303983688,0.5300313234329224,8.266019904112909e-06,0.004574427846819162,nan,nan
0,2247,2018-10-28,0.06400000303983688,0.7894639372825623,4.615436773747206e-05,0.09327623248100281,nan,nan
0,2247,2018-10-29,0.06400000303983688,0.7500082850456238,7.119909423636273e-05,0.003604128025472164,nan,nan
0,2247,2018-10-30,0.06400000303983688,0.7234969735145569,7.537690544268116e-05,0.0013014787109568715,nan,nan
0,2247,2018-10-31,0.06400000303983688,0.6086965799331665,7.081645162543282e-05,0.023864708840847015,nan,nan
0,2247,2018-11-01,0.06400000303983688,0.5615074038505554,6.044861220289022e-05,0.020061148330569267,nan,nan
0,2247,2018-11-02,0.06300000101327896,0.5977560877799988,5.566950494539924e-05,0.008599926717579365,nan,nan
0,2247,2018-11-03,0.06200000271201134,0.5775755047798157,5.065273217041977e-05,0.02137037180364132,nan,nan
0,2247,2018-11-04,0.061000000685453415,0.5693942308425903,4.518498099059798e-05,0.02077467367053032,nan,nan
0,2247,2018-11-05,0.06000000238418579,0.5754970908164978,4.007221286883578e-05,0.021307367831468582,nan,nan
0,2247,2018-11-06,0.05900000035762787,0.5836666226387024,3.561373887350783e-05,0.022013412788510323,nan,nan
0,2247,2018-11-07,0.05900000035762787,0.6237766146659851,3.189120252500288e-05,0.02542812190949917,nan,nan
0,2247,2018-11-08,0.05900000035762787,0.9054458737373352,7.490013376809657e-05,0.023420700803399086,nan,nan
0,2247,2018-11-09,0.05900000035762787,0.8071802854537964,0.00010246573219774291,0.043841518461704254,nan,nan
0,2247,2018-11-10,0.06000000238418579,0.7246620059013367,9.045350452652201e-05,0.03494004160165787,nan,nan
0,2247,2018-11-11,0.06000000238418579,0.7731080651283264,8.947859168983996e-05,0.005658416543155909,nan,nan
0,2247,2018-11-12,0.05900000035762787,0.7657884955406189,8.214077388402075e-05,0.030762119218707085,nan,nan
0,2247,2018-11-13,0.06000000238418579,0.7535293102264404,7.526751141995192e-05,0.03793928772211075,nan,nan
0,2247,2018-11-14,0.06000000238418579,0.8542006611824036,8.941606938606128e-05,0.0025144354440271854,nan,nan
0,2247,2018-11-15,0.05900000035762787,0.7714312672615051,8.750483539188281e-05,0.03979143127799034,nan,nan
0,2247,2018-11-16,0.05900000035762787,0.730472207069397,7.89854530012235e-05,0.03553377836942673,nan,nan
0,2247,2018-11-17,0.05900000035762787,0.682160496711731,7.179054227890447e-05,0.030748963356018066,nan,nan
0,2247,2018-11-18,0.05900000035762787,0.6330204606056213,6.482663593487814e-05,0.02623690851032734,nan,nan
0,2247,2018-11-19,0.05900000035762787,0.6039273142814636,5.91765419812873e-05,0.023734200745821,nan,nan
0,2247,2018-11-20,0.05900000035762787,0.5664964318275452,6.0871705500176176e-05,0.0030288200359791517,nan,nan
0,2247,2018-11-21,0.057999998331069946,0.5075284242630005,5.8328074374003336e-05,0.014390682801604271,nan,nan
0,2247,2018-11-22,0.05700000002980232,0.514261782169342,5.408360084402375e-05,0.015893425792455673,nan,nan
0,2247,2018-11-23,0.05700000002980232,0.5472130179405212,4.950977017870173e-05,0.019313158467411995,nan,nan
0,2247,2018-11-24,0.06300000101327896,0.8416550755500793,0.0002248697855975479,0.1048503965139389,nan,nan
0,2247,2018-11-25,0.07000000029802322,0.8286700248718262,0.0004048169357702136,0.0460243783891201,nan,nan
0,2247,2018-11-26,0.07599999755620956,0.7573527693748474,0.0002861223474610597,0.03759543225169182,nan,nan
0,2247,2018-11-27,0.0820000022649765,0.7903038859367371,0.00024524948094040155,0.009459772147238255,nan,nan
0,2247,2018-11-28,0.08699999749660492,0.7475705146789551,0.00022851189714856446,0.03212110698223114,nan,nan
0,2247,2018-11-29,0.09200000017881393,0.7286943793296814,0.00020142605353612453,0.03353258594870567,nan,nan
0,2247,2018-11-30,0.09600000083446503,0.6914306282997131,0.00017916013894136995,0.02961868979036808,nan,nan
0,2247,2018-12-01,0.10999999940395355,0.7277660369873047,0.00016440023318864405,0.020455650985240936,nan,nan
0,2247,2018-12-02,0.13199999928474426,0.7899205088615417,0.00015766009164508432,0.008569646626710892,nan,nan
0,2247,2018-12-03,0.23499998450279236,1.7345635890960693,0.013942337594926357,0.5355282425880432,nan,nan
0,2247,2018-12-04,2.8980000019073486,2.316241502761841,0.04265093058347702,0.024827610701322556,nan,nan
0,2247,2018-12-05,2.1440000534057617,2.412872791290283,0.04747530445456505,0.011033057235181332,nan,nan
0,2247,2018-12-06,2.006999969482422,2.137925148010254,0.03884252905845642,0.008310828357934952,nan,nan
0,2247,2018-12-07,2.5769999027252197,1.879008412361145,0.02789948135614395,0.0013802123721688986,nan,nan
0,2247,2018-12-08,3.069000005722046,2.0227315425872803,0.02407832443714142,0.032150134444236755,nan,nan
0,2247,2018-12-09,5.359000205993652,2.5105996131896973,0.03517604246735573,0.16508863866329193,nan,nan
0,2247,2018-12-10,8.989999771118164,4.280531406402588,0.15690457820892334,0.6542457342147827,nan,nan
0,2247,2018-12-11,8.640000343322754,5.326493740081787,0.25567543506622314,0.242478147149086,nan,nan
0,2247,2018-12-12,6.7220001220703125,4.316893577575684,0.22668778896331787,0.11725303530693054,nan,nan
0,2247,2018-12-13,4.546000003814697,3.370771646499634,0.18184810876846313,0.06713419407606125,nan,nan
0,2247,2018-12-14,2.7890000343322754,2.918020725250244,0.13994909822940826,2.1160215055715526e-06,nan,nan
0,2247,2018-12-15,1.8140000104904175,2.4697818756103516,0.10653506964445114,0.03388551250100136,nan,nan
0,2247,2018-12-16,1.569000005722046,2.267230987548828,0.12325385212898254,0.010098901577293873,nan,nan
0,2247,2018-12-17,1.899999976158142,1.8316831588745117,0.10912483930587769,0.03173935040831566,nan,nan
0,2247,2018-12-18,1.690000057220459,1.6446282863616943,0.0829814225435257,0.006547880358994007,nan,nan
0,2247,2018-12-19,1.4420000314712524,1.4034029245376587,0.061783384531736374,0.006964049767702818,nan,nan
0,2247,2018-12-20,1.6239999532699585,1.6946862936019897,0.06794413179159164,0.02085520327091217,nan,nan
0,2247,2018-12-21,2.315000057220459,1.6761391162872314,0.05856475979089737,0.025605063885450363,nan,nan
0,2247,2018-12-22,7.4160003662109375,5.140089988708496,0.39632490277290344,0.0028091445565223694,nan,nan
0,2247,2018-12-23,6.855000019073486,7.224091529846191,0.5483059883117676,0.29844239354133606,nan,nan
0,2247,2018-12-24,9.470999717712402,9.499516487121582,0.6712533831596375,0.5356283783912659,nan,nan
0,2247,2018-12-25,11.152000427246094,7.84503173828125,0.6977698802947998,0.07337338477373123,nan,nan
0,2247,2018-12-26,8.38599967956543,6.064046859741211,0.6679378151893616,0.0908585786819458,nan,nan
0,2247,2018-12-27,5.9710001945495605,4.879655838012695,0.6148691177368164,0.019503716379404068,nan,nan
0,2247,2018-12-28,3.9000003337860107,3.857051372528076,0.5397332906723022,2.222990951850079e-05,nan,nan
0,2247,2018-12-29,2.6040000915527344,2.860619068145752,0.45523202419281006,0.009215240366756916,nan,nan
0,2247,2018-12-30,1.8380000591278076,2.6518752574920654,0.3720190227031708,0.07077059149742126,nan,nan
0,2247,2018-12-31,1.343999981880188,2.3524813652038574,0.30054059624671936,0.10151457786560059,nan,nan
0,2247,2019-01-01,1.0299999713897705,2.2717881202697754,0.13580957055091858,0.14677977561950684,nan,nan
0,2247,2019-01-02,0.8199999928474426,1.9912501573562622,0.09389816969633102,0.10976651310920715,nan,nan
0,2247,2019-01-03,0.6650000214576721,1.6492706537246704,0.06191636994481087,0.09326449036598206,nan,nan
0,2247,2019-01-04,0.5419999957084656,1.4306654930114746,0.04670437052845955,0.0745399221777916,nan,nan
0,2247,2019-01-05,0.453000009059906,1.2741780281066895,0.035863444209098816,0.06348112970590591,nan,nan
0,2247,2019-01-06,0.39800000190734863,1.289162516593933,0.02837052196264267,0.05573255941271782,nan,nan
0,2247,2019-01-07,0.3619999885559082,1.2412419319152832,0.02224462293088436,0.07192864269018173,nan,nan
0,2247,2019-01-08,0.3400000035762787,1.2297674417495728,0.013357730582356453,0.06362470239400864,nan,nan
0,2247,2019-01-09,0.3440000116825104,1.5456913709640503,0.015483507886528969,0.006602157838642597,nan,nan
0,2247,2019-01-10,0.34200000762939453,1.7019884586334229,0.015952959656715393,0.0034801012370735407,nan,nan
0,2247,2019-01-11,0.3310000002384186,1.521955966949463,0.014397871680557728,0.12009544670581818,nan,nan
0,2247,2019-01-12,0.32100000977516174,1.4043477773666382,0.012002356350421906,0.0758780837059021,nan,nan
0,2247,2019-01-13,0.3190000057220459,1.6998436450958252,0.015597355552017689,0.0010923200752586126,nan,nan
0,2247,2019-01-14,3.24399995803833,2.3627700805664062,0.03539656102657318,0.02514798194169998,nan,nan
0,2247,2019-01-15,3.7239999771118164,2.318249225616455,0.043708715587854385,0.011514485813677311,nan,nan
0,2247,2019-01-16,2.5139999389648438,2.04146146774292,0.03425668179988861,0.009646827355027199,nan,nan
0,2247,2019-01-17,1.9420000314712524,1.9183661937713623,0.026989050209522247,0.006466503255069256,nan,nan
0,2247,2019-01-18,1.7089999914169312,1.8581976890563965,0.02038082666695118,0.0010860670590773225,nan,nan
0,2247,2019-01-19,1.3509999513626099,1.7987843751907349,0.013368405401706696,0.03615245968103409,nan,nan
0,2247,2019-01-20,1.0579999685287476,1.5343823432922363,0.003776670666411519,0.03270052373409271,nan,nan
0,2247,2019-01-21,0.8479999899864197,1.445842981338501,0.0011065407888963819,0.04341427981853485,nan,nan
0,2247,2019-01-22,0.6880000233650208,1.2078372240066528,0.0006406877655535936,0.032520707696676254,nan,nan
0,2247,2019-01-23,0.5929999947547913,1.0405062437057495,0.000447152357082814,0.021833226084709167,nan,nan
0,2247,2019-01-24,0.5180000066757202,1.0527384281158447,0.0003818157420028001,0.006008792202919722,nan,nan
0,2247,2019-01-25,0.4399999976158142,0.9813441634178162,0.00032240021391771734,0.03041444532573223,nan,nan
0,2247,2019-01-26,0.39100000262260437,0.8388178944587708,0.00027314707404002547,0.02057700604200363,nan,nan
0,2247,2019-01-27,0.3840000033378601,0.8114491701126099,0.0002406775311101228,0.011373809538781643,nan,nan
0,2247,2019-01-28,0.48100000619888306,1.2337816953659058,0.001034082961268723,0.12357161194086075,nan,nan
0,2247,2019-01-29,0.5389999747276306,1.3645960092544556,0.001465338165871799,0.0007228563772514462,nan,nan
0,2247,2019-01-30,0.5090000033378601,1.328736662864685,0.0013697257963940501,0.012361939996480942,nan,nan
0,2247,2019-01-31,0.4779999852180481,1.378148078918457,0.0013455048901960254,0.005009096581488848,nan,nan
0,2247,2019-02-01,0.527999997138977,1.37592351436615,0.001313387299887836,0.00936629343777895,nan,nan
0,2247,2019-02-02,1.1019999980926514,1.7974251508712769,0.002626506146043539,0.014266441576182842,nan,nan
0,2247,2019-02-03,1.100000023841858,1.8104110956192017,0.002957116812467575,0.0072213732637465,nan,nan
0,2247,2019-02-04,0.9390000104904175,1.685804009437561,0.0025107134133577347,0.029474468901753426,nan,nan
0,2247,2019-02-05,0.8190000057220459,1.4585703611373901,0.0020234219264239073,0.05412830039858818,nan,nan
0,2247,2019-02-06,0.7179999947547913,1.2593756914138794,0.0016353803221136332,0.03977618366479874,nan,nan
0,2247,2019-02-07,0.6449999809265137,1.1203659772872925,0.0011385958641767502,0.03214159607887268,nan,nan
0,2247,2019-02-08,0.8809999823570251,1.2530725002288818,0.00118177046533674,1.6057624918630609e-07,nan,nan
0,2247,2019-02-09,1.0809999704360962,1.2145161628723145,0.0009513507247902453,0.01548578217625618,nan,nan
0,2247,2019-02-10,2.4670000076293945,1.192632794380188,0.0007646817830391228,0.009907479397952557,nan,nan
0,2247,2019-02-11,5.01800012588501,1.7994699478149414,0.0015144062926992774,0.2627718448638916,nan,nan
0,2247,2019-02-12,3.7119998931884766,2.0180065631866455,0.0016199812525883317,0.22041335701942444,nan,nan
0,2247,2019-02-13,2.822000026702881,1.947519302368164,0.0010198855306953192,0.014313344843685627,nan,nan
0,2247,2019-02-14,2.1110000610351562,1.7736167907714844,0.0008272482082247734,0.0001251988287549466,nan,nan
0,2247,2019-02-15,1.6419999599456787,1.5883007049560547,0.0006892459350638092,0.003946511074900627,nan,nan
0,2247,2019-02-16,1.4739999771118164,1.5275298357009888,0.0005630264640785754,0.016479622572660446,nan,nan
0,2247,2019-02-17,1.4900000095367432,1.4728891849517822,0.0004636876401491463,0.02042229473590851,nan,nan
0,2247,2019-02-18,1.5429999828338623,1.3860573768615723,0.00038837568718008697,0.013565425761044025,nan,nan
0,2247,2019-02-19,1.4859999418258667,1.3666224479675293,0.00032501693931408226,0.010384333319962025,nan,nan
0,2247,2019-02-20,1.409999966621399,1.287887454032898,0.0002730647975113243,0.008181103505194187,nan,nan
0,2247,2019-02-21,1.3509999513626099,1.2557979822158813,0.0002297488390468061,0.009028380736708641,nan,nan
0,2247,2019-02-22,1.3650000095367432,1.2959102392196655,0.0001898869959404692,0.013517196290194988,nan,nan
0,2247,2019-02-23,1.6579999923706055,1.2919816970825195,0.00015514604456257075,0.012711119838058949,nan,nan
0,2247,2019-02-24,1.7760000228881836,1.202850103378296,0.00013445578224491328,0.0013835387071594596,nan,nan
0,2247,2019-02-25,1.6920000314712524,1.2402557134628296,0.00011341171193635091,0.000714117893949151,nan,nan
0,2247,2019-02-26,1.7960000038146973,1.2701308727264404,5.760839849244803e-05,0.0024560100864619017,nan,nan
0,2247,2019-02-27,1.994999885559082,1.2746130228042603,4.007156167062931e-05,0.0010610731551423669,nan,nan
0,2247,2019-02-28,2.2669999599456787,1.3608448505401611,3.3388416341040283e-05,0.0004500035720411688,nan,nan
0,2247,2019-03-01,3.8610000610351562,1.4624792337417603,2.8491629564086907e-05,1.6056353615567787e-06,nan,nan
0,2247,2019-03-02,6.0970001220703125,2.2408711910247803,9.839977428782731e-05,0.2746368944644928,nan,nan
0,2247,2019-03-03,5.434999942779541,2.4133079051971436,0.00013970972213428468,0.16836315393447876,nan,nan
0,2247,2019-03-04,5.271999835968018,2.425380229949951,0.00011895029456354678,0.08477351069450378,nan,nan
0,2247,2019-03-05,4.538000106811523,2.693680763244629,0.00011323989019729197,0.09265968203544617,nan,nan
0,2247,2019-03-06,3.4730000495910645,2.542206287384033,0.0001104273833334446,0.010475401766598225,nan,nan
0,2247,2019-03-07,3.671999931335449,2.828768730163574,0.00012797572708223015,0.010483578778803349,nan,nan
0,2247,2019-03-08,4.658999919891357,2.67665696144104,0.0001283238671021536,0.0006086688954383135,nan,nan
0,2247,2019-03-09,4.920000076293945,2.6806862354278564,0.0001092899328796193,0.014400744810700417,nan,nan
0,2247,2019-03-10,6.043000221252441,3.2475943565368652,0.00016074080485850573,0.08028876781463623,nan,nan
0,2247,2019-03-11,7.033999919891357,3.556053638458252,0.00018040603026747704,0.06134176254272461,nan,nan
0,2247,2019-03-12,6.10699987411499,4.194021224975586,0.00020227520144544542,0.20722849667072296,nan,nan
0,2247,2019-03-13,5.099999904632568,4.165961742401123,0.0001980113738682121,0.006994907278567553,nan,nan
0,2247,2019-03-14,4.543000221252441,4.130077838897705,0.0002766243414953351,0.009648586623370647,nan,nan
0,2247,2019-03-15,8.218999862670898,5.4962544441223145,0.004732360597699881,0.08872388303279877,nan,nan
0,2247,2019-03-16,13.1850004196167,5.678716659545898,0.01295159850269556,0.03188537806272507,nan,nan
0,2247,2019-03-17,12.588000297546387,6.171760559082031,0.019297931343317032,0.39433717727661133,nan,nan
0,2247,2019-03-18,9.96399974822998,7.217112064361572,0.02439437434077263,0.16400796175003052,nan,nan
0,2247,2019-03-19,7.360000133514404,6.899390697479248,0.024987272918224335,0.01520384568721056,nan,nan
0,2247,2019-03-20,5.1539998054504395,6.123595237731934,0.02165134809911251,0.14328427612781525,nan,nan
0,2247,2019-03-21,3.5399999618530273,5.115321159362793,0.01796354353427887,0.24031302332878113,nan,nan
0,2247,2019-03-22,2.6029999256134033,4.43010139465332,0.014420034363865852,0.34364959597587585,nan,nan
0,2247,2019-03-23,2.0269999504089355,3.7956864833831787,0.011609918437898159,0.33355578780174255,nan,nan
0,2247,2019-03-24,1.684000015258789,3.0921030044555664,0.00965145230293274,0.23702584207057953,nan,nan
0,2247,2019-03-25,1.4839999675750732,2.7092318534851074,0.007924378849565983,0.195961594581604,nan,nan
0,2247,2019-03-26,1.2879999876022339,2.5521018505096436,0.0061954353004693985,0.18914948403835297,nan,nan
0,2247,2019-03-27,1.1059999465942383,2.212042808532715,0.004905605688691139,0.14187145233154297,nan,nan
0,2247,2019-03-28,0.9570000171661377,1.8087303638458252,0.003948981873691082,0.0892428606748581,nan,nan
0,2247,2019-03-29,0.8500000238418579,1.6175545454025269,0.0033085772302001715,0.0744083896279335,nan,nan
0,2247,2019-03-30,0.7680000066757202,1.6481797695159912,0.002770742867141962,0.08990656584501266,nan,nan
0,2247,2019-03-31,0.7129999995231628,1.5294636487960815,0.0018714336911216378,0.07945825904607773,nan,nan
0,2247,2019-04-01,0.6840000152587891,1.4608850479125977,0.0013828882947564125,0.07444372773170471,nan,nan
0,2247,2019-04-02,0.6650000214576721,1.4713078737258911,0.0012243265518918633,0.07882444560527802,nan,nan
0,2247,2019-04-03,0.6800000071525574,1.4278737306594849,0.0010960146319121122,0.07412555813789368,nan,nan
0,2247,2019-04-04,0.8240000009536743,2.6506643295288086,0.014169581234455109,0.07959584146738052,nan,nan
0,2247,2019-04-05,0.8830000162124634,2.473906993865967,0.021371593698859215,0.06318775564432144,nan,nan
0,2247,2019-04-06,0.9100000262260437,1.9498987197875977,0.016620447859168053,0.13794617354869843,nan,nan
0,2247,2019-04-07,1.3849999904632568,1.7923178672790527,0.013096509501338005,0.08627419173717499,nan,nan
0,2247,2019-04-08,2.242000102996826,1.7350271940231323,0.01014466118067503,0.013232965022325516,nan,nan
0,2247,2019-04-09,2.2720000743865967,1.6726123094558716,0.0077126300893723965,0.003948914352804422,nan,nan
0,2247,2019-04-10,1.9930000305175781,1.5503884553909302,0.0056076450273394585,0.0005914827343076468,nan,nan
0,2247,2019-04-11,1.6649999618530273,1.4475605487823486,0.004072275944054127,0.002040057210251689,nan,nan
0,2247,2019-04-12,1.4429999589920044,1.5011637210845947,0.0032317289151251316,0.01372888870537281,nan,nan
0,2247,2019-04-13,1.2430000305175781,1.3802872896194458,0.00152109214104712,0.01516025047749281,nan,nan
0,2247,2019-04-14,1.0529999732971191,1.2572882175445557,0.0008250578539445996,0.015538850799202919,nan,nan
0,2247,2019-04-15,0.8759999871253967,1.2806408405303955,0.000525621697306633,0.02698425017297268,nan,nan
0,2247,2019-04-16,0.7329999804496765,1.1402535438537598,0.0004244030569680035,0.024660905823111534,nan,nan
0,2247,2019-04-17,0.6510000228881836,1.0367578268051147,0.0003381760325282812,0.02233697846531868,nan,nan
0,2247,2019-04-18,0.5889999866485596,0.9313554763793945,0.0003007840714417398,0.019477147608995438,nan,nan
0,2247,2019-04-19,0.5509999990463257,0.927520751953125,0.00030768351280130446,0.022311147302389145,nan,nan
0,2247,2019-04-20,0.5400000214576721,0.9092717170715332,0.00030573460389859974,0.022817106917500496,nan,nan
0,2247,2019-04-21,0.5299999713897705,0.8929078578948975,0.00040411268128082156,0.022059552371501923,nan,nan
0,2247,2019-04-22,0.5199999809265137,0.9099577069282532,0.00046079212916083634,0.023998931050300598,nan,nan
0,2247,2019-04-23,0.503000020980835,0.9255173206329346,0.0006604389636777341,0.025889303535223007,nan,nan
0,2247,2019-04-24,0.48000001907348633,0.9807113409042358,0.0007616890361532569,0.03200547769665718,nan,nan
0,2247,2019-04-25,0.4869999885559082,1.124288558959961,0.0006692407769151032,0.016571439802646637,nan,nan
0,2247,2019-04-26,0.6370000243186951,1.5591498613357544,0.0009514327975921333,0.04264526441693306,nan,nan
0,2247,2019-04-27,0.8899999856948853,1.3041170835494995,0.001154043129645288,0.025743503123521805,nan,nan
0,2247,2019-04-28,1.5549999475479126,1.4071285724639893,0.0014387627597898245,0.014134492725133896,nan,nan
0,2247,2019-04-29,2.312999963760376,1.2562789916992188,0.0013340013101696968,0.00047529165749438107,nan,nan
0,2247,2019-04-30,1.7790000438690186,1.1031711101531982,0.001095531857572496,0.01093839481472969,nan,nan
0,2247,2019-05-01,1.305999994277954,1.048241376876831,0.0009086710051633418,0.0006795203080400825,nan,nan
0,2247,2019-05-02,1.0080000162124634,0.9836404919624329,0.000893311167601496,0.0015320769743993878,nan,nan
0,2247,2019-05-03,0.9139999747276306,1.1405901908874512,0.00033868980244733393,0.003130139084532857,nan,nan
0,2247,2019-05-04,0.8970000147819519,1.0206156969070435,0.00022789876675233245,0.01388191431760788,nan,nan
0,2247,2019-05-05,1.0110000371932983,1.0804731845855713,0.00024201952328439802,0.007757134269922972,nan,nan
0,2247,2019-05-06,1.1670000553131104,0.9747651219367981,0.00023276093997992575,0.007807915564626455,nan,nan
0,2247,2019-05-07,1.0740000009536743,0.911114513874054,0.00020793739531654865,0.001912392908707261,nan,nan
0,2247,2019-05-08,0.9900000095367432,0.8800942301750183,0.00020135405065957457,0.002659047953784466,nan,nan
0,2247,2019-05-09,2.5739998817443848,1.6358617544174194,0.0021673969458788633,0.24679626524448395,nan,nan
0,2247,2019-05-10,2.674999952316284,1.75929856300354,0.003432669211179018,0.04359756037592888,nan,nan
0,2247,2019-05-11,2.686000108718872,1.6972036361694336,0.002808305434882641,0.006911424919962883,nan,nan
0,2247,2019-05-12,3.4130001068115234,1.9379243850708008,0.0027475631795823574,0.048745881766080856,nan,nan
0,2247,2019-05-13,2.7039999961853027,1.7991005182266235,0.003027763217687607,0.011599443852901459,nan,nan
0,2247,2019-05-14,2.0,1.6685222387313843,0.003177599748596549,0.00036637403536587954,nan,nan
0,2247,2019-05-15,1.4989999532699585,1.425046682357788,0.004021819215267897,0.0014298646710813046,nan,nan
0,2247,2019-05-16,1.152999997138977,1.3074263334274292,0.0037208618596196175,0.008740819990634918,nan,nan
0,2247,2019-05-17,0.9229999780654907,1.196107029914856,0.0032635971438139677,0.015315348282456398,nan,nan
0,2247,2019-05-18,0.7799999713897705,1.1348193883895874,0.002660662168636918,0.019073452800512314,nan,nan
0,2247,2019-05-19,0.6809999942779541,1.0647976398468018,0.0021585565991699696,0.023501776158809662,nan,nan
0,2247,2019-05-20,0.7009999752044678,1.2958954572677612,0.0019198376685380936,0.005883828736841679,nan,nan
0,2247,2019-05-21,1.1950000524520874,1.476414442062378,0.0022240395192056894,0.003099322784692049,nan,nan
0,2247,2019-05-22,1.2269999980926514,1.2578386068344116,0.0023198018316179514,0.017744004726409912,nan,nan
0,2247,2019-05-23,1.0089999437332153,1.1017225980758667,0.0023514425847679377,0.007243928965181112,nan,nan
0,2247,2019-05-24,0.8069999814033508,1.1116441488265991,0.0026391036808490753,0.015868540853261948,nan,nan
0,2247,2019-05-25,0.6570000052452087,1.1247667074203491,0.0019527567783370614,0.027192065492272377,nan,nan
0,2247,2019-05-26,0.597000002861023,1.3935527801513672,0.0013660540571436286,0.004982653073966503,nan,nan
0,2247,2019-05-27,0.5249999761581421,1.1948236227035522,0.0013640949036926031,0.04872063547372818,nan,nan
0,2247,2019-05-28,0.47300001978874207,1.1945961713790894,0.0011449662270024419,0.04792510345578194,nan,nan
0,2247,2019-05-29,0.46000000834465027,1.5178802013397217,0.0012480743462219834,0.0026232192758470774,nan,nan
0,2247,2019-05-30,0.4399999976158142,1.2981045246124268,0.0012782764388248324,0.07443100959062576,nan,nan
0,2247,2019-05-31,0.42100000381469727,1.1540465354919434,0.0013070916756987572,0.05622082203626633,nan,nan
0,2247,2019-06-01,0.39800000190734863,0.9857069253921509,0.0016346967313438654,0.037874508649110794,nan,nan
0,2247,2019-06-02,0.3709999918937683,0.8920618891716003,0.0022452690172940493,0.029980871826410294,nan,nan
0,2247,2019-06-03,0.3499999940395355,0.8161290884017944,0.0032323538325726986,0.024714143946766853,nan,nan
0,2247,2019-06-04,0.3319999873638153,0.8396559953689575,0.0036027776077389717,0.02798496186733246,nan,nan
0,2247,2019-06-05,0.32100000977516174,0.7949904203414917,0.007779012434184551,0.02505255863070488,nan,nan
0,2247,2019-06-06,0.3140000104904175,0.960249662399292,0.010218730196356773,0.042102232575416565,nan,nan
0,2247,2019-06-07,0.3089999854564667,0.9870758056640625,0.0042589143849909306,0.04567432031035423,nan,nan
0,2247,2019-06-08,0.30300000309944153,0.8320946097373962,0.0035399561747908592,0.02972366102039814,nan,nan
0,2247,2019-06-09,0.29600000381469727,0.7169396877288818,0.005156757775694132,0.020195554941892624,nan,nan
0,2247,2019-06-10,0.3019999861717224,1.2892887592315674,0.029828332364559174,0.22997118532657623,nan,nan
0,2247,2019-06-11,0.6669999957084656,2.3720529079437256,0.1453641951084137,0.3063882291316986,nan,nan
0,2247,2019-06-12,1.5740000009536743,1.916305661201477,0.20763330161571503,0.00982348807156086,nan,nan
0,2247,2019-06-13,2.0269999504089355,1.429036021232605,0.20362964272499084,0.012874539941549301,nan,nan
0,2247,2019-06-14,1.7619999647140503,1.2028648853302002,0.20078887045383453,0.000750179635360837,nan,nan
0,2247,2019-06-15,1.628999948501587,1.4312323331832886,0.16077814996242523,0.013853071257472038,nan,nan
0,2247,2019-06-16,2.315000057220459,1.8415483236312866,0.13708831369876862,0.04939407482743263,nan,nan
0,2247,2019-06-17,1.8700001239776611,1.4970335960388184,0.14573827385902405,5.156503448233707e-06,nan,nan
0,2247,2019-06-18,1.3960000276565552,1.2778769731521606,0.14528347551822662,0.00042064630542881787,nan,nan
0,2247,2019-06-19,1.0850000381469727,1.052067518234253,0.15026941895484924,0.0017651579109951854,nan,nan
0,2247,2019-06-20,0.875,0.9310158491134644,0.16562362015247345,0.0040323990397155285,nan,nan
0,2247,2019-06-21,0.7059999704360962,1.1267169713974,0.12547071278095245,0.0027092520613223314,nan,nan
0,2247,2019-06-22,0.597000002861023,1.3449283838272095,0.09195797890424728,4.7853332944214344e-05,nan,nan
0,2247,2019-06-23,0.6150000095367432,1.2550734281539917,0.06923244893550873,0.05319269746541977,nan,nan
0,2247,2019-06-24,0.6039999723434448,0.8582984805107117,0.06480199098587036,0.01586998999118805,nan,nan
0,2247,2019-06-25,0.5350000262260437,0.7491734027862549,0.0764661654829979,0.009642887860536575,nan,nan
0,2247,2019-06-26,0.46699997782707214,0.8019210696220398,0.10605882108211517,0.015533527359366417,nan,nan
0,2247,2019-06-27,0.40799999237060547,0.7715984582901001,0.1501852571964264,0.01645640842616558,nan,nan
0,2247,2019-06-28,0.367000013589859,0.6868072152137756,0.24054299294948578,0.01334718894213438,nan,nan
0,2247,2019-06-29,0.3409999907016754,0.6785601377487183,0.3499995470046997,0.014511048793792725,nan,nan
0,2247,2019-06-30,0.32100000977516174,0.6701233983039856,0.4636504054069519,0.015059311874210835,nan,nan
0,2247,2019-07-01,0.30799999833106995,0.7417532801628113,0.5350002646446228,0.021232716739177704,nan,nan
0,2247,2019-07-02,0.2980000078678131,0.6881577968597412,0.6293963193893433,0.017795976251363754,nan,nan
0,2247,2019-07-03,0.289000004529953,0.5894148945808411,0.591255784034729,0.011723379604518414,nan,nan
0,2247,2019-07-04,0.28299999237060547,0.6353057622909546,0.49148961901664734,0.00826407689601183,nan,nan
0,2247,2019-07-05,0.2759999930858612,0.6360423564910889,0.4200223684310913,0.015274965204298496,nan,nan
0,2247,2019-07-06,0.27000001072883606,0.5775143504142761,0.46113213896751404,0.011856192722916603,nan,nan
0,2247,2019-07-07,0.28600001335144043,1.0147607326507568,0.47016221284866333,0.07905647158622742,nan,nan
0,2247,2019-07-08,0.3019999861717224,0.9487931132316589,0.5848875641822815,0.04334566742181778,nan,nan
0,2247,2019-07-09,0.3070000112056732,0.8416911363601685,0.466757208108902,0.031061559915542603,nan,nan
0,2247,2019-07-10,0.3059999942779541,0.6636048555374146,0.38117292523384094,0.016101932153105736,nan,nan
0,2247,2019-07-11,0.30000001192092896,0.4623963236808777,0.3392324447631836,0.005227339919656515,nan,nan
0,2247,2019-07-12,0.2930000126361847,0.49946457147598267,0.2354162484407425,0.006962299346923828,nan,nan
0,2247,2019-07-13,0.2840000092983246,0.437505304813385,0.22089740633964539,0.004596923943608999,nan,nan
0,2247,2019-07-14,0.2750000059604645,0.4264524281024933,0.205193430185318,0.004404635168612003,nan,nan
0,2247,2019-07-15,0.26600000262260437,0.44342079758644104,0.15514032542705536,0.005265170708298683,nan,nan
0,2247,2019-07-16,0.2590000033378601,0.4393274486064911,0.10057446360588074,0.005332308355718851,nan,nan
0,2247,2019-07-17,0.25099998712539673,0.40465047955513,0.10277486592531204,0.004200206603854895,nan,nan
0,2247,2019-07-18,0.2449999898672104,0.42465052008628845,0.12021414190530777,0.005134187638759613,nan,nan
0,2247,2019-07-19,0.23899999260902405,0.4503962993621826,0.11132625490427017,0.006353902630507946,nan,nan
0,2247,2019-07-20,0.23399999737739563,0.47119027376174927,0.117381751537323,0.007468698546290398,nan,nan
0,2247,2019-07-21,0.2290000021457672,0.4630359411239624,0.1589941382408142,0.007238139398396015,nan,nan
0,2247,2019-07-22,0.22499999403953552,0.47454550862312317,0.17161841690540314,0.007936190813779831,nan,nan
0,2247,2019-07-23,0.22100000083446503,0.5014441013336182,0.19703106582164764,0.009429795667529106,nan,nan
0,2247,2019-07-24,0.21799999475479126,0.5107629299163818,0.25459039211273193,0.010068884119391441,nan,nan
0,2247,2019-07-25,0.21400000154972076,0.5189157128334045,0.344489723443985,0.010627158917486668,nan,nan
0,2247,2019-07-26,0.210999995470047,0.5650575160980225,0.4171048402786255,0.01353682391345501,nan,nan
0,2247,2019-07-27,0.21199999749660492,0.7917877435684204,0.3685024678707123,0.09802178293466568,nan,nan
0,2247,2019-07-28,0.22100000083446503,1.3269246816635132,0.49002426862716675,0.4364403188228607,nan,nan
0,2247,2019-07-29,0.2549999952316284,1.0801841020584106,0.4964919090270996,0.02553570456802845,nan,nan
0,2247,2019-07-30,0.28200000524520874,0.8988434672355652,0.4203236699104309,0.040010541677474976,nan,nan
0,2247,2019-07-31,0.3160000145435333,0.8130010366439819,0.3402336537837982,0.029561426490545273,nan,nan
0,2247,2019-08-01,0.37599998712539673,0.7124452590942383,0.2650471031665802,0.01921333745121956,nan,nan
0,2247,2019-08-02,0.39500001072883606,0.6128445267677307,0.22238203883171082,0.010200790129601955,nan,nan
0,2247,2019-08-03,0.3700000047683716,0.5289812088012695,0.1733449548482895,0.005601921584457159,nan,nan
0,2247,2019-08-04,0.3409999907016754,0.5164669752120972,0.1491420418024063,0.0057480125688016415,nan,nan
0,2247,2019-08-05,0.3199999928474426,0.4530477821826935,0.10363343358039856,0.0040486943908035755,nan,nan
0,2247,2019-08-06,0.30799999833106995,0.4401061236858368,0.10506743937730789,0.004068207927048206,nan,nan
0,2247,2019-08-07,0.3059999942779541,0.7131450176239014,0.0943138375878334,0.047171708196401596,nan,nan
0,2247,2019-08-08,0.3149999976158142,1.0184246301651,0.06965090334415436,0.01096254400908947,nan,nan
0,2247,2019-08-09,0.3100000023841858,0.7425238490104675,0.07212353497743607,0.021601499989628792,nan,nan
0,2247,2019-08-10,0.3109999895095825,0.7958541512489319,0.057690832763910294,0.0036490107886493206,nan,nan
0,2247,2019-08-11,0.3240000009536743,0.7084651589393616,0.04807675629854202,0.019155673682689667,nan,nan
0,2247,2019-08-12,0.3529999852180481,0.8896287083625793,0.03832384571433067,0.009566651657223701,nan,nan
0,2247,2019-08-13,0.37299999594688416,0.7821800708770752,0.02825063467025757,0.020817797631025314,nan,nan
0,2247,2019-08-14,0.34599998593330383,0.5988740921020508,0.021022414788603783,0.00954946968704462,nan,nan
0,2247,2019-08-15,0.3240000009536743,0.5391533970832825,0.01706830970942974,0.0074290139600634575,nan,nan
0,2247,2019-08-16,0.31200000643730164,0.5413602590560913,0.013157819397747517,0.00821620412170887,nan,nan
0,2247,2019-08-17,0.30300000309944153,0.5643359422683716,0.010530069470405579,0.009800530970096588,nan,nan
0,2247,2019-08-18,0.29499998688697815,0.5402958393096924,0.013595362193882465,0.00884152203798294,nan,nan
0,2247,2019-08-19,0.33399999141693115,0.8264946937561035,0.015366489067673683,0.11250948160886765,nan,nan
0,2247,2019-08-20,0.6930000185966492,1.000225305557251,0.013891772367060184,0.05120497941970825,nan,nan
0,2247,2019-08-21,1.1629999876022339,1.3550888299942017,0.02655479498207569,0.21040359139442444,nan,nan
0,2247,2019-08-22,0.9490000009536743,1.0274138450622559,0.03976069763302803,0.00578926969319582,nan,nan
0,2247,2019-08-23,0.7149999737739563,0.8913650512695312,0.030044151470065117,0.005854346323758364,nan,nan
0,2247,2019-08-24,0.5740000009536743,0.8964263200759888,0.023113684728741646,0.01412543561309576,nan,nan
0,2247,2019-08-25,0.4740000367164612,0.8170757293701172,0.017793478444218636,0.014867434278130531,nan,nan
0,2247,2019-08-26,0.4050000011920929,0.7013159990310669,0.015239343978464603,0.011648171581327915,nan,nan
0,2247,2019-08-27,0.36000001430511475,0.6382084488868713,0.013505890965461731,0.010573347099125385,nan,nan
0,2247,2019-08-28,0.33500000834465027,0.7194117903709412,0.010101662017405033,0.0027935935650020838,nan,nan
0,2247,2019-08-29,0.3190000057220459,0.75398850440979,0.008990652859210968,0.02148989774286747,nan,nan
0,2247,2019-08-30,0.30799999833106995,0.7758488059043884,0.007692912593483925,0.024132145568728447,nan,nan
0,2247,2019-08-31,0.3009999990463257,0.7641756534576416,0.006920177023857832,0.023744743317365646,nan,nan
0,2247,2019-09-01,0.2930000126361847,0.7296465039253235,0.007326827850192785,0.021292613819241524,nan,nan
0,2247,2019-09-02,0.28600001335144043,0.6958510279655457,0.005965608172118664,0.01851535588502884,nan,nan
0,2247,2019-09-03,0.27799999713897705,0.6107537746429443,0.0046398877166211605,0.013498575426638126,nan,nan
0,2247,2019-09-04,0.2709999978542328,0.5203796625137329,0.004048242699354887,0.008646070025861263,nan,nan
0,2247,2019-09-05,0.2639999985694885,0.49914130568504333,0.0031992883887141943,0.007819605991244316,nan,nan
0,2247,2019-09-06,0.257999986410141,0.4635854661464691,0.0025694244541227818,0.006396105512976646,nan,nan
0,2247,2019-09-07,0.2529999911785126,0.4842280149459839,0.0016615726053714752,0.007507305592298508,nan,nan
0,2247,2019-09-08,0.24800001084804535,0.4914412796497345,0.0011722557246685028,0.008007264696061611,nan,nan
0,2247,2019-09-09,0.2449999898672104,0.5909285545349121,0.000896489480510354,0.00046758726239204407,nan,nan
0,2247,2019-09-10,0.24199999868869781,0.5545163750648499,0.0006818560068495572,0.011675321497023106,nan,nan
0,2247,2019-09-11,0.23800000548362732,0.5033425092697144,0.0005745819071307778,0.008958283811807632,nan,nan
0,2247,2019-09-12,0.23399999737739563,0.4747924506664276,0.0004913217853754759,0.007669759914278984,nan,nan
0,2247,2019-09-13,0.23000000417232513,0.4565163850784302,0.0004698866978287697,0.006939333397895098,nan,nan
0,2247,2019-09-14,0.22599999606609344,0.4903419315814972,0.0004684287414420396,0.008688102476298809,nan,nan
0,2247,2019-09-15,0.22300000488758087,0.5212512612342834,0.0004257861291989684,0.010470102541148663,nan,nan
0,2247,2019-09-16,0.2199999988079071,0.606526255607605,0.00041905062971636653,0.01589115522801876,nan,nan
0,2247,2019-09-17,0.21699999272823334,0.6549726724624634,0.00026542911655269563,0.019536249339580536,nan,nan
0,2247,2019-09-18,0.21400000154972076,0.6918669939041138,0.00029019653447903693,0.022602032870054245,nan,nan
0,2247,2019-09-19,0.210999995470047,0.6535236239433289,0.00021348759764805436,0.019720008596777916,nan,nan
0,2247,2019-09-20,0.20800000429153442,0.5879994630813599,0.00012268885620869696,0.015157962217926979,nan,nan
0,2247,2019-09-21,0.20499999821186066,0.5478805303573608,0.0001124784757848829,0.012706384062767029,nan,nan
0,2247,2019-09-22,0.20200000703334808,0.5200737118721008,0.00010249787737848237,0.011168012395501137,nan,nan
0,2247,2019-09-23,0.210999995470047,0.993067741394043,0.0007758333813399076,0.3031197190284729,nan,nan
0,2247,2019-09-24,0.21699999272823334,0.7951739430427551,0.0022557300981134176,0.032223720103502274,nan,nan
0,2247,2019-09-25,0.21699999272823334,0.7402705550193787,0.001931948121637106,0.011773350648581982,nan,nan
0,2247,2019-09-26,0.21699999272823334,0.738518238067627,0.0015270393341779709,0.002392979571595788,nan,nan
0,2247,2019-09-27,0.21699999272823334,0.6796463131904602,0.0012973060365766287,0.020326634868979454,nan,nan
0,2247,2019-09-28,0.21799999475479126,0.7306086421012878,0.0010940436040982604,0.016144007444381714,nan,nan
0,2247,2019-09-29,0.2199999988079071,0.6474947929382324,0.0009722608956508338,0.019067959859967232,nan,nan
0,2247,2019-09-30,0.2199999988079071,0.6083786487579346,0.0011095853988081217,0.016151729971170425,nan,nan
0,2247,2019-10-01,0.21899999678134918,0.6346478462219238,0.0009699635556899011,0.018020326271653175,nan,nan
0,2247,2019-10-02,0.22699999809265137,0.9069637656211853,0.001638685935176909,0.06969617307186127,nan,nan
0,2247,2019-10-03,0.2770000100135803,0.9622045755386353,0.0017823108937591314,0.001773304771631956,nan,nan
0,2247,2019-10-04,0.31200000643730164,0.8667870759963989,0.0015611641574651003,0.03513745591044426,nan,nan
0,2247,2019-10-05,0.3709999918937683,0.9137222170829773,0.001647362601943314,5.6100059737218544e-05,nan,nan
0,2247,2019-10-06,0.7549999952316284,0.8258161544799805,0.001476375968195498,0.006059342995285988,nan,nan
0,2247,2019-10-07,1.4199999570846558,0.9984206557273865,0.0017710987012833357,0.032102860510349274,nan,nan
0,2247,2019-10-08,1.1460000276565552,0.8656237125396729,0.0017277307342737913,0.00016734885866753757,nan,nan
0,2247,2019-10-09,0.9200000166893005,0.8042111992835999,0.0014525847509503365,0.005671776831150055,nan,nan
0,2247,2019-10-10,1.7130000591278076,1.130413293838501,0.0027677826583385468,0.12718607485294342,nan,nan
0,2247,2019-10-11,1.3389999866485596,0.9706774353981018,0.0034196553751826286,0.0013685793383046985,nan,nan
0,2247,2019-10-12,0.9819999933242798,0.8832094669342041,0.002871506614610553,3.634383392636664e-05,nan,nan
0,2247,2019-10-13,0.7820000052452087,0.9248353242874146,0.00251635885797441,0.0063756839372217655,nan,nan
0,2247,2019-10-14,0.6370000243186951,0.9018319249153137,0.002535429550334811,0.011792710050940514,nan,nan
0,2247,2019-10-15,0.5830000042915344,0.9124330878257751,0.0023336722515523434,0.01873079314827919,nan,nan
0,2247,2019-10-16,1.343000054359436,1.5111346244812012,0.012160532176494598,0.1748514026403427,nan,nan
0,2247,2019-10-17,1.284000039100647,1.2591079473495483,0.023040805011987686,0.011587737128138542,nan,nan
0,2247,2019-10-18,1.0470000505447388,1.1504753828048706,0.019518544897437096,0.00025500767515040934,nan,nan
0,2247,2019-10-19,5.577000141143799,3.1969497203826904,0.2522222399711609,0.2250818908214569,nan,nan
0,2247,2019-10-20,9.16100025177002,5.780963897705078,0.43230870366096497,0.00011454498599050567,nan,nan
0,2247,2019-10-21,7.989999771118164,9.540834426879883,0.43578189611434937,0.3826940059661865,nan,nan
0,2247,2019-10-22,8.359000205993652,7.327208995819092,0.3411678671836853,0.02871701493859291,nan,nan
0,2247,2019-10-23,6.415999889373779,5.896246910095215,0.26716816425323486,0.020102115347981453,nan,nan
0,2247,2019-10-24,4.415999889373779,4.852828502655029,0.22856569290161133,0.039152029901742935,nan,nan
0,2247,2019-10-25,2.8369998931884766,3.5724313259124756,0.18415695428848267,0.03977159038186073,nan,nan
0,2247,2019-10-26,1.929999828338623,2.7799060344696045,0.14418818056583405,0.0676482617855072,nan,nan
0,2247,2019-10-27,1.3769999742507935,2.282062530517578,0.11289279162883759,0.08028284460306168,nan,nan
0,2247,2019-10-28,1.0549999475479126,1.8628195524215698,0.08773821592330933,0.0707680806517601,nan,nan
0,2247,2019-10-29,0.8790000081062317,2.1051597595214844,0.0876215398311615,0.010902742855250835,nan,nan
0,2247,2019-10-30,0.753000020980835,1.8983440399169922,0.07365407794713974,0.12313295900821686,nan,nan
0,2247,2019-10-31,0.640999972820282,1.6256558895111084,0.04729989171028137,0.09652960300445557,nan,nan
0,2247,2019-11-01,0.5559999942779541,1.3105436563491821,0.036350272595882416,0.04254177212715149,nan,nan
0,2247,2019-11-02,0.9710000157356262,1.6447232961654663,0.04953358694911003,0.02006446197628975,nan,nan
0,2247,2019-11-03,2.3329999446868896,2.112938642501831,0.0557224415242672,0.0160833690315485,nan,nan
0,2247,2019-11-04,4.519999980926514,2.972449541091919,0.08297121524810791,0.0653509572148323,nan,nan
0,2247,2019-11-05,5.091000080108643,3.1765823364257812,0.07987742125988007,0.032417330890893936,nan,nan
0,2247,2019-11-06,4.934000015258789,2.9605095386505127,0.06574264913797379,0.12617412209510803,nan,nan
0,2247,2019-11-07,4.186999797821045,2.7447409629821777,0.05410952866077423,0.01887272484600544,nan,nan
0,2247,2019-11-08,3.322999954223633,2.8377349376678467,0.04163852334022522,0.026484789326786995,nan,nan
0,2247,2019-11-09,2.569000005722046,2.479658365249634,0.028720634058117867,0.0077142659574747086,nan,nan
0,2247,2019-11-10,1.959999918937683,2.1305582523345947,0.021549062803387642,0.016965989023447037,nan,nan
0,2247,2019-11-11,1.4609999656677246,1.8068068027496338,0.016220713034272194,0.02212018147110939,nan,nan
0,2247,2019-11-12,1.1579999923706055,1.5250165462493896,0.01237858459353447,0.014998873695731163,nan,nan
0,2247,2019-11-13,0.9629999995231628,1.478969931602478,0.009387129917740822,0.036477360874414444,nan,nan
0,2247,2019-11-14,0.8130000233650208,1.2935960292816162,0.003919485956430435,0.03369012102484703,nan,nan
0,2247,2019-11-15,0.7049999833106995,1.2747031450271606,0.0020031093154102564,0.009021932259202003,nan,nan
0,2247,2019-11-16,0.628000020980835,1.2080079317092896,0.0016911355778574944,0.042194101959466934,nan,nan
0,2247,2019-11-17,0.5609999895095825,1.0773264169692993,0.0003954132553189993,0.03360588848590851,nan,nan
0,2247,2019-11-18,0.5289999842643738,1.3375486135482788,0.0006120034959167242,0.03830893337726593,nan,nan
0,2247,2019-11-19,0.5210000276565552,1.1900848150253296,0.0006802216521464288,0.05336036905646324,nan,nan
0,2247,2019-11-20,0.5109999775886536,1.0188313722610474,0.0005536587559618056,0.03464294597506523,nan,nan
0,2247,2019-11-21,0.515999972820282,0.9351271390914917,0.0003849538916256279,0.027255577966570854,nan,nan
0,2247,2019-11-22,0.5870000123977661,0.9088847041130066,0.000328841240843758,0.020762121304869652,nan,nan
0,2247,2019-11-23,0.8820000290870667,0.9710620641708374,0.00027696473989635706,0.026105182245373726,nan,nan
0,2247,2019-11-24,0.98499995470047,0.9992712736129761,0.00022940670896787196,0.013832797296345234,nan,nan
0,2247,2019-11-25,0.9369999766349792,1.0451563596725464,0.00019307855109218508,0.012560497038066387,nan,nan
0,2247,2019-11-26,0.8500000238418579,1.1095197200775146,0.00016335640975739807,0.019042596220970154,nan,nan
0,2247,2019-11-27,0.7860000133514404,1.2777897119522095,0.00017723318887874484,0.0029329254757612944,nan,nan
0,2247,2019-11-28,1.6269999742507935,1.4748008251190186,0.00017389166168868542,0.00016651625628583133,nan,nan
0,2247,2019-11-29,5.63700008392334,2.4197115898132324,0.001338257105089724,0.19182339310646057,nan,nan
0,2247,2019-11-30,8.427000045776367,3.055406093597412,0.002758633578196168,0.32158908247947693,nan,nan
0,2247,2019-12-01,7.751999855041504,3.0813181400299072,0.002707549836486578,0.4154219925403595,nan,nan
0,2247,2019-12-02,6.048999786376953,3.6074302196502686,0.0031086893286556005,0.3387601673603058,nan,nan
0,2247,2019-12-03,4.23799991607666,3.2970809936523438,0.0027348853182047606,0.026036933064460754,nan,nan
0,2247,2019-12-04,2.9049999713897705,2.8931539058685303,0.0019154723268002272,0.0020874596666544676,nan,nan
0,2247,2019-12-05,2.0769999027252197,2.422250747680664,0.001556197414174676,0.022752070799469948,nan,nan
0,2247,2019-12-06,1.5119999647140503,1.9952086210250854,0.0011755089508369565,0.032231442630290985,nan,nan
0,2247,2019-12-07,1.1859999895095825,1.7013115882873535,0.0009146715747192502,0.039374738931655884,nan,nan
0,2247,2019-12-08,1.027999997138977,1.5876524448394775,0.0007257318357005715,0.04814983904361725,nan,nan
0,2247,2019-12-09,1.187999963760376,1.5682297945022583,0.0006172432913444936,0.03226155415177345,nan,nan
0,2247,2019-12-10,3.005000114440918,2.371598482131958,0.0034486777149140835,0.08760809898376465,nan,nan
0,2247,2019-12-11,2.4130001068115234,1.955442190170288,0.006744155660271645,3.932195613742806e-05,nan,nan
0,2247,2019-12-12,2.0869998931884766,1.9433213472366333,0.00845902319997549,0.03927562013268471,nan,nan
0,2247,2019-12-13,2.4140000343322754,2.193108320236206,0.011261574923992157,0.04459037259221077,nan,nan
0,2247,2019-12-14,4.40500020980835,2.829298257827759,0.022310273721814156,0.09682893007993698,nan,nan
0,2247,2019-12-15,6.866000175476074,2.8534739017486572,0.02678372897207737,0.010678810998797417,nan,nan
0,2247,2019-12-16,6.539999961853027,3.0165417194366455,0.022729329764842987,0.1449539065361023,nan,nan
0,2247,2019-12-17,5.3470001220703125,3.151646375656128,0.015300936996936798,0.0823061615228653,nan,nan
0,2247,2019-12-18,4.176000118255615,3.141404867172241,0.010876164771616459,0.006537805311381817,nan,nan
0,2247,2019-12-19,3.1989998817443848,3.1641058921813965,0.008562110364437103,0.016976283863186836,nan,nan
0,2247,2019-12-20,2.8389999866485596,2.9628207683563232,0.006685361266136169,0.06077075004577637,nan,nan
0,2247,2019-12-21,5.431000232696533,4.494627475738525,0.045214343816041946,0.025983091443777084,nan,nan
0,2247,2019-12-22,5.806000232696533,4.571681499481201,0.07205922901630402,0.006189306732267141,nan,nan
0,2247,2019-12-23,8.664999961853027,6.174594879150391,0.21382255852222443,0.04278821498155594,nan,nan
0,2247,2019-12-24,10.50100040435791,6.0428900718688965,0.28728511929512024,0.02837182767689228,nan,nan
0,2247,2019-12-25,11.444999694824219,7.412383556365967,0.35225003957748413,0.08405891060829163,nan,nan
0,2247,2019-12-26,8.675000190734863,6.9838714599609375,0.3680686354637146,0.02369591034948826,nan,nan
0,2247,2019-12-27,8.142000198364258,7.7614874839782715,0.4479357898235321,0.019914044067263603,nan,nan
0,2247,2019-12-28,9.642999649047852,6.8328537940979,0.40702322125434875,0.006352727767080069,nan,nan
0,2247,2019-12-29,7.408999919891357,6.5550642013549805,0.3697609603404999,0.009285089559853077,nan,nan
0,2247,2019-12-30,5.385000228881836,5.224098205566406,0.28969481587409973,0.015653276816010475,nan,nan
0,2247,2019-12-31,3.566999912261963,4.42103385925293,0.22690175473690033,0.06801729649305344,nan,nan
0,2247,2020-01-01,2.507999897003174,3.8180904388427734,0.1722390204668045,0.17214500904083252,nan,nan
0,2247,2020-01-02,1.8370000123977661,3.1990232467651367,0.13111352920532227,0.186418816447258,nan,nan
0,2247,2020-01-03,1.4170000553131104,2.6491668224334717,0.099184550344944,0.15963628888130188,nan,nan
0,2247,2020-01-04,1.2029999494552612,2.3303654193878174,0.07502161711454391,0.12183059006929398,nan,nan
0,2247,2020-01-05,1.128999948501587,2.104022741317749,0.05691808834671974,0.12382214516401291,nan,nan
0,2247,2020-01-06,1.0130000114440918,1.7315315008163452,0.04285457357764244,0.07490970194339752,nan,nan
0,2247,2020-01-07,0.8920000195503235,1.8249191045761108,0.03242824971675873,0.10202950239181519,nan,nan
0,2247,2020-01-08,0.7850000262260437,1.6307704448699951,0.01616017147898674,0.08280228078365326,nan,nan
0,2247,2020-01-09,0.6859999895095825,1.5927388668060303,0.007670173887163401,0.08769355714321136,nan,nan
0,2247,2020-01-10,0.6240000128746033,1.575776219367981,0.005556326825171709,0.08592261373996735,nan,nan
0,2247,2020-01-11,0.6209999918937683,1.6356202363967896,0.004234135616570711,0.10455029457807541,nan,nan
0,2247,2020-01-12,0.6039999723434448,1.5348960161209106,0.0029534357599914074,0.09553837031126022,nan,nan
0,2247,2020-01-13,0.5609999895095825,1.440747618675232,0.0018389889737591147,0.08204885572195053,nan,nan
0,2247,2020-01-14,0.5230000019073486,1.360129475593567,0.0014076955849304795,0.07399730384349823,nan,nan
0,2247,2020-01-15,0.4790000021457672,1.2566604614257812,0.0011165539035573602,0.06275632232427597,nan,nan
0,2247,2020-01-16,0.4390000104904175,1.2780200242996216,0.0008879436063580215,0.06971069425344467,nan,nan
0,2247,2020-01-17,0.4059999883174896,1.2560685873031616,0.0007160074892453849,0.07025378942489624,nan,nan
0,2247,2020-01-18,0.46399998664855957,1.5846773386001587,0.0008739612530916929,0.005219100043177605,nan,nan
0,2247,2020-01-19,0.5519999861717224,1.3376681804656982,0.0003448065253905952,0.08002639561891556,nan,nan
0,2247,2020-01-20,0.5299999713897705,1.2602717876434326,0.00016960162611212581,0.06072232127189636,nan,nan
0,2247,2020-01-21,0.4819999933242798,1.100132703781128,8.845394768286496e-05,0.04271690547466278,nan,nan
0,2247,2020-01-22,0.4440000057220459,1.0213778018951416,4.17126138927415e-05,0.03749869763851166,nan,nan
0,2247,2020-01-23,0.40799999237060547,0.945270299911499,3.116815787507221e-05,0.03224939480423927,nan,nan
0,2247,2020-01-24,0.382999986410141,0.8913428783416748,1.7238953660125844e-05,0.029310723766684532,nan,nan
0,2247,2020-01-25,0.3619999885559082,0.8664340972900391,1.0910577657341491e-05,0.028493328019976616,nan,nan
0,2247,2020-01-26,0.34700000286102295,0.8245388269424438,9.516333193460014e-06,0.025944123044610023,nan,nan
0,2247,2020-01-27,0.34299999475479126,0.8427227735519409,7.366724275925662e-06,0.010547992773354053,nan,nan
0,2247,2020-01-28,0.4650000035762787,1.0097713470458984,1.2335374776739627e-05,0.004497845191508532,nan,nan
0,2247,2020-01-29,1.1169999837875366,1.4458662271499634,6.126765947556123e-05,0.08166348934173584,nan,nan
0,2247,2020-01-30,1.7419999837875366,1.420377492904663,0.00010233624198008329,2.3896873244666494e-05,nan,nan
0,2247,2020-01-31,5.204999923706055,1.5428391695022583,0.00013396269059740007,0.02980983629822731,nan,nan
0,2247,2020-02-01,5.584000110626221,1.688682198524475,0.00016228748427238315,0.2056404948234558,nan,nan
0,2247,2020-02-02,5.635000228881836,2.060603618621826,0.00016573524044360965,0.27725502848625183,nan,nan
0,2247,2020-02-03,8.902999877929688,3.5616164207458496,0.0017946286825463176,0.699277400970459,nan,nan
0,2247,2020-02-04,8.625,4.348210334777832,0.003625373123213649,0.5246726870536804,nan,nan
0,2247,2020-02-05,7.806000232696533,4.978470802307129,0.004809231963008642,0.27595263719558716,nan,nan
0,2247,2020-02-06,6.014999866485596,4.434532642364502,0.005233511794358492,0.025374509394168854,nan,nan
0,2247,2020-02-07,4.230999946594238,3.776918888092041,0.004487813450396061,0.0006149661494418979,nan,nan
0,2247,2020-02-08,2.9730000495910645,3.2473227977752686,0.003702427027747035,0.02053983137011528,nan,nan
0,2247,2020-02-09,2.193000078201294,2.691606283187866,0.0029839056078344584,0.04505118727684021,nan,nan
0,2247,2020-02-10,2.4700000286102295,2.2797069549560547,0.0023751389235258102,0.04717161878943443,nan,nan
0,2247,2020-02-11,4.234000205993652,2.5000059604644775,0.0027674392331391573,0.013955305330455303,nan,nan
0,2247,2020-02-12,4.480999946594238,2.394089460372925,0.002682848833501339,0.059150468558073044,nan,nan
0,2247,2020-02-13,3.375,2.253384590148926,0.00221646879799664,0.02923695556819439,nan,nan
0,2247,2020-02-14,4.732999801635742,3.41214656829834,0.012280243448913097,0.19964423775672913,nan,nan
0,2247,2020-02-15,5.4039998054504395,3.168337106704712,0.023860247805714607,0.0005615873378701508,nan,nan
0,2247,2020-02-16,4.508999824523926,2.9548580646514893,0.017804965376853943,0.02005370706319809,nan,nan
0,2247,2020-02-17,4.044000148773193,2.761033296585083,0.016327740624547005,0.0014220044249668717,nan,nan
0,2247,2020-02-18,3.802000045776367,3.2093496322631836,0.016514990478754044,0.0042588491924107075,nan,nan
0,2247,2020-02-19,3.2260000705718994,3.092393398284912,0.013952785171568394,0.018567247316241264,nan,nan
0,2247,2020-02-20,2.943000078201294,3.008615255355835,0.01211617887020111,0.010799090377986431,nan,nan
0,2247,2020-02-21,2.809000015258789,2.737086057662964,0.009786565788090229,0.03178735449910164,nan,nan
0,2247,2020-02-22,2.440000057220459,2.5394327640533447,0.007759276777505875,0.03981543332338333,nan,nan
0,2247,2020-02-23,1.9559998512268066,2.321904182434082,0.006289380602538586,0.04199102520942688,nan,nan
0,2247,2020-02-24,1.684000015258789,2.1198158264160156,0.005877679213881493,0.05505049601197243,nan,nan
0,2247,2020-02-25,1.4900000095367432,2.1678497791290283,0.004861277528107166,0.08721015602350235,nan,nan
0,2247,2020-02-26,2.5460000038146973,2.746884822845459,0.00880108680576086,2.6336916562286206e-05,nan,nan
0,2247,2020-02-27,2.565999984741211,2.8009591102600098,0.009571601636707783,0.02107919380068779,nan,nan
0,2247,2020-02-28,3.4800000190734863,2.960169792175293,0.011410649865865707,0.029811935499310493,nan,nan
0,2247,2020-02-29,3.863999843597412,2.642409086227417,0.012030413374304771,0.005768249277025461,nan,nan
0,2247,2020-03-01,8.458000183105469,3.513082981109619,0.02288408763706684,0.11139264702796936,nan,nan
0,2247,2020-03-02,7.978000164031982,4.337234020233154,0.034023791551589966,0.1791393905878067,nan,nan
0,2247,2020-03-03,7.458000183105469,5.690341472625732,0.059389520436525345,0.22976145148277283,nan,nan
0,2247,2020-03-04,6.185999870300293,4.963624000549316,0.06798451393842697,0.0020826561376452446,nan,nan
0,2247,2020-03-05,5.664000034332275,4.462821006774902,0.05882137641310692,0.0013931577559560537,nan,nan
0,2247,2020-03-06,10.01200008392334,11.972330093383789,0.596127450466156,0.9954574704170227,nan,nan
0,2247,2020-03-07,9.22700023651123,9.496614456176758,0.865303635597229,0.6520635485649109,nan,nan
0,2247,2020-03-08,7.264999866485596,7.063684940338135,0.8398491144180298,0.09462981671094894,nan,nan
0,2247,2020-03-09,5.579999923706055,5.858311176300049,0.8138432502746582,0.025154711678624153,nan,nan
0,2247,2020-03-10,5.409999847412109,4.984428882598877,0.7764694690704346,0.05756884440779686,nan,nan
0,2247,2020-03-11,7.256999969482422,5.539746284484863,0.7566652297973633,0.045706525444984436,nan,nan
0,2247,2020-03-12,6.65500020980835,6.607872009277344,0.7319929003715515,0.2791813611984253,nan,nan
0,2247,2020-03-13,5.310999870300293,5.3796610832214355,0.6692969799041748,0.07219163328409195,nan,nan
0,2247,2020-03-14,3.995999813079834,3.630108118057251,0.5002813339233398,0.003418467240408063,nan,nan
0,2247,2020-03-15,2.9709999561309814,3.0074594020843506,0.35900744795799255,0.014199485071003437,nan,nan
0,2247,2020-03-16,2.255000114440918,2.9633255004882812,0.2955651879310608,0.08211864531040192,nan,nan
0,2247,2020-03-17,1.7410000562667847,2.7061538696289062,0.2403252273797989,0.11688905954360962,nan,nan
0,2247,2020-03-18,1.4259999990463257,2.661052942276001,0.1832934319972992,0.17605088651180267,nan,nan
0,2247,2020-03-19,1.2259999513626099,2.3783092498779297,0.1435818374156952,0.15821292996406555,nan,nan
0,2247,2020-03-20,1.0959999561309814,1.9032942056655884,0.11269376426935196,0.09209442883729935,nan,nan
0,2247,2020-03-21,1.0839999914169312,2.208803653717041,0.09004129469394684,0.10253221541643143,nan,nan
0,2247,2020-03-22,1.003999948501587,1.8862135410308838,0.07120821624994278,0.10476672649383545,nan,nan
0,2247,2020-03-23,0.8920000195503235,1.767881989479065,0.055413827300071716,0.0933123528957367,nan,nan
0,2247,2020-03-24,0.7760000228881836,1.5176365375518799,0.043610744178295135,0.06602807343006134,nan,nan
0,2247,2020-03-25,0.6679999828338623,1.3603037595748901,0.0346444733440876,0.054961420595645905,nan,nan
0,2247,2020-03-26,0.5879999995231628,1.3406203985214233,0.023314276710152626,0.061496563255786896,nan,nan
0,2247,2020-03-27,0.5189999938011169,1.3173081874847412,0.018122578039765358,0.0653531476855278,nan,nan
0,2247,2020-03-28,0.4650000035762787,1.215030312538147,0.014075539074838161,0.057542771100997925,nan,nan
0,2247,2020-03-29,0.42500001192092896,1.2269779443740845,0.008668339811265469,0.06379915028810501,nan,nan
0,2247,2020-03-30,0.3930000066757202,1.1779545545578003,0.00495690805837512,0.060635387897491455,nan,nan
0,2247,2020-03-31,0.3700000047683716,1.1856571435928345,0.002774119144305587,0.06448572874069214,nan,nan
0,2247,2020-04-01,0.35499998927116394,1.0743345022201538,0.0018218298209831119,0.05183124542236328,nan,nan
0,2247,2020-04-02,0.34200000762939453,0.9968991875648499,0.0010707307374104857,0.043769992887973785,nan,nan
0,2247,2020-04-03,0.3310000002384186,1.0397087335586548,0.000980276265181601,0.0497918464243412,nan,nan
0,2247,2020-04-04,0.32100000977516174,0.9370571374893188,0.00012003137089777738,0.038858260959386826,nan,nan
0,2247,2020-04-05,0.3140000104904175,0.8725267648696899,1.3625523024529684e-05,0.0328734926879406,nan,nan
0,2247,2020-04-06,0.30799999833106995,0.8646634221076965,1.5285368135664612e-05,0.03254249319434166,nan,nan
0,2247,2020-04-07,0.3019999861717224,0.8665174245834351,1.8049135178443976e-05,0.03310590609908104,nan,nan
0,2247,2020-04-08,0.296999990940094,0.905574381351471,2.3132348360377364e-05,0.03749321401119232,nan,nan
0,2247,2020-04-09,0.29100000858306885,0.883222758769989,2.4664363081683405e-05,0.03550316393375397,nan,nan
0,2247,2020-04-10,0.2849999964237213,0.8582689762115479,2.5770345018827356e-05,0.03337225690484047,nan,nan
0,2247,2020-04-11,0.2800000011920929,0.8324295282363892,3.392460712348111e-05,0.031222039833664894,nan,nan
0,2247,2020-04-12,0.2750000059604645,0.7944986820220947,4.329607691033743e-05,0.027971956878900528,nan,nan
0,2247,2020-04-13,0.27000001072883606,0.75804203748703,4.832780541619286e-05,0.025027252733707428,nan,nan
0,2247,2020-04-14,0.2639999985694885,0.7025534510612488,5.905325087951496e-05,0.02072778530418873,nan,nan
0,2247,2020-04-15,0.2590000033378601,0.6360357999801636,7.050473504932597e-05,0.016107643023133278,nan,nan
0,2247,2020-04-16,0.2540000081062317,0.6073790192604065,8.850971062202007e-05,0.014397799968719482,nan,nan
0,2247,2020-04-17,0.24899999797344208,0.6070063710212708,0.00010608597949612886,0.014584087766706944,nan,nan
0,2247,2020-04-18,0.24400000274181366,0.627513587474823,0.00012273367610760033,0.016185376793146133,nan,nan
0,2247,2020-04-19,0.23899999260902405,0.6688969731330872,0.00011929252650588751,0.019421586766839027,nan,nan
0,2247,2020-04-20,0.23399999737739563,0.6669410467147827,0.000115785667730961,0.01951724663376808,nan,nan
0,2247,2020-04-21,0.23100000619888306,0.638645350933075,0.00012699095532298088,0.017656398937106133,nan,nan
0,2247,2020-04-22,0.22699999809265137,0.6157143115997314,0.0001245425082743168,0.01616985909640789,nan,nan
0,2247,2020-04-23,0.22300000488758087,0.5894840955734253,0.00014587203622795641,0.014573599211871624,nan,nan
0,2247,2020-04-24,0.2199999988079071,0.5766855478286743,0.0001801200269255787,0.013909281231462955,nan,nan
0,2247,2020-04-25,0.2160000056028366,0.571108341217041,0.0001955038751475513,0.013676047325134277,nan,nan
0,2247,2020-04-26,0.21299999952316284,0.6272187232971191,0.00016945807146839797,0.016070028766989708,nan,nan
0,2247,2020-04-27,0.210999995470047,0.731961727142334,0.0001455470483051613,0.0012384478468447924,nan,nan
0,2247,2020-04-28,0.20900000631809235,0.8385627269744873,0.00011986550816800445,0.0011921942932531238,nan,nan
0,2247,2020-04-29,0.2070000022649765,0.9923617839813232,0.00014130229828879237,0.009717214852571487,nan,nan
0,2247,2020-04-30,0.2070000022649765,0.9048105478286743,0.00012886844342574477,0.012313516810536385,nan,nan
0,2247,2020-05-01,0.20999999344348907,1.270782470703125,0.0005681511829607189,0.10418341308832169,nan,nan
0,2247,2020-05-02,0.2199999988079071,1.2718138694763184,0.0007586422143504024,0.005619284231215715,nan,nan
0,2247,2020-05-03,0.24299998581409454,1.193477988243103,0.0007112707244232297,0.0004644788277801126,nan,nan
0,2247,2020-05-04,0.27000001072883606,0.9215400815010071,0.0006862136069685221,0.04339086636900902,nan,nan
0,2247,2020-05-05,0.3479999899864197,0.9501275420188904,0.0006097938166931272,0.002826401498168707,nan,nan
0,2247,2020-05-06,0.9580000042915344,1.0805473327636719,0.0005232063704170287,0.004648110363632441,nan,nan
0,2247,2020-05-07,0.8569999933242798,0.9608831405639648,0.0004568116564769298,0.008809863589704037,nan,nan
0,2247,2020-05-08,0.6069999933242798,0.8518807291984558,0.0005048847524449229,0.006702668499201536,nan,nan
0,2247,2020-05-09,0.46399998664855957,0.8062334656715393,0.000598144659306854,0.012815278023481369,nan,nan
0,2247,2020-05-10,0.38600000739097595,0.8174472451210022,0.0008897471707314253,0.019962159916758537,nan,nan
0,2247,2020-05-11,1.9249999523162842,1.4459110498428345,0.002819971414282918,0.11717843264341354,nan,nan
0,2247,2020-05-12,3.759000062942505,1.8818002939224243,0.004034810699522495,0.10272316634654999,nan,nan
0,2247,2020-05-13,2.453000068664551,1.559561848640442,0.004248829558491707,0.05450616404414177,nan,nan
0,2247,2020-05-14,3.006999969482422,1.9479310512542725,0.011073721572756767,0.2258327156305313,nan,nan
0,2247,2020-05-15,2.5409998893737793,1.5511376857757568,0.014402574859559536,0.010842903517186642,nan,nan
0,2247,2020-05-16,1.8459999561309814,1.4238708019256592,0.01110617071390152,0.003272135742008686,nan,nan
0,2247,2020-05-17,1.3329999446868896,1.1744800806045532,0.010045632719993591,1.1789447853516322e-05,nan,nan
0,2247,2020-05-18,0.9710000157356262,0.9350453615188599,0.010768412612378597,0.00044894556049257517,nan,nan
0,2247,2020-05-19,0.7390000224113464,0.8422187566757202,0.013126649893820286,0.003514762967824936,nan,nan
0,2247,2020-05-20,0.5820000171661377,0.7957066893577576,0.020277123898267746,0.00760978739708662,nan,nan
0,2247,2020-05-21,0.47700002789497375,0.7831379771232605,0.029946431517601013,0.012386367656290531,nan,nan
0,2247,2020-05-22,0.4090000092983246,0.8638061285018921,0.042266204953193665,0.022991860285401344,nan,nan
0,2247,2020-05-23,0.3970000147819519,0.877142608165741,0.04736650362610817,0.027943622320890427,nan,nan
0,2247,2020-05-24,0.49399998784065247,1.1452404260635376,0.053130678832530975,0.010578971356153488,nan,nan
0,2247,2020-05-25,0.43299999833106995,0.9679952263832092,0.05620867758989334,0.03133425489068031,nan,nan
0,2247,2020-05-26,0.36899998784065247,0.7982734441757202,0.05631745234131813,0.020020747557282448,nan,nan
0,2247,2020-05-27,0.3330000042915344,0.6962979435920715,0.06536693871021271,0.015609977766871452,nan,nan
0,2247,2020-05-28,0.3140000104904175,0.6240507960319519,0.07904413342475891,0.012449190020561218,nan,nan
0,2247,2020-05-29,0.30399999022483826,0.6475595831871033,0.08493874222040176,0.014713851734995842,nan,nan
0,2247,2020-05-30,0.29499998688697815,0.5526003241539001,0.0986315906047821,0.00944853201508522,nan,nan
0,2247,2020-05-31,0.28600001335144043,0.5696974992752075,0.09216740727424622,0.010698320344090462,nan,nan
0,2247,2020-06-01,0.27799999713897705,0.5740146040916443,0.10016725212335587,0.011274856515228748,nan,nan
0,2247,2020-06-02,0.27000001072883606,0.5942966938018799,0.10261082649230957,0.012792547233402729,nan,nan
0,2247,2020-06-03,0.2630000114440918,0.5817708969116211,0.11588772386312485,0.01234209444373846,nan,nan
0,2247,2020-06-04,0.26100000739097595,1.0809801816940308,0.18329653143882751,0.15670281648635864,nan,nan
0,2247,2020-06-05,0.26100000739097595,1.0020581483840942,0.16566821932792664,0.006038010586053133,nan,nan
0,2247,2020-06-06,0.2619999945163727,0.8737459778785706,0.1241966187953949,0.024956751614809036,nan,nan
0,2247,2020-06-07,0.27000001072883606,0.9398351907730103,0.10551141947507858,0.015425791963934898,nan,nan
0,2247,2020-06-08,0.28200000524520874,0.8833645582199097,0.08365390449762344,0.025070443749427795,nan,nan
0,2247,2020-06-09,0.28999999165534973,1.0514249801635742,0.04482043907046318,4.739138239528984e-05,nan,nan
0,2247,2020-06-10,0.30300000309944153,0.9403459429740906,0.03431772068142891,0.0060452925972640514,nan,nan
0,2247,2020-06-11,0.36000001430511475,0.8881419897079468,0.019159235060214996,0.009370365180075169,nan,nan
0,2247,2020-06-12,0.656000018119812,0.814571738243103,0.010549653321504593,0.025188500061631203,nan,nan
0,2247,2020-06-13,0.7509999871253967,0.7214468121528625,0.008225377649068832,0.00665025832131505,nan,nan
0,2247,2020-06-14,1.1059999465942383,0.998782753944397,0.008922778069972992,0.039009347558021545,nan,nan
0,2247,2020-06-15,0.8930000066757202,0.9901452660560608,0.007879725657403469,0.005763866938650608,nan,nan
0,2247,2020-06-16,0.6850000023841858,0.8960500955581665,0.005792335141450167,0.007672206964343786,nan,nan
0,2247,2020-06-17,1.312000036239624,1.3497976064682007,0.011464310809969902,0.19657009840011597,nan,nan
0,2247,2020-06-18,2.010999917984009,1.3653396368026733,0.012851539999246597,0.0027843741700053215,nan,nan
0,2247,2020-06-19,1.593999981880188,1.3853600025177002,0.009400712326169014,0.0018410959746688604,nan,nan
0,2247,2020-06-20,1.6009999513626099,1.339396357536316,0.006775197107344866,3.1510913686361164e-05,nan,nan
0,2247,2020-06-21,1.3910000324249268,1.1840567588806152,0.00553392106667161,0.001768850488588214,nan,nan
0,2247,2020-06-22,1.1119999885559082,1.0614802837371826,0.0046586329117417336,0.0020658019930124283,nan,nan
0,2247,2020-06-23,0.8709999918937683,0.937640905380249,0.004561348352581263,0.003669746918603778,nan,nan
0,2247,2020-06-24,0.6830000281333923,0.8953354358673096,0.00941480789333582,0.008326100185513496,nan,nan
0,2247,2020-06-25,0.5519999861717224,0.9257094860076904,0.015115536749362946,0.01753571256995201,nan,nan
0,2247,2020-06-26,0.4610000252723694,0.878610372543335,0.01969452016055584,0.020315486937761307,nan,nan
0,2247,2020-06-27,0.41600000858306885,0.9442616701126099,0.017930893227458,0.0279243066906929,nan,nan
0,2247,2020-06-28,0.3709999918937683,0.9201854467391968,0.022634271532297134,0.03156103938817978,nan,nan
0,2247,2020-06-29,0.37400001287460327,1.2770081758499146,0.0228413175791502,0.012386849150061607,nan,nan
0,2247,2020-06-30,0.3889999985694885,1.0656825304031372,0.02597666159272194,0.05044946447014809,nan,nan
0,2247,2020-07-01,0.375,0.8163953423500061,0.032197821885347366,0.02375577576458454,nan,nan
0,2247,2020-07-02,0.36000001430511475,0.7982190251350403,0.037252772599458694,0.02299230359494686,nan,nan
0,2247,2020-07-03,0.3409999907016754,0.7535315752029419,0.020411495119333267,0.020190700888633728,nan,nan
0,2247,2020-07-04,0.3199999928474426,0.6998444199562073,0.017279475927352905,0.017110295593738556,nan,nan
0,2247,2020-07-05,0.3070000112056732,0.6147775650024414,0.018161293119192123,0.01239377073943615,nan,nan
0,2247,2020-07-06,0.2980000078678131,0.5522950291633606,0.020748034119606018,0.009330659173429012,nan,nan
0,2247,2020-07-07,0.289000004529953,0.5784768462181091,0.019163616001605988,0.011087514460086823,nan,nan
0,2247,2020-07-08,0.27900001406669617,0.53938889503479,0.022038044407963753,0.009260797873139381,nan,nan
0,2247,2020-07-09,0.26899999380111694,0.5035451650619507,0.0290512815117836,0.007783989887684584,nan,nan
0,2247,2020-07-10,0.25999999046325684,0.4844566881656647,0.0469927117228508,0.007187906187027693,nan,nan
0,2247,2020-07-11,0.25200000405311584,0.694686770439148,0.0469047911465168,0.03439308702945709,nan,nan
0,2247,2020-07-12,0.2449999898672104,0.6460347771644592,0.05724220722913742,0.01735491119325161,nan,nan
0,2247,2020-07-13,0.23899999260902405,0.5567008852958679,0.06321744620800018,0.011804172769188881,nan,nan
0,2247,2020-07-14,0.2329999804496765,0.5133839249610901,0.06487791985273361,0.009585694409906864,nan,nan
0,2247,2020-07-15,0.2280000001192093,0.5236813426017761,0.0748121440410614,0.010355038568377495,nan,nan
0,2247,2020-07-16,0.22300000488758087,0.603709876537323,0.03849169611930847,0.015479919500648975,nan,nan
0,2247,2020-07-17,0.2199999988079071,0.5637295842170715,0.023673739284276962,0.013089889660477638,nan,nan
0,2247,2020-07-18,0.2160000056028366,0.5167100429534912,0.017280617728829384,0.010432100854814053,nan,nan
0,2247,2020-07-19,0.21199999749660492,0.44132867455482483,0.01925070956349373,0.006776472553610802,nan,nan
0,2247,2020-07-20,0.20800000429153442,0.41679251194000244,0.022540954872965813,0.005827924702316523,nan,nan
0,2247,2020-07-21,0.20499999821186066,0.42047858238220215,0.028352728113532066,0.006090919021517038,nan,nan
0,2247,2020-07-22,0.2029999941587448,0.5722716450691223,0.023693032562732697,0.0009693315369077027,nan,nan
0,2247,2020-07-23,0.2029999941587448,0.5868873596191406,0.019480442628264427,0.015429436229169369,nan,nan
0,2247,2020-07-24,0.20000000298023224,0.5360537767410278,0.0217894334346056,0.012183435261249542,nan,nan
0,2247,2020-07-25,0.19699999690055847,0.5656775236129761,0.017181869596242905,0.014153189025819302,nan,nan
0,2247,2020-07-26,0.1940000057220459,0.542915940284729,0.01846197433769703,0.012836139649152756,nan,nan
0,2247,2020-07-27,0.19099999964237213,0.5339558124542236,0.02583152987062931,0.012406147085130215,nan,nan
0,2247,2020-07-28,0.18799999356269836,0.4933795630931854,0.04030843824148178,0.01017341110855341,nan,nan
0,2247,2020-07-29,0.18400000035762787,0.47783809900283813,0.05539633706212044,0.009439701214432716,nan,nan
0,2247,2020-07-30,0.1809999942779541,0.47187983989715576,0.0644671693444252,0.00926145724952221,nan,nan
0,2247,2020-07-31,0.17800000309944153,0.4841983914375305,0.07992322742938995,0.010022942908108234,nan,nan
0,2247,2020-08-01,0.17399999499320984,0.4966854751110077,0.12800262868404388,0.010824049822986126,nan,nan
0,2247,2020-08-02,0.17399999499320984,0.7124843001365662,0.11424855887889862,0.016376735642552376,nan,nan
0,2247,2020-08-03,0.1770000010728836,0.871843159198761,0.08529950678348541,0.015432910993695259,nan,nan
0,2247,2020-08-04,0.1770000010728836,0.9036781787872314,0.06657333672046661,0.014200077392160892,nan,nan
0,2247,2020-08-05,0.17499999701976776,0.6677902936935425,0.05230387672781944,0.022736938670277596,nan,nan
0,2247,2020-08-06,0.17299999296665192,0.5403240323066711,0.04514053463935852,0.013558747246861458,nan,nan
0,2247,2020-08-07,0.17000000178813934,0.4749356806278229,0.042789965867996216,0.009799748659133911,nan,nan
0,2247,2020-08-08,0.16699999570846558,0.47133320569992065,0.04451846703886986,0.009709781967103481,nan,nan
0,2247,2020-08-09,0.164000004529953,0.4339890778064728,0.04043159633874893,0.007902931421995163,nan,nan
0,2247,2020-08-10,0.16099999845027924,0.4352475106716156,0.0452093668282032,0.008057950995862484,nan,nan
0,2247,2020-08-11,0.15800000727176666,0.5573886036872864,0.03487829491496086,0.002861588029190898,nan,nan
0,2247,2020-08-12,0.15600000321865082,0.6050161123275757,0.027823515236377716,0.018776286393404007,nan,nan
0,2247,2020-08-13,0.15399999916553497,0.6515228152275085,0.02607843466103077,0.02251068316400051,nan,nan
0,2247,2020-08-14,0.15399999916553497,0.8020551204681396,0.018716171383857727,8.471561159240082e-05,nan,nan
0,2247,2020-08-15,0.15299999713897705,0.7396131157875061,0.013581421226263046,0.026486415416002274,nan,nan
0,2247,2020-08-16,0.15199999511241913,0.5760941505432129,0.011589258909225464,0.01690763607621193,nan,nan
0,2247,2020-08-17,0.15199999511241913,0.5805302262306213,0.00878236349672079,0.0016423541819676757,nan,nan
0,2247,2020-08-18,0.15000000596046448,0.5638484358787537,0.006241445895284414,0.015410182997584343,nan,nan
0,2247,2020-08-19,0.14800000190734863,0.6064452528953552,0.004297618288546801,0.012581023387610912,nan,nan
0,2247,2020-08-20,0.1459999978542328,0.5227433443069458,0.0033571638632565737,0.013544933870434761,nan,nan
0,2247,2020-08-21,0.14399999380111694,0.46833255887031555,0.0054940772242844105,0.010388175956904888,nan,nan
0,2247,2020-08-22,0.1420000046491623,0.5063956379890442,0.011089053004980087,0.012686210684478283,nan,nan
0,2247,2020-08-23,0.13899999856948853,0.5665799975395203,0.00878172367811203,0.016735320910811424,nan,nan
0,2247,2020-08-24,0.13699999451637268,0.5406733155250549,0.007690517697483301,0.015089300461113453,nan,nan
0,2247,2020-08-25,0.13500000536441803,0.4712855815887451,0.006623275578022003,0.010878813453018665,nan,nan
0,2247,2020-08-26,0.13300000131130219,0.4125187397003174,0.007102996110916138,0.007859805598855019,nan,nan
0,2247,2020-08-27,0.13099999725818634,0.39036041498184204,0.009678426198661327,0.006884720642119646,nan,nan
0,2247,2020-08-28,0.1289999932050705,0.41233575344085693,0.009287197142839432,0.007975543849170208,nan,nan
0,2247,2020-08-29,0.1289999932050705,0.8213024139404297,0.03659117966890335,0.34008994698524475,nan,nan
0,2247,2020-08-30,0.1289999932050705,0.8850408792495728,0.04327775537967682,0.009023667313158512,nan,nan
0,2247,2020-08-31,0.12999999523162842,0.9345674514770508,0.03616109490394592,0.02867024764418602,nan,nan
0,2247,2020-09-01,0.12999999523162842,0.7436970472335815,0.033357925713062286,0.0322834812104702,nan,nan
0,2247,2020-09-02,0.12999999523162842,0.6149678230285645,0.02478826232254505,0.020919719710946083,nan,nan
0,2247,2020-09-03,0.12800000607967377,0.582846462726593,0.01741102524101734,0.01846696436405182,nan,nan
0,2247,2020-09-04,0.12700000405311584,0.4975055456161499,0.014058589935302734,0.012772129848599434,nan,nan
0,2247,2020-09-05,0.125,0.45992884039878845,0.012459130957722664,0.010600902140140533,nan,nan
0,2247,2020-09-06,0.12400000542402267,0.45389214158058167,0.01312826294451952,0.010336300358176231,nan,nan
0,2247,2020-09-07,0.12200000137090683,0.48742514848709106,0.00953017920255661,0.012314378283917904,nan,nan
0,2247,2020-09-08,0.12000000476837158,0.5218679308891296,0.00732186995446682,0.014567384496331215,nan,nan
0,2247,2020-09-09,0.11800000071525574,0.5426834225654602,0.005645325873047113,0.016055777668952942,nan,nan
0,2247,2020-09-10,0.11599999666213989,0.5199894905090332,0.005022810772061348,0.014613008126616478,nan,nan
0,2247,2020-09-11,0.11500000208616257,0.5467785000801086,0.0045757838524878025,0.016518987715244293,nan,nan
0,2247,2020-09-12,0.11400000005960464,0.5318517088890076,0.003433378878980875,0.015534692443907261,nan,nan
0,2247,2020-09-13,0.1120000034570694,0.5186033248901367,0.002996157156303525,0.014691169373691082,nan,nan
0,2247,2020-09-14,0.10899999737739563,0.4972764253616333,0.0026607138570398092,0.013398552313446999,nan,nan
0,2247,2020-09-15,0.1080000028014183,0.5021716952323914,0.0022716603707522154,0.01383204385638237,nan,nan
0,2247,2020-09-16,0.10599999874830246,0.5069281458854675,0.002219534246250987,0.014179909601807594,nan,nan
0,2247,2020-09-17,0.10599999874830246,0.5633141994476318,0.0018344204872846603,0.01816498674452305,nan,nan
0,2247,2020-09-18,0.10499999672174454,0.5602068901062012,0.00215125922113657,0.017937710508704185,nan,nan
0,2247,2020-09-19,0.10300000011920929,0.5945507884025574,0.001885738573037088,0.020579349249601364,nan,nan
0,2247,2020-09-20,0.10100000351667404,0.6210032105445862,0.0014065492432564497,0.022802622988820076,nan,nan
0,2247,2020-09-21,0.09799999743700027,0.8511142134666443,0.001792250550352037,0.05173586681485176,nan,nan
0,2247,2020-09-22,0.09200000017881393,0.739502489566803,0.0019089970737695694,0.025889312848448753,nan,nan
0,2247,2020-09-23,0.09700000286102295,0.8601150512695312,0.002164414618164301,0.01933095045387745,nan,nan
0,2247,2020-09-24,0.09799999743700027,0.8483151197433472,0.0018847695318982005,0.008900448679924011,nan,nan
0,2247,2020-09-25,0.10199999809265137,0.9982107877731323,0.0021117336582392454,0.023220183327794075,nan,nan
0,2247,2020-09-26,0.10999999940395355,1.4609826803207397,0.0045667989179492,0.1010502353310585,nan,nan
0,2247,2020-09-27,0.12000000476837158,1.0692267417907715,0.0029383960645645857,0.02044116146862507,nan,nan
0,2247,2020-09-28,0.12800000607967377,0.9171470999717712,0.0019861410837620497,0.01272620540112257,nan,nan
0,2247,2020-09-29,0.1379999965429306,0.8638247847557068,0.0018687956035137177,0.0009332536137662828,nan,nan
0,2247,2020-09-30,0.1509999930858612,0.6988536715507507,0.0014758192701265216,0.02757909707725048,nan,nan
0,2247,2020-10-01,0.15600000321865082,0.6424084305763245,0.0011999764246866107,0.02203143574297428,nan,nan
0,2247,2020-10-02,0.1589999943971634,0.6726433634757996,0.0010177104268223047,0.006833631079643965,nan,nan
0,2247,2020-10-03,0.18199999630451202,1.2407193183898926,0.01046737190335989,0.3761642575263977,nan,nan
0,2247,2020-10-04,0.2449999898672104,1.2983070611953735,0.016851533204317093,0.009814305230975151,nan,nan
0,2247,2020-10-05,0.31200000643730164,0.9946776628494263,0.014968971721827984,0.05192126706242561,nan,nan
0,2247,2020-10-06,0.6140000224113464,1.0531330108642578,0.013083449564874172,0.0037046964280307293,nan,nan
0,2247,2020-10-07,1.2619999647140503,1.088749885559082,0.010991554707288742,2.353658237552736e-05,nan,nan
0,2247,2020-10-08,1.8200000524520874,1.0633081197738647,0.0088573032990098,4.874576916336082e-05,nan,nan
0,2247,2020-10-09,1.3370000123977661,0.9372916221618652,0.0070289308205246925,0.004025172907859087,nan,nan
0,2247,2020-10-10,1.1549999713897705,0.9919070601463318,0.0057056015357375145,0.0030538795981556177,nan,nan
0,2247,2020-10-11,1.2289999723434448,0.9944290518760681,0.004553608130663633,0.00012337924272287637,nan,nan
0,2247,2020-10-12,1.0180000066757202,0.9049102067947388,0.003653354477137327,0.000651707174256444,nan,nan
0,2247,2020-10-13,0.8169999718666077,0.8013520240783691,0.002910615410655737,0.0015947929350659251,nan,nan
0,2247,2020-10-14,0.6489999890327454,0.8137192726135254,0.002327358117327094,0.0040259347297251225,nan,nan
0,2247,2020-10-15,0.5270000100135803,0.7658771872520447,0.001869905972853303,0.008999965153634548,nan,nan
0,2247,2020-10-16,0.4490000009536743,0.7006561160087585,0.0015240272041410208,0.004312428180128336,nan,nan
0,2247,2020-10-17,0.3970000147819519,0.6714527010917664,0.0012415674282237887,0.010852224193513393,nan,nan
0,2247,2020-10-18,0.3569999933242798,0.6600146293640137,0.001002242206595838,0.012135806493461132,nan,nan
0,2247,2020-10-19,0.32899999618530273,0.6558756828308105,0.0008272502454929054,0.013464724645018578,nan,nan
0,2247,2020-10-20,0.31299999356269836,0.6165651082992554,0.0005151203367859125,0.012152532115578651,nan,nan
0,2247,2020-10-21,0.3050000071525574,0.6461756229400635,0.00040273566264659166,0.014664966613054276,nan,nan
0,2247,2020-10-22,0.29899999499320984,0.6956769227981567,0.00040807289769873023,0.018488751724362373,nan,nan
0,2247,2020-10-23,0.5640000104904175,1.275699496269226,0.001020515337586403,0.055725179612636566,nan,nan
0,2247,2020-10-24,3.4739999771118164,4.190334320068359,0.1271483600139618,0.2497750073671341,nan,nan
0,2247,2020-10-25,2.305000066757202,4.013078212738037,0.5617840886116028,0.23450487852096558,nan,nan
0,2247,2020-10-26,3.312000036239624,8.4764404296875,0.7354456782341003,1.390252709388733,nan,nan
0,2247,2020-10-27,4.605999946594238,3.5643253326416016,0.7518616914749146,0.011790001764893532,nan,nan
0,2247,2020-10-28,3.6679999828338623,4.121054649353027,0.6966127157211304,0.052468255162239075,nan,nan
0,2247,2020-10-29,4.073999881744385,6.278897285461426,0.6421681642532349,0.7162620425224304,nan,nan
0,2247,2020-10-30,4.264999866485596,3.3344595432281494,0.5829681754112244,0.02161593921482563,nan,nan
0,2247,2020-10-31,3.009000062942505,4.9572319984436035,0.5163796544075012,0.3633628189563751,nan,nan
0,2247,2020-11-01,2.2300000190734863,2.363528251647949,0.34447646141052246,0.013607176952064037,nan,nan
0,2247,2020-11-02,1.690000057220459,2.4043502807617188,0.2635026276111603,0.06975766271352768,nan,nan
0,2247,2020-11-03,1.2730000019073486,2.0086305141448975,0.20193010568618774,0.06296316534280777,nan,nan
0,2247,2020-11-04,1.1610000133514404,1.78385329246521,0.17658120393753052,0.012025642208755016,nan,nan
0,2247,2020-11-05,0.9980000257492065,1.7234975099563599,0.14584104716777802,0.07070720940828323,nan,nan
0,2247,2020-11-06,0.8050000071525574,1.1785099506378174,0.1161632239818573,0.021344151347875595,nan,nan
0,2247,2020-11-07,0.6620000004768372,1.1286487579345703,0.0914916917681694,0.027657989412546158,nan,nan
0,2247,2020-11-08,0.5580000281333923,1.0277884006500244,0.07182616740465164,0.026857877150177956,nan,nan
0,2247,2020-11-09,0.4779999852180481,0.9056106209754944,0.056832876056432724,0.02215082384645939,nan,nan
0,2247,2020-11-10,0.4180000126361847,0.8657222986221313,0.04499000683426857,0.023097077384591103,nan,nan
0,2247,2020-11-11,0.37700000405311584,0.8409449458122253,0.03560051694512367,0.024253474548459053,nan,nan
0,2247,2020-11-12,0.3479999899864197,0.8741219639778137,0.028393225744366646,0.029564224183559418,nan,nan
0,2247,2020-11-13,0.3310000002384186,0.9505455493927002,0.0224936380982399,0.03913307562470436,nan,nan
0,2247,2020-11-14,0.3190000057220459,0.9262049198150635,0.017837658524513245,0.03770240396261215,nan,nan
0,2247,2020-11-15,0.3109999895095825,0.9063032865524292,0.014206343330442905,0.0364253968000412,nan,nan
0,2247,2020-11-16,0.34200000762939453,1.212684154510498,0.020190931856632233,0.040671456605196,nan,nan
0,2247,2020-11-17,0.43299999833106995,1.0437017679214478,0.021994465962052345,0.04390519857406616,nan,nan
0,2247,2020-11-18,0.4339999854564667,0.9252251386642456,0.017576774582266808,0.030993735417723656,nan,nan
0,2247,2020-11-19,0.42399999499320984,0.9239967465400696,0.014065657742321491,0.03081463649868965,nan,nan
0,2247,2020-11-20,0.6439999938011169,1.0750601291656494,0.013813924975693226,0.0003895987174473703,nan,nan
0,2247,2020-11-21,0.8579999804496765,1.138569951057434,0.011970117688179016,0.03888338431715965,nan,nan
0,2247,2020-11-22,0.734000027179718,0.9082004427909851,0.002812444232404232,0.009413806721568108,nan,nan
0,2247,2020-11-23,0.6169999837875366,0.8754985332489014,0.00014550653577316552,0.01206225249916315,nan,nan
0,2247,2020-11-24,0.5339999794960022,0.8184239268302917,5.6312950619030744e-05,0.013172701001167297,nan,nan
0,2247,2020-11-25,0.46699997782707214,0.7628957033157349,4.1033181332750246e-05,0.013038462027907372,nan,nan
0,2247,2020-11-26,0.4180000126361847,0.7177544832229614,3.4724140277830884e-05,0.012910968624055386,nan,nan
0,2247,2020-11-27,0.38199999928474426,0.695087194442749,3.1081901397556067e-05,0.013463754206895828,nan,nan
0,2247,2020-11-28,0.3569999933242798,0.6551910638809204,2.827807838912122e-05,0.012426734901964664,nan,nan
0,2247,2020-11-29,0.3409999907016754,0.6243171095848083,2.626580317155458e-05,0.011544963344931602,nan,nan
0,2247,2020-11-30,0.33000001311302185,0.6132113337516785,2.530338679207489e-05,0.011497237719595432,nan,nan
0,2247,2020-12-01,0.3240000009536743,0.7128143310546875,3.2703421311452985e-05,0.001013955450616777,nan,nan
0,2247,2020-12-02,0.3199999928474426,0.7477255463600159,3.77913165721111e-05,0.00016583988326601684,nan,nan
0,2247,2020-12-03,0.3160000145435333,0.6907126307487488,3.529904279275797e-05,0.01697499491274357,nan,nan
0,2247,2020-12-04,0.3160000145435333,0.6746096014976501,3.343872958794236e-05,0.013222265988588333,nan,nan
0,2247,2020-12-05,0.3330000042915344,1.2139314413070679,0.0009715881897136569,0.3063075542449951,nan,nan
0,2247,2020-12-06,0.34200000762939453,1.0542796850204468,0.0027084911707788706,0.03196858987212181,nan,nan
0,2247,2020-12-07,0.34599998593330383,0.9551534056663513,0.0023807622492313385,0.0332544781267643,nan,nan
0,2247,2020-12-08,0.34599998593330383,0.9072394967079163,0.002113460563123226,0.027065476402640343,nan,nan
0,2247,2020-12-09,0.34599998593330383,0.8847042918205261,0.0019434791756793857,0.011920380406081676,nan,nan
0,2247,2020-12-10,0.3440000116825104,0.8622350692749023,0.0017240807646885514,0.026634082198143005,nan,nan
0,2247,2020-12-11,0.3440000116825104,0.7573069334030151,0.0015165681252256036,0.02109433524310589,nan,nan
0,2247,2020-12-12,0.6909999847412109,1.077301025390625,0.003662474686279893,0.07193979620933533,nan,nan
0,2247,2020-12-13,2.569000005722046,1.2350072860717773,0.004724737256765366,0.016692139208316803,nan,nan
0,2247,2020-12-14,2.009000062942505,1.1981765031814575,0.004545149393379688,0.015515623614192009,nan,nan
0,2247,2020-12-15,1.7899999618530273,1.1922615766525269,0.0030138702131807804,0.0063589573837816715,nan,nan
0,2247,2020-12-16,3.8289999961853027,1.707361102104187,0.004149069543927908,0.07081557810306549,nan,nan
0,2247,2020-12-17,3.2799999713897705,1.7051284313201904,0.004688815679401159,0.04261639714241028,nan,nan
0,2247,2020-12-18,2.8420000076293945,1.693933367729187,0.003946188371628523,0.01693391241133213,nan,nan
0,2247,2020-12-19,2.4670000076293945,1.6265543699264526,0.003043585456907749,0.0029942519031465054,nan,nan
0,2247,2020-12-20,2.062999963760376,1.612444281578064,0.0023724783677607775,5.01144168083556e-05,nan,nan
0,2247,2020-12-21,2.0390000343322754,1.6660951375961304,0.00222562113776803,0.002145741367712617,nan,nan
0,2247,2020-12-22,2.4570000171661377,1.7793469429016113,0.002175963018089533,0.007535118609666824,nan,nan
0,2247,2020-12-23,2.5380001068115234,1.8301043510437012,0.0019030454568564892,0.0013677512761205435,nan,nan
0,2247,2020-12-24,3.190999984741211,2.1729421615600586,0.00204774783924222,0.02129901945590973,nan,nan
0,2247,2020-12-25,3.3299999237060547,2.2355737686157227,0.001943248906172812,0.021562429144978523,nan,nan
0,2247,2020-12-26,2.700000047683716,2.0639848709106445,0.0016794163966551423,0.01245820615440607,nan,nan
0,2247,2020-12-27,2.183000087738037,1.8521418571472168,0.0014051462057977915,0.0009733174229040742,nan,nan
0,2247,2020-12-28,2.183000087738037,2.06196665763855,0.0026287368964403868,0.09449407458305359,nan,nan
0,2247,2020-12-29,2.0480000972747803,2.1828484535217285,0.0033779011573642492,0.031129054725170135,nan,nan
0,2247,2020-12-30,1.6460000276565552,2.2394089698791504,0.004151393659412861,0.02190413326025009,nan,nan
0,2247,2020-12-31,1.3660000562667847,1.8830875158309937,0.004013238940387964,0.03517613932490349,nan,nan
0,2488,2018-10-19,0.4169999957084656,0.41533347964286804,0.0001927954435814172,0.001549253473058343,nan,nan
0,2488,2018-10-20,0.414000004529953,0.4468134045600891,0.00016896470333449543,0.0023648198693990707,nan,nan
0,2488,2018-10-21,0.4129999876022339,0.44921875,0.00014873633335810155,0.002480961848050356,nan,nan
0,2488,2018-10-22,0.4169999957084656,0.457855761051178,0.00013257704267743975,0.0027389784809201956,nan,nan
0,2488,2018-10-23,0.421999990940094,0.41924697160720825,6.720898090861738e-05,0.0016913440776988864,nan,nan
0,2488,2018-10-24,0.7929999828338623,0.3949719965457916,4.3761072447523475e-05,0.001131866010837257,nan,nan
0,2488,2018-10-25,0.8009999990463257,0.3940019905567169,4.193928907625377e-05,0.0009960512397810817,nan,nan
0,2488,2018-10-26,0.7979999780654907,0.41064876317977905,3.800624472205527e-05,0.0008082315325737,nan,nan
0,2488,2018-10-27,1.0049999952316284,0.5269412398338318,3.8950569432927296e-05,0.028955534100532532,nan,nan
0,2488,2018-10-28,0.9629999995231628,0.8380754590034485,0.0002690648252610117,0.3821251094341278,nan,nan
0,2488,2018-10-29,0.7580000162124634,0.7946184873580933,0.00046916361316107213,0.007789478171616793,nan,nan
0,2488,2018-10-30,0.8899999856948853,1.2220494747161865,0.0052564325742423534,0.5460762977600098,nan,nan
0,2488,2018-10-31,0.47600001096725464,0.900477945804596,0.012193875387310982,0.0012974393321201205,nan,nan
0,2488,2018-11-01,0.453000009059906,0.7277251482009888,0.009826752357184887,0.010852035135030746,nan,nan
0,2488,2018-11-02,0.4429999887943268,0.6703609228134155,0.008257941342890263,0.005495876539498568,nan,nan
0,2488,2018-11-03,0.43700000643730164,0.5964843034744263,0.007036725990474224,0.0017731363186612725,nan,nan
0,2488,2018-11-04,0.43299999833106995,0.5832039713859558,0.005881533492356539,0.006765646860003471,nan,nan
0,2488,2018-11-05,0.44200000166893005,0.5395466685295105,0.004859432112425566,0.005050999112427235,nan,nan
0,2488,2018-11-06,0.4399999976158142,0.5242494344711304,0.004032720811665058,0.004268163349479437,nan,nan
0,2488,2018-11-07,0.42800000309944153,0.5680416226387024,0.003398767439648509,0.0009481260203756392,nan,nan
0,2488,2018-11-08,0.4259999990463257,0.6265726089477539,0.0030023041181266308,2.6634579626261257e-05,nan,nan
0,2488,2018-11-09,0.421999990940094,0.574047863483429,0.0025606551207602024,0.006672721356153488,nan,nan
0,2488,2018-11-10,0.41999998688697815,0.5619339346885681,0.0021322108805179596,0.006255153566598892,nan,nan
0,2488,2018-11-11,0.4180000126361847,0.5318472385406494,0.001792171155102551,0.003237578785046935,nan,nan
0,2488,2018-11-12,0.5659999847412109,0.5066458582878113,0.0015021654544398189,0.004191333428025246,nan,nan
0,2488,2018-11-13,0.7990000247955322,0.4866328835487366,0.0012535545974969864,0.001114711514674127,nan,nan
0,2488,2018-11-14,0.8029999732971191,0.5434253811836243,0.0010971955489367247,0.0034298612736165524,nan,nan
0,2488,2018-11-15,0.7900000214576721,0.5079298615455627,0.0009321296238340437,5.2899863476341125e-06,nan,nan
0,2488,2018-11-16,0.7820000052452087,0.5125327706336975,0.0007809700910001993,1.5089503904164303e-06,nan,nan
0,2488,2018-11-17,0.765999972820282,0.5096749067306519,0.000657696626149118,3.425489012442995e-06,nan,nan
0,2488,2018-11-18,0.7440000176429749,0.49658912420272827,0.0005569006898440421,1.1871135257024434e-06,nan,nan
0,2488,2018-11-19,0.7289999723434448,0.480564147233963,0.00047420497867278755,3.346288792727137e-07,nan,nan
0,2488,2018-11-20,0.7960000038146973,0.4454282820224762,0.00041554824565537274,0.0007399501628242433,nan,nan
0,2488,2018-11-21,0.7279999852180481,0.41183462738990784,0.0003581778728403151,0.0007415509317070246,nan,nan
0,2488,2018-11-22,0.7089999914169312,0.40847158432006836,0.00030643437639810145,0.00026387357502244413,nan,nan
0,2488,2018-11-23,0.6949999928474426,0.42929306626319885,0.00026401420473121107,5.257594239083119e-05,nan,nan
0,2488,2018-11-24,0.7129999995231628,0.45348885655403137,0.00022793133393861353,9.005460742628202e-05,nan,nan
0,2488,2018-11-25,0.7279999852180481,0.511446475982666,0.00020291749387979507,0.00020766869420185685,nan,nan
0,2488,2018-11-26,0.703000009059906,0.4906862676143646,0.00012331294419709593,3.762955020647496e-05,nan,nan
0,2488,2018-11-27,0.7179999947547913,0.5786725878715515,7.05577404005453e-05,0.012417992576956749,nan,nan
0,2488,2018-11-28,0.6880000233650208,0.5665608644485474,1.9388593500480056e-05,0.005726533476263285,nan,nan
0,2488,2018-11-29,0.6970000267028809,0.5374660491943359,4.629247996490449e-06,0.0006172279245220125,nan,nan
0,2488,2018-11-30,0.7379999756813049,0.5321176052093506,4.498852376855211e-06,0.000521570909768343,nan,nan
0,2488,2018-12-01,0.746999979019165,0.5628407001495361,5.045676516601816e-06,0.0017860076623037457,nan,nan
0,2488,2018-12-02,0.7950000166893005,0.5688392519950867,5.105435320729157e-06,6.6012671595672145e-06,nan,nan
0,2488,2018-12-03,3.6410000324249268,1.3755353689193726,0.010570120066404343,1.191307783126831,nan,nan
0,2488,2018-12-04,4.679999828338623,2.264554023742676,0.06809461116790771,1.190380573272705,nan,nan
0,2488,2018-12-05,2.555000066757202,2.07817006111145,0.1015409603714943,0.31628134846687317,nan,nan
0,2488,2018-12-06,2.503999948501587,1.7629622220993042,0.08176092803478241,0.0008725547231733799,nan,nan
0,2488,2018-12-07,1.253000020980835,1.5055218935012817,0.06355873495340347,0.003842186415567994,nan,nan
0,2488,2018-12-08,0.5820000171661377,1.6383881568908691,0.06798673421144485,0.01855643466114998,nan,nan
0,2488,2018-12-09,0.6449999809265137,1.6049162149429321,0.06907913088798523,0.00428581889718771,nan,nan
0,2488,2018-12-10,0.7009999752044678,1.8762558698654175,0.33470696210861206,0.49719804525375366,nan,nan
0,2488,2018-12-11,0.5899999737739563,1.3476693630218506,0.4582950174808502,0.06077199801802635,nan,nan
0,2488,2018-12-12,0.5210000276565552,0.980009138584137,0.4058663547039032,0.025184981524944305,nan,nan
0,2488,2018-12-13,0.49900001287460327,0.823979914188385,0.32935577630996704,0.017712533473968506,nan,nan
0,2488,2018-12-14,0.48000001907348633,0.747471272945404,0.26157259941101074,0.013482457026839256,nan,nan
0,2488,2018-12-15,0.4519999921321869,0.7205414175987244,0.20459787547588348,0.012415793724358082,nan,nan
0,2488,2018-12-16,0.4699999690055847,0.8650999665260315,0.2816130220890045,0.13778162002563477,nan,nan
0,2488,2018-12-17,0.4859999716281891,0.6754761934280396,0.2684341073036194,0.02730949968099594,nan,nan
0,2488,2018-12-18,0.4690000116825104,0.6384164094924927,0.21528571844100952,0.003683005226776004,nan,nan
0,2488,2018-12-19,0.465999960899353,0.5672236680984497,0.16443748772144318,0.005227657500654459,nan,nan
0,2488,2018-12-20,0.4519999921321869,0.6707212924957275,0.15179890394210815,0.031011288985610008,nan,nan
0,2488,2018-12-21,0.8209999799728394,0.6763091683387756,0.12384967505931854,0.011018870398402214,nan,nan
0,2488,2018-12-22,6.166999816894531,1.5238425731658936,0.5448055267333984,0.6297805905342102,nan,nan
0,2488,2018-12-23,3.5390000343322754,1.1298558712005615,0.6929367184638977,1.023008108139038,nan,nan
0,2488,2018-12-24,14.479000091552734,1.538586139678955,0.8756874203681946,1.2234766483306885,nan,nan
0,2488,2018-12-25,6.0960001945495605,5.688778400421143,0.969465970993042,3.753896474838257,nan,nan
0,2488,2018-12-26,1.343000054359436,0.8661563992500305,0.9821471571922302,0.6910158395767212,nan,nan
0,2488,2018-12-27,0.9719999432563782,1.0267648696899414,0.9741514325141907,0.0019716774113476276,nan,nan
0,2488,2018-12-28,0.8140000104904175,0.6767838001251221,0.9616145491600037,0.00019823845650535077,nan,nan
0,2488,2018-12-29,0.6970000267028809,0.8496658205986023,0.9438771605491638,0.007884306833148003,nan,nan
0,2488,2018-12-30,0.6290000081062317,0.5664028525352478,0.9187630414962769,0.001034923130646348,nan,nan
0,2488,2018-12-31,0.5989999771118164,0.8248635530471802,0.882980227470398,0.01309302356094122,nan,nan
0,2488,2019-01-01,0.5640000104904175,0.5610973834991455,0.7122983932495117,0.0022924873046576977,nan,nan
0,2488,2019-01-02,0.5400000214576721,0.30369752645492554,0.611413836479187,0.0006920649902895093,nan,nan
0,2488,2019-01-03,0.5090000033378601,0.5293936133384705,0.466555655002594,0.00034169681021012366,nan,nan
0,2488,2019-01-04,0.4909999966621399,0.486290842294693,0.38096296787261963,0.0018724153051152825,nan,nan
0,2488,2019-01-05,0.4740000367164612,0.49997976422309875,0.3109840154647827,0.002514840103685856,nan,nan
0,2488,2019-01-06,0.46299999952316284,0.5755846500396729,0.24552300572395325,0.00012491170491557568,nan,nan
0,2488,2019-01-07,0.46299999952316284,0.5172359347343445,0.19492687284946442,0.003289549145847559,nan,nan
0,2488,2019-01-08,0.465999960899353,0.5535786747932434,0.11094769835472107,0.001459579449146986,nan,nan
0,2488,2019-01-09,0.46000000834465027,0.7031189203262329,0.10794102400541306,0.07463902235031128,nan,nan
0,2488,2019-01-10,0.44600000977516174,0.8416874408721924,0.11604773253202438,0.12148942053318024,nan,nan
0,2488,2019-01-11,0.43799999356269836,0.7151216268539429,0.11314405500888824,0.010804270394146442,nan,nan
0,2488,2019-01-12,0.42500001192092896,0.7042701244354248,0.0924932211637497,0.0020548291504383087,nan,nan
0,2488,2019-01-13,0.4580000042915344,1.024694561958313,0.13431212306022644,0.09548947960138321,nan,nan
0,2488,2019-01-14,0.5460000038146973,1.6838524341583252,0.7757460474967957,1.2000778913497925,nan,nan
0,2488,2019-01-15,0.4829999804496765,0.9239634871482849,0.9079213738441467,0.02391855977475643,nan,nan
0,2488,2019-01-16,0.46000000834465027,0.7515848278999329,0.8694459795951843,0.01408199779689312,nan,nan
0,2488,2019-01-17,0.45100000500679016,0.6636305451393127,0.8247189521789551,0.01002389844506979,nan,nan
0,2488,2019-01-18,0.43700000643730164,0.9558622241020203,0.7707377076148987,0.0006821450078859925,nan,nan
0,2488,2019-01-19,0.41999998688697815,0.7512076497077942,0.6860074400901794,0.016031792387366295,nan,nan
0,2488,2019-01-20,0.41600000858306885,0.6561041474342346,0.43306905031204224,0.01104019396007061,nan,nan
0,2488,2019-01-21,0.4189999997615814,0.7089084982872009,0.2312970608472824,0.014434964396059513,nan,nan
0,2488,2019-01-22,0.41499999165534973,0.5714674592018127,0.14472271502017975,0.006758422125130892,nan,nan
0,2488,2019-01-23,0.4129999876022339,0.5057420134544373,0.06930400431156158,0.004227548372000456,nan,nan
0,2488,2019-01-24,0.41200000047683716,0.47756558656692505,0.027812441810965538,0.003329311031848192,nan,nan
0,2488,2019-01-25,0.4050000011920929,0.5019263625144958,0.02044561691582203,0.004161038901656866,nan,nan
0,2488,2019-01-26,0.39399999380111694,0.45553216338157654,0.015971655026078224,0.0028199381195008755,nan,nan
0,2488,2019-01-27,0.3970000147819519,0.4325757622718811,0.01238013431429863,0.002379477256909013,nan,nan
0,2488,2019-01-28,0.4020000100135803,0.6537706255912781,0.030974717810750008,0.27995216846466064,nan,nan
0,2488,2019-01-29,0.39800000190734863,0.7787003517150879,0.03693775832653046,0.050636496394872665,nan,nan
0,2488,2019-01-30,0.39500001072883606,0.68734210729599,0.031286269426345825,0.009728631936013699,nan,nan
0,2488,2019-01-31,0.39399999380111694,0.6724163889884949,0.025583121925592422,0.00010037658648798242,nan,nan
0,2488,2019-02-01,0.3970000147819519,0.6266001462936401,0.020196586847305298,0.0034672003239393234,nan,nan
0,2488,2019-02-02,0.3880000114440918,0.9353483319282532,0.045979466289281845,0.18658964335918427,nan,nan
0,2488,2019-02-03,0.3889999985694885,1.0244629383087158,0.05214677006006241,0.01920875906944275,nan,nan
0,2488,2019-02-04,0.38999998569488525,1.004530906677246,0.045941293239593506,0.0009045779006555676,nan,nan
0,2488,2019-02-05,0.3880000114440918,0.8531719446182251,0.036429163068532944,0.026660731062293053,nan,nan
0,2488,2019-02-06,0.3889999985694885,0.7410163283348083,0.027843642979860306,0.01771639660000801,nan,nan
0,2488,2019-02-07,0.40700000524520874,0.711981475353241,0.02008318342268467,0.015802526846528053,nan,nan
0,2488,2019-02-08,0.39100000262260437,0.7712245583534241,0.016270413994789124,0.0030302146915346384,nan,nan
0,2488,2019-02-09,0.3880000114440918,0.7364014983177185,0.01116195134818554,0.01724538393318653,nan,nan
0,2488,2019-02-10,0.4189999997615814,0.6588226556777954,0.008546608500182629,0.01241297647356987,nan,nan
0,2488,2019-02-11,1.2009999752044678,1.1083896160125732,0.039625246077775955,0.37516605854034424,nan,nan
0,2488,2019-02-12,1.2929999828338623,0.930316686630249,0.02759004756808281,0.0038725680205971003,nan,nan
0,2488,2019-02-13,1.2050000429153442,0.8484950065612793,0.009743039496243,2.1448546249303035e-05,nan,nan
0,2488,2019-02-14,1.2070000171661377,0.7821443676948547,0.007476801052689552,2.6655195597413694e-06,nan,nan
0,2488,2019-02-15,1.2769999504089355,0.7406049370765686,0.006154508329927921,9.375287481816486e-05,nan,nan
0,2488,2019-02-16,1.409999966621399,0.7570622563362122,0.004873770754784346,0.00030470199999399483,nan,nan
0,2488,2019-02-17,1.5290000438690186,0.7675842642784119,0.003869826439768076,0.0014342780923470855,nan,nan
0,2488,2019-02-18,1.5980000495910645,0.7598853707313538,0.0031322515569627285,0.0036962900776416063,nan,nan
0,2488,2019-02-19,1.6050000190734863,0.7758345007896423,0.0025450142566114664,0.004696845076978207,nan,nan
0,2488,2019-02-20,1.531999945640564,0.7258582711219788,0.0020757901947945356,0.00694924034178257,nan,nan
0,2488,2019-02-21,1.5410000085830688,0.7113466262817383,0.001701328088529408,0.005555354990065098,nan,nan
0,2488,2019-02-22,1.652999997138977,0.7779044508934021,0.0013917125761508942,0.003363171825185418,nan,nan
0,2488,2019-02-23,1.7860000133514404,0.7953526973724365,0.0011355462484061718,0.00530681386590004,nan,nan
0,2488,2019-02-24,1.75,0.7595646381378174,0.000931902730371803,0.011208335869014263,nan,nan
0,2488,2019-02-25,1.7899999618530273,0.7642644643783569,0.0007656157831661403,0.009660678915679455,nan,nan
0,2488,2019-02-26,1.8920000791549683,0.7765107750892639,0.0004096703778486699,0.010395216755568981,nan,nan
0,2488,2019-02-27,2.0850000381469727,0.7394880056381226,0.00032024114625528455,0.016870977357029915,nan,nan
0,2488,2019-02-28,2.450000047683716,0.8074799180030823,0.00023291479737963527,0.021072521805763245,nan,nan
0,2488,2019-03-01,2.7360000610351562,0.8226481080055237,0.00019981466175522655,0.041993964463472366,nan,nan
0,2488,2019-03-02,2.4089999198913574,1.1329751014709473,0.00034948773100040853,0.28594982624053955,nan,nan
0,2488,2019-03-03,2.1029999256134033,1.050578236579895,0.0002833015169017017,0.018416136503219604,nan,nan
0,2488,2019-03-04,2.2019999027252197,0.9822869896888733,0.0002188870421377942,0.01014708075672388,nan,nan
0,2488,2019-03-05,1.659000039100647,1.1794683933258057,0.00029408634873107076,0.16461220383644104,nan,nan
0,2488,2019-03-06,0.5649999976158142,1.0072073936462402,0.00033659287146292627,0.00026348448591306806,nan,nan
0,2488,2019-03-07,0.640999972820282,0.8850768804550171,0.0003100235480815172,0.020168842747807503,nan,nan
0,2488,2019-03-08,0.5789999961853027,0.893443763256073,0.00029955379432067275,0.00028744913288392127,nan,nan
0,2488,2019-03-09,0.5350000262260437,0.8008309602737427,0.00027068451163358986,0.01360375713557005,nan,nan
0,2488,2019-03-10,1.1490000486373901,0.9300951957702637,0.00035039332578890026,0.013904944993555546,nan,nan
0,2488,2019-03-11,1.2640000581741333,1.094459891319275,0.0003692228638101369,0.03869582712650299,nan,nan
0,2488,2019-03-12,0.8259999752044678,1.2594259977340698,0.00029230467043817043,0.16845203936100006,nan,nan
0,2488,2019-03-13,0.7369999885559082,1.1201035976409912,0.00022954479209147394,0.00024888344341889024,nan,nan
0,2488,2019-03-14,0.6930000185966492,1.0781973600387573,0.00031660558306612074,0.02707914263010025,nan,nan
0,2488,2019-03-15,1.069000005722046,1.8310825824737549,0.013756997883319855,0.6647788286209106,nan,nan
0,2488,2019-03-16,0.9950000047683716,1.583439826965332,0.04073530435562134,0.002040277002379298,nan,nan
0,2488,2019-03-17,0.878000020980835,1.2542979717254639,0.03353191912174225,0.027972789481282234,nan,nan
0,2488,2019-03-18,0.8429999947547913,1.2020632028579712,0.029064055532217026,2.6879884899244644e-05,nan,nan
0,2488,2019-03-19,0.734000027179718,0.9950682520866394,0.02441224828362465,0.015201754868030548,nan,nan
0,2488,2019-03-20,0.6610000133514404,0.8988981246948242,0.019693760201334953,0.013501870445907116,nan,nan
0,2488,2019-03-21,0.6190000176429749,0.7547594904899597,0.015834202989935875,0.008053533732891083,nan,nan
0,2488,2019-03-22,0.6000000238418579,0.6804384589195251,0.012749738059937954,0.005907959304749966,nan,nan
0,2488,2019-03-23,0.5979999899864197,0.6824303269386292,0.010351207107305527,0.006517523899674416,nan,nan
0,2488,2019-03-24,0.6399999856948853,0.6192402243614197,0.008420479483902454,0.004080806393176317,nan,nan
0,2488,2019-03-25,0.703000009059906,0.6049442291259766,0.006847580429166555,0.0027707850094884634,nan,nan
0,2488,2019-03-26,0.6690000295639038,0.7002224326133728,0.005854238756000996,0.0022657429799437523,nan,nan
0,2488,2019-03-27,0.625,0.6245067119598389,0.004875375889241695,0.002797027351334691,nan,nan
0,2488,2019-03-28,0.5989999771118164,0.5403763055801392,0.003938593436032534,0.001420439686626196,nan,nan
0,2488,2019-03-29,0.5920000076293945,0.5190429091453552,0.003189114620909095,0.0013273548102006316,nan,nan
0,2488,2019-03-30,0.593999981880188,0.550407886505127,0.002615154953673482,0.0021340292878448963,nan,nan
0,2488,2019-03-31,0.6359999775886536,0.5386946797370911,0.001824638107791543,0.001819636789150536,nan,nan
0,2488,2019-04-01,0.7390000224113464,0.5365256071090698,0.0013514901511371136,0.00120514165610075,nan,nan
0,2488,2019-04-02,0.7639999985694885,0.5556787252426147,0.001149635063484311,0.00047958927461877465,nan,nan
0,2488,2019-04-03,0.7850000262260437,0.5599369406700134,0.0008160271099768579,0.00034904040512628853,nan,nan
0,2488,2019-04-04,0.7879999876022339,0.9882199168205261,0.003912273328751326,0.3469350337982178,nan,nan
0,2488,2019-04-05,0.7099999785423279,1.2737741470336914,0.00796216819435358,0.17288906872272491,nan,nan
0,2488,2019-04-06,0.6660000085830688,0.9706822633743286,0.009506141766905785,0.019391806796193123,nan,nan
0,2488,2019-04-07,0.6790000200271606,0.8523077368736267,0.007293705362826586,0.013321430422365665,nan,nan
0,2488,2019-04-08,0.6759999990463257,0.8296866416931152,0.0060713146813213825,0.0001587876322446391,nan,nan
0,2488,2019-04-09,0.6830000281333923,0.7707275748252869,0.004929905757308006,0.008365360088646412,nan,nan
0,2488,2019-04-10,0.6909999847412109,0.7090758681297302,0.003628519596531987,0.005395746324211359,nan,nan
0,2488,2019-04-11,0.6769999861717224,0.6477687358856201,0.0024784624110907316,0.0030656044837087393,nan,nan
0,2488,2019-04-12,0.6620000004768372,0.6774628758430481,0.0020848142448812723,0.004342949949204922,nan,nan
0,2488,2019-04-13,0.6520000100135803,0.6265304088592529,0.0006647513364441693,0.0029880490619689226,nan,nan
0,2488,2019-04-14,0.6389999985694885,0.600743293762207,0.0002791757869999856,0.0004424779035616666,nan,nan
0,2488,2019-04-15,0.621999979019165,0.6430830955505371,0.00020684015180449933,0.003993547521531582,nan,nan
0,2488,2019-04-16,0.6520000100135803,0.646135151386261,0.00016420659085270017,0.0044891261495649815,nan,nan
0,2488,2019-04-17,0.7200000286102295,0.5974088907241821,0.0001370654790662229,0.002350958762690425,nan,nan
0,2488,2019-04-18,0.8899999856948853,0.5538119673728943,0.00012079341831849888,0.0006109369569458067,nan,nan
0,2488,2019-04-19,1.0149999856948853,0.5861998200416565,0.00011054421338485554,1.4260832358559128e-05,nan,nan
0,2488,2019-04-20,1.0429999828338623,0.6129921674728394,9.915489499690011e-05,0.00011687252845149487,nan,nan
0,2488,2019-04-21,1.1160000562667847,0.6187941431999207,0.00010315778490621597,0.00019972970767412335,nan,nan
0,2488,2019-04-22,1.1929999589920044,0.6363942623138428,0.0001226785680046305,0.0004892838769592345,nan,nan
0,2488,2019-04-23,1.5160000324249268,0.6818450093269348,0.00014375302998814732,0.0005394585896283388,nan,nan
0,2488,2019-04-24,1.690000057220459,0.7570550441741943,0.00013003962521906942,0.0035155420191586018,nan,nan
0,2488,2019-04-25,1.621999979019165,0.8311619758605957,0.00010950106661766768,0.004840988200157881,nan,nan
0,2488,2019-04-26,1.4620000123977661,0.9758792519569397,9.884554310701787e-05,0.06195851415395737,nan,nan
0,2488,2019-04-27,1.0709999799728394,1.0177055597305298,9.108024823945016e-05,0.03756091371178627,nan,nan
0,2488,2019-04-28,0.9540000557899475,1.104784369468689,0.00010555652261245996,0.05140070244669914,nan,nan
0,2488,2019-04-29,0.8529999852180481,0.9438108205795288,0.00010475753515493125,1.7249521988560446e-05,nan,nan
0,2488,2019-04-30,0.7889999747276306,0.7747029066085815,8.859061199473217e-05,0.0037899434100836515,nan,nan
0,2488,2019-05-01,0.7889999747276306,0.699986457824707,7.765176269458607e-05,0.002748645143583417,nan,nan
0,2488,2019-05-02,0.8679999709129333,0.6705293655395508,7.419684698106721e-05,0.0019721975550055504,nan,nan
0,2488,2019-05-03,0.9220000505447388,0.7716864347457886,3.5372981074033305e-05,0.010084572248160839,nan,nan
0,2488,2019-05-04,0.8640000224113464,0.7007430791854858,3.222630766686052e-05,0.0008616150007583201,nan,nan
0,2488,2019-05-05,0.8009999990463257,0.8277595043182373,3.491007737466134e-05,0.07872581481933594,nan,nan
0,2488,2019-05-06,0.7580000162124634,0.8067905306816101,4.0026534406933933e-05,0.007628172170370817,nan,nan
0,2488,2019-05-07,0.75,0.7071151733398438,3.640059367171489e-05,0.003575337817892432,nan,nan
0,2488,2019-05-08,0.9399999380111694,0.6889069080352783,3.196668694727123e-05,0.00316273863427341,nan,nan
0,2488,2019-05-09,2.0880000591278076,1.1493074893951416,0.00032482860842719674,0.28191083669662476,nan,nan
0,2488,2019-05-10,0.9100000262260437,1.096265435218811,0.000640051846858114,0.018153421580791473,nan,nan
0,2488,2019-05-11,1.4769999980926514,0.9478461146354675,0.0005864266422577202,0.009744477458298206,nan,nan
0,2488,2019-05-12,1.625,1.4053417444229126,0.0020073060877621174,0.2609567642211914,nan,nan
0,2488,2019-05-13,0.5230000019073486,1.1476460695266724,0.0043387385085225105,0.0007809748058207333,nan,nan
0,2488,2019-05-14,0.46000000834465027,0.9947963953018188,0.004036664497107267,0.032124776393175125,nan,nan
0,2488,2019-05-15,0.44999998807907104,0.8272621631622314,0.004197828471660614,0.02092629484832287,nan,nan
0,2488,2019-05-16,0.4440000057220459,0.7568087577819824,0.003890105988830328,0.016188111156225204,nan,nan
0,2488,2019-05-17,0.43700000643730164,0.7402388453483582,0.0034946666564792395,0.01531963050365448,nan,nan
0,2488,2019-05-18,0.42500001192092896,0.6800411939620972,0.0030056159012019634,0.011796615086495876,nan,nan
0,2488,2019-05-19,0.4440000057220459,0.6380671858787537,0.002547284821048379,0.009858016856014729,nan,nan
0,2488,2019-05-20,5.2789998054504395,1.114281415939331,0.007879740558564663,0.20892588794231415,nan,nan
0,2488,2019-05-21,4.295000076293945,1.7028621435165405,0.014098910614848137,1.1333792209625244,nan,nan
0,2488,2019-05-22,2.497999906539917,1.5308713912963867,0.016514169052243233,0.1284003108739853,nan,nan
0,2488,2019-05-23,2.009999990463257,1.3703763484954834,0.014999192208051682,0.00412637647241354,nan,nan
0,2488,2019-05-24,2.0920000076293945,1.2534550428390503,0.01511567085981369,0.0001132805846282281,nan,nan
0,2488,2019-05-25,2.2219998836517334,1.2649480104446411,0.012920175679028034,0.0004782177275046706,nan,nan
0,2488,2019-05-26,2.4560000896453857,1.5240561962127686,0.01168433390557766,0.04346604645252228,nan,nan
0,2488,2019-05-27,1.8049999475479126,1.3160852193832397,0.011017083190381527,0.0051355971954762936,nan,nan
0,2488,2019-05-28,3.9660000801086426,1.3311532735824585,0.009225046262145042,0.009431377053260803,nan,nan
0,2488,2019-05-29,3.7190003395080566,2.0404388904571533,0.016938136890530586,0.5352597236633301,nan,nan
0,2488,2019-05-30,1.9509999752044678,1.7823255062103271,0.020741017535328865,0.03691693767905235,nan,nan
0,2488,2019-05-31,1.5460000038146973,1.5614482164382935,0.02053716778755188,0.00697531970217824,nan,nan
0,2488,2019-06-01,1.9219999313354492,1.306199312210083,0.020658086985349655,0.007213362492620945,nan,nan
0,2488,2019-06-02,2.5769999027252197,1.1771873235702515,0.022190554067492485,0.00025598876527510583,nan,nan
0,2488,2019-06-03,3.063999891281128,1.1132146120071411,0.02663327194750309,0.021922728046774864,nan,nan
0,2488,2019-06-04,3.2090001106262207,1.1394498348236084,0.02888702228665352,0.05115111917257309,nan,nan
0,2488,2019-06-05,3.424999952316284,1.1568939685821533,0.038284435868263245,0.06090955063700676,nan,nan
0,2488,2019-06-06,2.7869999408721924,1.3605117797851562,0.04505990073084831,0.05252489820122719,nan,nan
0,2488,2019-06-07,1.4919999837875366,1.3805245161056519,0.023529164493083954,0.021986527368426323,nan,nan
0,2488,2019-06-08,1.4769999980926514,1.164519190788269,0.017293650656938553,0.0031157503835856915,nan,nan
0,2488,2019-06-09,1.2410000562667847,1.1029303073883057,0.019266018643975258,0.001737244543619454,nan,nan
0,2488,2019-06-10,2.252000093460083,1.1914414167404175,0.011165414936840534,0.003682219423353672,nan,nan
0,2488,2019-06-11,7.326000213623047,5.366307258605957,0.38374122977256775,0.15215346217155457,nan,nan
0,2488,2019-06-12,2.312999963760376,2.6306874752044678,0.8119409680366516,0.33990761637687683,nan,nan
0,2488,2019-06-13,1.7359999418258667,1.723978042602539,0.7823811173439026,0.0003221960796508938,nan,nan
0,2488,2019-06-14,1.4670000076293945,1.7659672498703003,0.7614285349845886,0.03126564621925354,nan,nan
0,2488,2019-06-15,2.1029999256134033,1.2958673238754272,0.7552270889282227,0.009205879643559456,nan,nan
0,2488,2019-06-16,2.309999942779541,2.4716591835021973,0.7753520011901855,0.03613017499446869,nan,nan
0,2488,2019-06-17,1.3969999551773071,1.5337365865707397,0.8064862489700317,0.00017256497812923044,nan,nan
0,2488,2019-06-18,1.2910000085830688,1.3295944929122925,0.7614362239837646,0.013778157532215118,nan,nan
0,2488,2019-06-19,1.1449999809265137,1.0724531412124634,0.7204023599624634,0.0043483152985572815,nan,nan
0,2488,2019-06-20,1.222000002861023,1.2266967296600342,0.6662040948867798,0.017817415297031403,nan,nan
0,2488,2019-06-21,0.9959999918937683,1.0555284023284912,0.5890792608261108,0.001828191103413701,nan,nan
0,2488,2019-06-22,3.627000093460083,2.140606641769409,0.5870442986488342,0.009213950484991074,nan,nan
0,2488,2019-06-23,1.7059999704360962,2.201274871826172,0.5648338198661804,0.005319027230143547,nan,nan
0,2488,2019-06-24,1.2769999504089355,1.7471225261688232,0.5515976548194885,0.03130870684981346,nan,nan
0,2488,2019-06-25,1.2120000123977661,0.8923073410987854,0.5950509309768677,0.0003747092850971967,nan,nan
0,2488,2019-06-26,1.2710000276565552,1.6190025806427002,0.7034239768981934,0.05222972109913826,nan,nan
0,2488,2019-06-27,1.1660000085830688,1.5255990028381348,0.783871054649353,0.037166777998209,nan,nan
0,2488,2019-06-28,0.9529999494552612,1.8404029607772827,0.8686060309410095,0.08812244981527328,nan,nan
0,2488,2019-06-29,0.7770000100135803,1.3370929956436157,0.9030689001083374,0.03886369615793228,nan,nan
0,2488,2019-06-30,0.5899999737739563,1.25040602684021,0.9257665872573853,0.04175884276628494,nan,nan
0,2488,2019-07-01,0.699999988079071,1.524457335472107,0.9334548711776733,0.09714298695325851,nan,nan
0,2488,2019-07-02,1.2419999837875366,1.7899560928344727,0.9096325635910034,0.01733637973666191,nan,nan
0,2488,2019-07-03,0.9540000557899475,0.8809158802032471,0.8823240995407104,0.0005010015447624028,nan,nan
0,2488,2019-07-04,1.2130000591278076,0.9037531614303589,0.8314853310585022,2.712741661525797e-05,nan,nan
0,2488,2019-07-05,0.6830000281333923,1.2380175590515137,0.7605748772621155,0.0002706561062950641,nan,nan
0,2488,2019-07-06,0.46000000834465027,0.46222344040870667,0.8026658892631531,3.923247641068883e-05,nan,nan
0,2488,2019-07-07,0.4610000252723694,1.0002882480621338,0.7544716596603394,0.014813940972089767,nan,nan
0,2488,2019-07-08,0.46299999952316284,0.49344757199287415,0.6874363422393799,0.0028752454090863466,nan,nan
0,2488,2019-07-09,0.4580000042915344,0.6399333477020264,0.6181041598320007,0.008675811812281609,nan,nan
0,2488,2019-07-10,0.4449999928474426,0.5017727017402649,0.26010724902153015,0.003182369749993086,nan,nan
0,2488,2019-07-11,0.44200000166893005,0.45782724022865295,0.0811312273144722,0.0021833416540175676,nan,nan
0,2488,2019-07-12,0.4410000145435333,0.47702261805534363,0.05677137151360512,0.0027537571731954813,nan,nan
0,2488,2019-07-13,0.43799999356269836,0.49736571311950684,0.044311217963695526,0.003385912161320448,nan,nan
0,2488,2019-07-14,0.43799999356269836,0.4659266769886017,0.03539863973855972,0.0025156389456242323,nan,nan
0,2488,2019-07-15,0.5070000290870667,0.6074370741844177,0.026459796354174614,0.15104664862155914,nan,nan
0,2488,2019-07-16,0.45399999618530273,0.550739586353302,0.02181922271847725,0.0037410538643598557,nan,nan
0,2488,2019-07-17,0.43799999356269836,0.4770474135875702,0.02164933830499649,0.0025384000036865473,nan,nan
0,2488,2019-07-18,0.4339999854564667,0.4911326467990875,0.021686969324946404,0.003250950016081333,nan,nan
0,2488,2019-07-19,0.4309999942779541,0.4933115839958191,0.02218186855316162,0.0034000976011157036,nan,nan
0,2488,2019-07-20,0.4309999942779541,0.5185840725898743,0.023722542449831963,0.004318399354815483,nan,nan
0,2488,2019-07-21,0.42800000309944153,0.49011698365211487,0.02220461517572403,0.0033600470051169395,nan,nan
0,2488,2019-07-22,0.42500001192092896,0.47534412145614624,0.022227894514799118,0.0029669723007827997,nan,nan
0,2488,2019-07-23,0.4230000078678131,0.4877619743347168,0.02749696560204029,0.0034076545853167772,nan,nan
0,2488,2019-07-24,0.4189999997615814,0.48844367265701294,0.04024830460548401,0.0034704774152487516,nan,nan
0,2488,2019-07-25,0.4189999997615814,0.4715421199798584,0.0698910504579544,0.0030261422507464886,nan,nan
0,2488,2019-07-26,0.44600000977516174,0.5496344566345215,0.07221809029579163,0.005816620774567127,nan,nan
0,2488,2019-07-27,0.4449999928474426,0.8230789303779602,0.06073659285902977,0.09305040538311005,nan,nan
0,2488,2019-07-28,1.3869999647140503,0.9713097214698792,0.045110080391168594,0.06888984888792038,nan,nan
0,2488,2019-07-29,1.6690000295639038,1.2189406156539917,0.06028074026107788,0.3308636248111725,nan,nan
0,2488,2019-07-30,0.49799999594688416,0.9435371160507202,0.08112884312868118,0.0012470339424908161,nan,nan
0,2488,2019-07-31,0.4580000042915344,0.6924284100532532,0.06561726331710815,0.010263025760650635,nan,nan
0,2488,2019-08-01,0.44999998807907104,0.6137516498565674,0.054267603904008865,0.007550339214503765,nan,nan
0,2488,2019-08-02,0.453000009059906,0.5500085949897766,0.04914887994527817,0.005032825283706188,nan,nan
0,2488,2019-08-03,0.4440000057220459,0.5879010558128357,0.03663978725671768,0.004070136696100235,nan,nan
0,2488,2019-08-04,0.4399999976158142,0.5049415230751038,0.0333637073636055,0.0035671452060341835,nan,nan
0,2488,2019-08-05,0.44699999690055847,0.45689842104911804,0.03444449231028557,0.0022418913431465626,nan,nan
0,2488,2019-08-06,0.49900001287460327,0.48930633068084717,0.036987584084272385,0.003018912859261036,nan,nan
0,2488,2019-08-07,0.8790000081062317,0.8573285937309265,0.04816567525267601,0.1619047373533249,nan,nan
0,2488,2019-08-08,0.5120000243186951,0.9514314532279968,0.04249691590666771,0.024312440305948257,nan,nan
0,2488,2019-08-09,0.4699999690055847,0.7270849347114563,0.04309643432497978,0.01172659546136856,nan,nan
0,2488,2019-08-10,2.3259999752044678,1.0359519720077515,0.05657709017395973,0.1621367484331131,nan,nan
0,2488,2019-08-11,0.8799999952316284,1.0194709300994873,0.05888674408197403,0.04056081175804138,nan,nan
0,2488,2019-08-12,0.9860000610351562,1.1202540397644043,0.04492073878645897,0.004230915103107691,nan,nan
0,2488,2019-08-13,1.3650000095367432,1.0738729238510132,0.026987506076693535,0.018924731761217117,nan,nan
0,2488,2019-08-14,1.1720000505447388,0.7915478348731995,0.02010582946240902,0.0005509500624611974,nan,nan
0,2488,2019-08-15,0.5139999985694885,0.6932550668716431,0.017275014892220497,0.00027042735018767416,nan,nan
0,2488,2019-08-16,0.4880000054836273,0.6009879112243652,0.014826765283942223,0.005419354885816574,nan,nan
0,2488,2019-08-17,0.4650000035762787,0.5797156095504761,0.013359321281313896,0.005238437093794346,nan,nan
0,2488,2019-08-18,0.4560000002384186,0.5584430694580078,0.016719747334718704,0.004986146930605173,nan,nan
0,2488,2019-08-19,1.1399999856948853,1.013251543045044,0.0371793732047081,0.3708866238594055,nan,nan
0,2488,2019-08-20,7.964000225067139,1.3037525415420532,0.04643091559410095,0.24052844941616058,nan,nan
0,2488,2019-08-21,6.122000217437744,2.7272796630859375,0.15501044690608978,2.3548390865325928,nan,nan
0,2488,2019-08-22,1.6929999589920044,1.827800989151001,0.2704503536224365,0.3295553922653198,nan,nan
0,2488,2019-08-23,0.6060000061988831,1.2640758752822876,0.2315860539674759,0.0022786282934248447,nan,nan
0,2488,2019-08-24,0.4569999873638153,1.282246470451355,0.1888449788093567,0.05902387201786041,nan,nan
0,2488,2019-08-25,0.43700000643730164,1.0633224248886108,0.14451242983341217,0.0438646599650383,nan,nan
0,2488,2019-08-26,0.4300000071525574,0.8070780634880066,0.13771134614944458,0.0205036960542202,nan,nan
0,2488,2019-08-27,0.42899999022483826,0.7035514116287231,0.12764832377433777,0.013511010445654392,nan,nan
0,2488,2019-08-28,0.41999998688697815,0.6709990501403809,0.09091466665267944,0.011567281559109688,nan,nan
0,2488,2019-08-29,0.781000018119812,0.729155421257019,0.07320737093687057,0.015614144504070282,nan,nan
0,2488,2019-08-30,0.4050000011920929,0.734804093837738,0.06455113738775253,0.004007527604699135,nan,nan
0,2488,2019-08-31,0.3919999897480011,0.7087278366088867,0.05704307556152344,0.014889332465827465,nan,nan
0,2488,2019-09-01,0.39399999380111694,0.7078901529312134,0.044908445328474045,0.015393201261758804,nan,nan
0,2488,2019-09-02,0.4099999964237213,0.9431552886962891,0.058433860540390015,0.1280922144651413,nan,nan
0,2488,2019-09-03,0.4090000092983246,0.7203953862190247,0.0624135285615921,0.010357514955103397,nan,nan
0,2488,2019-09-04,0.39399999380111694,0.6216518878936768,0.053182538598775864,0.009529663249850273,nan,nan
0,2488,2019-09-05,0.3930000066757202,0.5553638935089111,0.03560416027903557,0.0067572155967354774,nan,nan
0,2488,2019-09-06,0.4009999930858612,0.5470327138900757,0.028700126335024834,9.50871326494962e-05,nan,nan
0,2488,2019-09-07,0.39100000262260437,0.5667924880981445,0.019518349319696426,0.007070762570947409,nan,nan
0,2488,2019-09-08,0.4009999930858612,0.5737042427062988,0.009550112299621105,0.0009724293486215174,nan,nan
0,2488,2019-09-09,0.41100001335144043,0.6820679306983948,0.006592250429093838,0.01776224933564663,nan,nan
0,2488,2019-09-10,0.4059999883174896,0.6309890747070312,0.005952837876975536,0.00996232870966196,nan,nan
0,2488,2019-09-11,0.4009999930858612,0.5505169630050659,0.004805766977369785,0.006206683348864317,nan,nan
0,2488,2019-09-12,0.39500001072883606,0.49651220440864563,0.003724396927282214,0.00421952037140727,nan,nan
0,2488,2019-09-13,0.382999986410141,0.4825379550457001,0.0032913393806666136,0.003869379172101617,nan,nan
0,2488,2019-09-14,0.38100001215934753,0.4981883764266968,0.003061247756704688,0.0047011300921440125,nan,nan
0,2488,2019-09-15,0.37700000405311584,0.49273496866226196,0.0027558854781091213,0.004546867683529854,nan,nan
0,2488,2019-09-16,0.38600000739097595,0.5714345574378967,0.0024888014886528254,0.008019615896046162,nan,nan
0,2488,2019-09-17,0.38600000739097595,0.6201925873756409,0.0010179276578128338,0.010251295752823353,nan,nan
0,2488,2019-09-18,0.38600000739097595,0.6094651818275452,0.0009248925489373505,0.00966853927820921,nan,nan
0,2488,2019-09-19,0.3840000033378601,0.566624641418457,0.0005188575596548617,0.007511294446885586,nan,nan
0,2488,2019-09-20,0.38199999928474426,0.5205674171447754,0.00019070385314989835,0.005547451786696911,nan,nan
0,2488,2019-09-21,0.3720000088214874,0.47881320118904114,0.00015451725630555302,0.004027931019663811,nan,nan
0,2488,2019-09-22,0.36899998784065247,0.4524456262588501,0.00014611982624046504,0.003368552541360259,nan,nan
0,2488,2019-09-23,0.38100001215934753,0.5829987525939941,0.00017027683497872204,0.03760993853211403,nan,nan
0,2488,2019-09-24,0.37299999594688416,0.5277349352836609,0.00017474348715040833,0.005922427400946617,nan,nan
0,2488,2019-09-25,0.4309999942779541,0.49333447217941284,0.00014631585509050637,0.001309935818426311,nan,nan
0,2488,2019-09-26,0.47300001978874207,0.4928150475025177,0.00012153215357102454,1.6257805327768438e-05,nan,nan
0,2488,2019-09-27,0.4740000367164612,0.4857431650161743,0.00010137150820810348,0.001278541050851345,nan,nan
0,2488,2019-09-28,0.4560000002384186,0.4956773519515991,9.938048606272787e-05,0.0026990878395736217,nan,nan
0,2488,2019-09-29,0.4490000009536743,0.4630381464958191,9.616631723474711e-05,0.0021362141706049442,nan,nan
0,2488,2019-09-30,0.44999998807907104,0.45921581983566284,0.00014434076729230583,0.002153335837647319,nan,nan
0,2488,2019-10-01,0.42800000309944153,0.4630560874938965,9.319044329458848e-05,0.0022348607890307903,nan,nan
0,2488,2019-10-02,0.4399999976158142,0.6327884793281555,0.00010605178977129981,0.06604530662298203,nan,nan
0,2488,2019-10-03,0.46699997782707214,0.7114007472991943,0.00011142962466692552,0.011413350701332092,nan,nan
0,2488,2019-10-04,0.4480000138282776,0.6208696365356445,0.0001094238250516355,0.007613401394337416,nan,nan
0,2488,2019-10-05,0.4490000009536743,0.6110278964042664,9.672446321928874e-05,6.874219980090857e-05,nan,nan
0,2488,2019-10-06,0.45500001311302185,0.5704305768013,8.34437450976111e-05,0.0018361450638622046,nan,nan
0,2488,2019-10-07,0.6050000190734863,0.761506974697113,0.0001885853271232918,0.11405953019857407,nan,nan
0,2488,2019-10-08,0.5149999856948853,0.5964149236679077,0.0002814058098010719,0.003185808192938566,nan,nan
0,2488,2019-10-09,1.1059999465942383,0.4972775876522064,0.00023602013243362308,0.0020441000815480947,nan,nan
0,2488,2019-10-10,1.5,0.796406626701355,0.0010846825316548347,0.35799160599708557,nan,nan
0,2488,2019-10-11,0.6019999980926514,0.6550244688987732,0.00208884384483099,0.007100364193320274,nan,nan
0,2488,2019-10-12,0.5429999828338623,0.5831330418586731,0.0018592576961964369,0.0028465227223932743,nan,nan
0,2488,2019-10-13,0.5080000162124634,0.5801364183425903,0.0016704489244148135,0.0039519392885267735,nan,nan
0,2488,2019-10-14,0.4960000216960907,0.5767661333084106,0.0014893797924742103,0.004633991979062557,nan,nan
0,2488,2019-10-15,0.5180000066757202,0.5772055387496948,0.0013291402719914913,0.004941177554428577,nan,nan
0,2488,2019-10-16,0.5659999847412109,0.8660946488380432,0.005169822368770838,0.2375255525112152,nan,nan
0,2488,2019-10-17,0.5210000276565552,0.697080135345459,0.008823373354971409,0.00822107121348381,nan,nan
0,2488,2019-10-18,0.5040000081062317,0.6397114992141724,0.007421934511512518,0.006877613253891468,nan,nan
0,2488,2019-10-19,0.5109999775886536,0.6461010575294495,0.006455325521528721,0.0003857341653201729,nan,nan
0,2488,2019-10-20,0.5019999742507935,0.6142818927764893,0.005514070391654968,1.5664583770558238e-05,nan,nan
0,2488,2019-10-21,0.503000020980835,0.6952909827232361,0.004600700456649065,0.00019366836932022125,nan,nan
0,2488,2019-10-22,0.5019999742507935,0.7786931395530701,0.004325741436332464,0.02004213258624077,nan,nan
0,2488,2019-10-23,0.48399999737739563,0.6521995663642883,0.003839743323624134,0.00803825631737709,nan,nan
0,2488,2019-10-24,0.4749999940395355,0.592828631401062,0.003371867351233959,0.005874688271433115,nan,nan
0,2488,2019-10-25,0.46399998664855957,0.569895327091217,0.00285299401730299,0.003643634496256709,nan,nan
0,2488,2019-10-26,0.453000009059906,0.5333121418952942,0.0024034257512539625,0.00408923951908946,nan,nan
0,2488,2019-10-27,0.44600000977516174,0.5445497632026672,0.002076217904686928,0.004751541186124086,nan,nan
0,2488,2019-10-28,0.4610000252723694,0.5160042643547058,0.0017577633261680603,0.003892104374244809,nan,nan
0,2488,2019-10-29,1.3650000095367432,0.8963472843170166,0.011120937764644623,0.3563385605812073,nan,nan
0,2488,2019-10-30,0.7099999785423279,0.8794626593589783,0.018359022215008736,0.009130440652370453,nan,nan
0,2488,2019-10-31,0.5220000147819519,0.7859350442886353,0.013247725553810596,0.002605183981359005,nan,nan
0,2488,2019-11-01,0.39399999380111694,0.6864300966262817,0.011117808520793915,0.00562085397541523,nan,nan
0,2488,2019-11-02,0.39800000190734863,0.7267915606498718,0.01018328033387661,0.006167494226247072,nan,nan
0,2488,2019-11-03,0.4339999854564667,0.6957111954689026,0.008650198578834534,0.0004393039271235466,nan,nan
0,2488,2019-11-04,0.503000020980835,0.7637729644775391,0.009372190572321415,0.0283601526170969,nan,nan
0,2488,2019-11-05,0.5540000200271606,0.7985820770263672,0.0074392519891262054,0.02379782311618328,nan,nan
0,2488,2019-11-06,0.41600000858306885,0.7555240988731384,0.005748678930103779,0.00819360464811325,nan,nan
0,2488,2019-11-07,0.414000004529953,0.6653424501419067,0.004980142693966627,0.0035316140856593847,nan,nan
0,2488,2019-11-08,0.4300000071525574,0.7324544787406921,0.0048261843621730804,0.08288083225488663,nan,nan
0,2488,2019-11-09,0.4099999964237213,0.7714095115661621,0.00393585953861475,0.017371242865920067,nan,nan
0,2488,2019-11-10,0.39899998903274536,0.6177341938018799,0.003535973373800516,0.009288830682635307,nan,nan
0,2488,2019-11-11,0.4000000059604645,0.5201881527900696,0.0029557759407907724,0.005148408003151417,nan,nan
0,2488,2019-11-12,0.3919999897480011,0.46190449595451355,0.0025205020792782307,0.00043521536281332374,nan,nan
0,2488,2019-11-13,0.36800000071525574,0.4879324436187744,0.0021189101971685886,0.004121359437704086,nan,nan
0,2488,2019-11-14,0.36500000953674316,0.4237465262413025,0.001042385003529489,0.0025936225429177284,nan,nan
0,2488,2019-11-15,0.36800000071525574,0.5328890681266785,0.0010659487452358007,0.10063726454973221,nan,nan
0,2488,2019-11-16,0.3630000054836273,0.5063134431838989,0.0012075555277988315,0.0018191167619079351,nan,nan
0,2488,2019-11-17,0.3630000054836273,0.481661319732666,0.0010262101422995329,0.0036885507870465517,nan,nan
0,2488,2019-11-18,0.367000013589859,0.6471830010414124,0.002264412585645914,0.1268489807844162,nan,nan
0,2488,2019-11-19,0.3619999885559082,0.6042199730873108,0.0028026350773870945,0.009240329265594482,nan,nan
0,2488,2019-11-20,0.3619999885559082,0.5677066445350647,0.002312234602868557,0.007285421248525381,nan,nan
0,2488,2019-11-21,0.36500000953674316,0.5148342847824097,0.00184098060708493,0.00589387072250247,nan,nan
0,2488,2019-11-22,0.3569999933242798,0.4896039068698883,0.0015735516790300608,0.004487271420657635,nan,nan
0,2488,2019-11-23,0.35899999737739563,0.5081812739372253,0.0013358142459765077,0.004667477682232857,nan,nan
0,2488,2019-11-24,0.3580000102519989,0.5260009169578552,0.0011221242602914572,0.0024587020743638277,nan,nan
0,2488,2019-11-25,0.3569999933242798,0.5425037741661072,0.0009626233950257301,0.006110500078648329,nan,nan
0,2488,2019-11-26,0.3569999933242798,0.6187024116516113,0.0008252146653831005,0.011218876577913761,nan,nan
0,2488,2019-11-27,0.37299999594688416,0.6388310194015503,0.0003764555440284312,0.0021265640389174223,nan,nan
0,2488,2019-11-28,0.37400001287460327,0.769442081451416,0.000344444764778018,0.04949267581105232,nan,nan
0,2488,2019-11-29,0.41100001335144043,0.9929206371307373,0.0006348281167447567,0.09197185188531876,nan,nan
0,2488,2019-11-30,0.4129999876022339,1.2345949411392212,0.0015634521842002869,0.12846770882606506,nan,nan
0,2488,2019-12-01,0.39399999380111694,0.9053412079811096,0.0021804464049637318,0.030324336141347885,nan,nan
0,2488,2019-12-02,0.39399999380111694,0.8556825518608093,0.002157652983441949,9.109226994041819e-06,nan,nan
0,2488,2019-12-03,0.3880000114440918,0.7552821040153503,0.0018257370684295893,0.013011625967919827,nan,nan
0,2488,2019-12-04,0.382999986410141,0.6643921732902527,0.0014967701863497496,0.012753080576658249,nan,nan
0,2488,2019-12-05,0.3790000081062317,0.6306087970733643,0.0012291166931390762,0.010943053290247917,nan,nan
0,2488,2019-12-06,0.37400001287460327,0.5869467854499817,0.0009685289696790278,0.008728154003620148,nan,nan
0,2488,2019-12-07,0.3630000054836273,0.5587044358253479,0.0006965604843571782,0.007501696702092886,nan,nan
0,2488,2019-12-08,0.3610000014305115,0.546755850315094,0.0005639316514134407,0.007273602299392223,nan,nan
0,2488,2019-12-09,0.3779999911785126,0.5704618096351624,0.00045171845704317093,0.0014002519892528653,nan,nan
0,2488,2019-12-10,0.38199999928474426,1.0765973329544067,0.012523526325821877,0.6386786103248596,nan,nan
0,2488,2019-12-11,0.37700000405311584,0.8177573680877686,0.04257526248693466,0.024144018068909645,nan,nan
0,2488,2019-12-12,0.375,0.7450634241104126,0.0407077819108963,0.000895489240065217,nan,nan
0,2488,2019-12-13,0.3889999985694885,0.7341607213020325,0.03749183937907219,0.004314507823437452,nan,nan
0,2488,2019-12-14,0.4009999930858612,1.029285192489624,0.1414109468460083,0.47697269916534424,nan,nan
0,2488,2019-12-15,0.4129999876022339,0.8962688446044922,0.21523220837116241,0.014760640449821949,nan,nan
0,2488,2019-12-16,0.4090000092983246,0.7412834167480469,0.17099663615226746,0.016765855252742767,nan,nan
0,2488,2019-12-17,0.40299999713897705,0.7066200971603394,0.1182461604475975,0.01458007376641035,nan,nan
0,2488,2019-12-18,0.4020000100135803,0.6750550866127014,0.08395439386367798,0.012815677560865879,nan,nan
0,2488,2019-12-19,0.39500001072883606,0.6762399077415466,0.06729854643344879,0.012928576208651066,nan,nan
0,2488,2019-12-20,0.39100000262260437,0.6347401142120361,0.053320083767175674,0.010739821009337902,nan,nan
0,2488,2019-12-21,0.39399999380111694,0.7661071419715881,0.04964384436607361,0.012178881093859673,nan,nan
0,2488,2019-12-22,0.42100000381469727,0.8905802369117737,0.06826965510845184,0.11427292972803116,nan,nan
0,2488,2019-12-23,0.4449999928474426,1.1031891107559204,0.2248976081609726,0.5521761775016785,nan,nan
0,2488,2019-12-24,2.311000108718872,0.8302047252655029,0.29949280619621277,0.016644543036818504,nan,nan
0,2488,2019-12-25,2.6089999675750732,1.247255563735962,0.45809245109558105,0.6252668499946594,nan,nan
0,2488,2019-12-26,0.5080000162124634,0.8156172037124634,0.5105718970298767,0.05506965145468712,nan,nan
0,2488,2019-12-27,0.4950000047683716,0.8352079391479492,0.5070909261703491,0.02588505856692791,nan,nan
0,2488,2019-12-28,0.46000000834465027,0.8142408728599548,0.5477861166000366,0.1541031301021576,nan,nan
0,2488,2019-12-29,0.43700000643730164,0.7253020405769348,0.5242463946342468,0.013667045161128044,nan,nan
0,2488,2019-12-30,0.4339999854564667,0.733388364315033,0.39621928334236145,0.015161758288741112,nan,nan
0,2488,2019-12-31,0.4259999990463257,0.5983191132545471,0.32487303018569946,0.007550384383648634,nan,nan
0,2488,2020-01-01,0.4180000126361847,0.5795626044273376,0.26183387637138367,0.006920213345438242,nan,nan
0,2488,2020-01-02,0.41200000047683716,0.4591158926486969,0.20956163108348846,0.0026835566386580467,nan,nan
0,2488,2020-01-03,0.40700000524520874,0.5702304244041443,0.16563302278518677,0.006905308924615383,nan,nan
0,2488,2020-01-04,0.40299999713897705,0.5002402067184448,0.13017569482326508,0.0015174875734373927,nan,nan
0,2488,2020-01-05,0.3959999978542328,0.5001678466796875,0.10194160789251328,0.004303728695958853,nan,nan
0,2488,2020-01-06,0.38999998569488525,0.4654421806335449,0.07948897778987885,0.0032919938676059246,nan,nan
0,2488,2020-01-07,0.39399999380111694,0.5260915756225586,0.06296715140342712,0.005615201313048601,nan,nan
0,2488,2020-01-08,0.3919999897480011,0.4856310486793518,0.021452534943819046,0.0039969333447515965,nan,nan
0,2488,2020-01-09,0.38999998569488525,0.49822837114334106,0.007853815332055092,0.004489043261855841,nan,nan
0,2488,2020-01-10,0.38600000739097595,0.47087720036506653,0.006067308131605387,0.0035886720288544893,nan,nan
0,2488,2020-01-11,0.375,0.5016833543777466,0.004789179190993309,0.004759755916893482,nan,nan
0,2488,2020-01-12,0.37400001287460327,0.4734681248664856,0.002112962771207094,0.0039988355711102486,nan,nan
0,2488,2020-01-13,0.382999986410141,0.46227020025253296,0.0009739900124259293,0.0036437353119254112,nan,nan
0,2488,2020-01-14,0.382999986410141,0.45896080136299133,0.0007897738250903785,0.0033509288914501667,nan,nan
0,2488,2020-01-15,0.38199999928474426,0.4480157792568207,0.0006473929970525205,0.003014890942722559,nan,nan
0,2488,2020-01-16,0.38100001215934753,0.4612303078174591,0.0005352020380087197,0.0034433421678841114,nan,nan
0,2488,2020-01-17,0.3799999952316284,0.4641304016113281,0.00044741458259522915,0.0035574573557823896,nan,nan
0,2488,2020-01-18,0.3709999918937683,0.6457685828208923,0.0008998068515211344,0.1117132231593132,nan,nan
0,2488,2020-01-19,0.367000013589859,0.5762794017791748,0.0010867329547181726,0.008449522778391838,nan,nan
0,2488,2020-01-20,0.4749999940395355,0.5459063649177551,0.0009110863320529461,0.0071156020276248455,nan,nan
0,2488,2020-01-21,0.3779999911785126,0.47872018814086914,0.0005324274534359574,0.0022242581471800804,nan,nan
0,2488,2020-01-22,0.375,0.4678554832935333,0.000228210337809287,0.0037434203550219536,nan,nan
0,2488,2020-01-23,0.3720000088214874,0.47109517455101013,0.000130249114590697,0.003917563706636429,nan,nan
0,2488,2020-01-24,0.36899998784065247,0.46586453914642334,5.138489723321982e-05,0.0038058783393353224,nan,nan
0,2488,2020-01-25,0.36000001430511475,0.4856294095516205,4.32094166171737e-05,0.0045693316496908665,nan,nan
0,2488,2020-01-26,0.35899999737739563,0.4771841764450073,3.3874952350743115e-05,0.00447205500677228,nan,nan
0,2488,2020-01-27,0.367000013589859,0.47091054916381836,2.0829043933190405e-05,0.004269421566277742,nan,nan
0,2488,2020-01-28,0.37599998712539673,0.5256165266036987,2.41911275224993e-05,0.0033453854266554117,nan,nan
0,2488,2020-01-29,0.37599998712539673,0.89425128698349,0.00032534461934119463,0.3604806363582611,nan,nan
0,2488,2020-01-30,0.36399999260902405,0.8899894952774048,0.0006752103217877448,0.010903812944889069,nan,nan
0,2488,2020-01-31,0.3869999945163727,0.8959963321685791,0.000827274692710489,0.014935643412172794,nan,nan
0,2488,2020-02-01,0.38600000739097595,0.7923784255981445,0.000827623123768717,0.0218867976218462,nan,nan
0,2488,2020-02-02,1.9800000190734863,0.7720268964767456,0.0007432689308188856,0.004316508769989014,nan,nan
0,2488,2020-02-03,11.317000389099121,1.5982919931411743,0.02385818213224411,1.0486317873001099,nan,nan
0,2488,2020-02-04,5.432000160217285,2.412412643432617,0.09156904369592667,2.787907361984253,nan,nan
0,2488,2020-02-05,1.1150000095367432,2.5938150882720947,0.20748808979988098,0.899917483329773,nan,nan
0,2488,2020-02-06,0.4569999873638153,1.4717100858688354,0.2582574188709259,0.04108372703194618,nan,nan
0,2488,2020-02-07,0.43799999356269836,1.2201694250106812,0.21355359256267548,0.0635705441236496,nan,nan
0,2488,2020-02-08,0.414000004529953,1.024925947189331,0.17527030408382416,0.04093067720532417,nan,nan
0,2488,2020-02-09,0.4050000011920929,0.933944582939148,0.1425587385892868,0.033032890409231186,nan,nan
0,2488,2020-02-10,0.5049999952316284,0.8307296633720398,0.11404495686292648,0.013840539380908012,nan,nan
0,2488,2020-02-11,0.43799999356269836,0.79680997133255,0.09089447557926178,0.0001266096660401672,nan,nan
0,2488,2020-02-12,0.42500001192092896,0.6655969619750977,0.07271402329206467,0.0017622160958126187,nan,nan
0,2488,2020-02-13,0.4259999990463257,0.6246582269668579,0.0577484630048275,0.009146567434072495,nan,nan
0,2488,2020-02-14,0.5429999828338623,1.1600022315979004,0.2473168820142746,0.4595869779586792,nan,nan
0,2488,2020-02-15,0.41499999165534973,0.7666007876396179,0.39676231145858765,0.012144586071372032,nan,nan
0,2488,2020-02-16,0.4050000011920929,0.7777950167655945,0.30266404151916504,0.019340815022587776,nan,nan
0,2488,2020-02-17,1.784999966621399,0.6174778938293457,0.23903760313987732,0.00944473221898079,nan,nan
0,2488,2020-02-18,2.7260000705718994,0.820931077003479,0.21995705366134644,0.09933871775865555,nan,nan
0,2488,2020-02-19,2.3329999446868896,0.6978617906570435,0.18738381564617157,0.08248458057641983,nan,nan
0,2488,2020-02-20,2.11299991607666,0.8344133496284485,0.16005171835422516,0.10172132402658463,nan,nan
0,2488,2020-02-21,1.9780000448226929,0.7440022826194763,0.13079844415187836,0.033636268228292465,nan,nan
0,2488,2020-02-22,1.8410000801086426,0.7710937261581421,0.10398262739181519,0.01858825609087944,nan,nan
0,2488,2020-02-23,1.8929998874664307,0.7942597270011902,0.08204948902130127,0.0112471804022789,nan,nan
0,2488,2020-02-24,1.5080000162124634,0.8401561975479126,0.06924614310264587,0.010539473034441471,nan,nan
0,2488,2020-02-25,0.4129999876022339,0.9348514676094055,0.05514049902558327,9.017919364850968e-05,nan,nan
0,2488,2020-02-26,0.4129999876022339,0.9648363590240479,0.048989515751600266,0.00020537654927466065,nan,nan
0,2488,2020-02-27,0.41600000858306885,1.0595489740371704,0.05616360530257225,0.13629241287708282,nan,nan
0,2488,2020-02-28,0.41600000858306885,1.1413346529006958,0.07296968996524811,0.17773418128490448,nan,nan
0,2488,2020-02-29,0.4129999876022339,0.8662756085395813,0.08488055318593979,0.023640593513846397,nan,nan
0,2488,2020-03-01,0.47600001096725464,0.9640007019042969,0.09671462327241898,0.03827771916985512,nan,nan
0,2488,2020-03-02,0.4610000252723694,1.01492440700531,0.09090308099985123,0.0003240421647205949,nan,nan
0,2488,2020-03-03,0.47600001096725464,1.236912727355957,0.09754102677106857,0.19632036983966827,nan,nan
0,2488,2020-03-04,0.4580000042915344,0.933209240436554,0.06730364263057709,0.028904620558023453,nan,nan
0,2488,2020-03-05,0.609000027179718,0.7615851163864136,0.04607992619276047,0.009959680028259754,nan,nan
0,2488,2020-03-06,1.0329999923706055,1.3475589752197266,0.1941877007484436,0.45327746868133545,nan,nan
0,2488,2020-03-07,0.453000009059906,0.7293145060539246,0.328098863363266,8.009854354895651e-05,nan,nan
0,2488,2020-03-08,0.42899999022483826,0.658595860004425,0.27525413036346436,0.009061289951205254,nan,nan
0,2488,2020-03-09,0.4350000023841858,0.8137407302856445,0.24947530031204224,0.0010427578818053007,nan,nan
0,2488,2020-03-10,0.4560000002384186,0.8425127267837524,0.21832241117954254,4.365501081338152e-05,nan,nan
0,2488,2020-03-11,0.6819999814033508,1.5646741390228271,0.41353973746299744,0.16982655227184296,nan,nan
0,2488,2020-03-12,1.027999997138977,0.8884173631668091,0.5010005831718445,0.014993211254477501,nan,nan
0,2488,2020-03-13,3.489000082015991,1.1383953094482422,0.4547237753868103,0.008120422251522541,nan,nan
0,2488,2020-03-14,0.8600000143051147,0.9181457161903381,0.263185054063797,0.13017357885837555,nan,nan
0,2488,2020-03-15,0.4650000035762787,0.8070197105407715,0.15651389956474304,0.004779473412781954,nan,nan
0,2488,2020-03-16,0.4359999895095825,0.7608526349067688,0.1258758008480072,0.0158024150878191,nan,nan
0,2488,2020-03-17,0.6940000057220459,0.7581693530082703,0.10078292340040207,0.016913890838623047,nan,nan
0,2488,2020-03-18,2.5759999752044678,0.7570126056671143,0.07547100633382797,0.007153521291911602,nan,nan
0,2488,2020-03-19,3.569000005722046,0.7649874687194824,0.057794224470853806,0.05889073759317398,nan,nan
0,2488,2020-03-20,1.9059998989105225,0.7770138382911682,0.045060835778713226,0.1707461029291153,nan,nan
0,2488,2020-03-21,0.9490000009536743,0.930418848991394,0.041652973741292953,0.10298223793506622,nan,nan
0,2488,2020-03-22,0.8610000014305115,0.8438627123832703,0.03661132976412773,0.004042895510792732,nan,nan
0,2488,2020-03-23,0.8550000190734863,0.7614123821258545,0.029064780101180077,0.003197290003299713,nan,nan
0,2488,2020-03-24,0.8080000281333923,0.6852232217788696,0.023135822266340256,0.0013583978870883584,nan,nan
0,2488,2020-03-25,0.75,0.6197928786277771,0.01841343753039837,0.0007438398315571249,nan,nan
0,2488,2020-03-26,0.7070000171661377,0.6028414368629456,0.014627623371779919,0.0010765999322757125,nan,nan
0,2488,2020-03-27,0.5289999842643738,0.5595454573631287,0.010978281497955322,0.0008152896189130843,nan,nan
0,2488,2020-03-28,0.3869999945163727,0.5250260233879089,0.008437816053628922,0.0025315170641988516,nan,nan
0,2488,2020-03-29,0.38999998569488525,0.5334807634353638,0.004678837023675442,0.006001765374094248,nan,nan
0,2488,2020-03-30,0.39100000262260437,0.5888708233833313,0.003699659137055278,0.0010463491780683398,nan,nan
0,2488,2020-03-31,0.3889999985694885,0.5956758260726929,0.002910897834226489,0.008779714815318584,nan,nan
0,2488,2020-04-01,0.414000004529953,0.5817295908927917,0.0016887100646272302,0.008145803585648537,nan,nan
0,2488,2020-04-02,0.4169999957084656,0.5649178624153137,0.0009429488563910127,0.006610022857785225,nan,nan
0,2488,2020-04-03,0.4129999876022339,0.5905683636665344,0.0008178934804163873,0.007701622787863016,nan,nan
0,2488,2020-04-04,0.39500001072883606,0.5643086433410645,0.00023054804478306323,0.006611521355807781,nan,nan
0,2488,2020-04-05,0.4020000100135803,0.5447933673858643,8.566628821427003e-05,0.006264721043407917,nan,nan
0,2488,2020-04-06,0.40799999237060547,0.5490208268165588,8.408514986513183e-05,0.006252920720726252,nan,nan
0,2488,2020-04-07,0.41100001335144043,0.5634280443191528,7.996506610652432e-05,0.00671527162194252,nan,nan
0,2488,2020-04-08,0.414000004529953,0.6274164915084839,8.102216088445857e-05,0.009769151918590069,nan,nan
0,2488,2020-04-09,0.414000004529953,0.6188962459564209,3.823840961558744e-05,0.00921498704701662,nan,nan
0,2488,2020-04-10,0.41200000047683716,0.6509465575218201,1.37584465846885e-05,0.010966002941131592,nan,nan
0,2488,2020-04-11,0.40299999713897705,0.6376602053642273,1.3732544175582007e-05,0.010292565450072289,nan,nan
0,2488,2020-04-12,0.40299999713897705,0.6179380416870117,1.4182137419993524e-05,0.00953734666109085,nan,nan
0,2488,2020-04-13,0.4180000126361847,0.5885355472564697,1.60368927026866e-05,0.008038217201828957,nan,nan
0,2488,2020-04-14,0.42100000381469727,0.5870727300643921,1.6339452486135997e-05,0.007505164947360754,nan,nan
0,2488,2020-04-15,0.41600000858306885,0.526332437992096,2.0519799363682978e-05,0.004840540233999491,nan,nan
0,2488,2020-04-16,0.4189999997615814,0.5039123296737671,2.452909029670991e-05,0.004140475764870644,nan,nan
0,2488,2020-04-17,0.4180000126361847,0.494425892829895,2.9188777261879295e-05,0.0037502453196793795,nan,nan
0,2488,2020-04-18,0.40299999713897705,0.5184913277626038,3.2989562896545976e-05,0.004619212821125984,nan,nan
0,2488,2020-04-19,0.4129999876022339,0.535032331943512,2.9751656256848946e-05,0.005638923030346632,nan,nan
0,2488,2020-04-20,0.44999998807907104,0.5454209446907043,2.6179606720688753e-05,0.005801885388791561,nan,nan
0,2488,2020-04-21,0.45399999618530273,0.539689302444458,2.5055865989997983e-05,0.004642179235816002,nan,nan
0,2488,2020-04-22,0.42100000381469727,0.5238507986068726,2.3114507712307386e-05,0.003984413575381041,nan,nan
0,2488,2020-04-23,0.4129999876022339,0.48616284132003784,2.8337686671875417e-05,0.0034386494662612677,nan,nan
0,2488,2020-04-24,0.41200000047683716,0.46849560737609863,3.5273435059934855e-05,0.003050504717975855,nan,nan
0,2488,2020-04-25,0.4099999964237213,0.4687187969684601,3.958834713557735e-05,0.003076606197282672,nan,nan
0,2488,2020-04-26,0.414000004529953,0.49066659808158875,3.6981589801143855e-05,0.003818169003352523,nan,nan
0,2488,2020-04-27,0.4090000092983246,0.6143832206726074,4.171699038124643e-05,0.016737468540668488,nan,nan
0,2488,2020-04-28,0.6930000185966492,0.6717963218688965,3.410131830605678e-05,0.0051162210293114185,nan,nan
0,2488,2020-04-29,1.0529999732971191,1.1111880540847778,0.000312668300466612,0.3380991816520691,nan,nan
0,2488,2020-04-30,0.453000009059906,0.86050945520401,0.0010055494494736195,0.002491097431629896,nan,nan
0,2488,2020-05-01,0.4259999990463257,0.9116983413696289,0.001468754606321454,0.02047269605100155,nan,nan
0,2488,2020-05-02,0.49900001287460327,1.0086181163787842,0.001647320226766169,0.050196386873722076,nan,nan
0,2488,2020-05-03,0.9969999194145203,1.0398168563842773,0.0018031825311481953,0.036514781415462494,nan,nan
0,2488,2020-05-04,0.421999990940094,0.8228240013122559,0.0020746132358908653,0.002445822348818183,nan,nan
0,2488,2020-05-05,0.6850000023841858,0.814817488193512,0.001944663468748331,0.0004942394443787634,nan,nan
0,2488,2020-05-06,0.6919999718666077,0.8808701038360596,0.0016948733245953918,0.0020706183277070522,nan,nan
0,2488,2020-05-07,0.4230000078678131,0.7528659105300903,0.0015960505697876215,0.007022416684776545,nan,nan
0,2488,2020-05-08,0.4169999957084656,0.6593176126480103,0.00172226142603904,0.011113776825368404,nan,nan
0,2488,2020-05-09,0.4180000126361847,0.6146279573440552,0.001910855993628502,0.008893962949514389,nan,nan
0,2488,2020-05-10,0.5040000081062317,0.7467102408409119,0.0018355069914832711,0.01069864071905613,nan,nan
0,2488,2020-05-11,1.0670000314712524,0.6983797550201416,0.0017363399965688586,0.010378777980804443,nan,nan
0,2488,2020-05-12,1.0130000114440918,0.8547356128692627,0.00203580386005342,0.0722508579492569,nan,nan
0,2488,2020-05-13,0.578000009059906,0.7349185347557068,0.002020458457991481,0.0005165231414139271,nan,nan
0,2488,2020-05-14,3.7119998931884766,0.7488270998001099,0.0018523555481806397,0.0031228973530232906,nan,nan
0,2488,2020-05-15,0.42399999499320984,0.7434962391853333,0.0017310607945546508,0.20013836026191711,nan,nan
0,2488,2020-05-16,0.40799999237060547,0.6581109166145325,0.0015663503436371684,0.011007871478796005,nan,nan
0,2488,2020-05-17,0.4050000011920929,0.6414066553115845,0.0012957514263689518,0.005097431596368551,nan,nan
0,2488,2020-05-18,0.47300001978874207,0.542041003704071,0.0014259876916185021,0.0058752866461873055,nan,nan
0,2488,2020-05-19,0.45100000500679016,0.5051094889640808,0.0015965582570061088,0.002991562010720372,nan,nan
0,2488,2020-05-20,0.38999998569488525,0.5117791295051575,0.002012654673308134,0.0036435076035559177,nan,nan
0,2488,2020-05-21,0.3869999945163727,0.5067578554153442,0.0025880811735987663,0.004854200407862663,nan,nan
0,2488,2020-05-22,0.382999986410141,0.5130304098129272,0.0035025745164602995,0.005170266143977642,nan,nan
0,2488,2020-05-23,0.414000004529953,0.5291925072669983,0.005806301720440388,0.0059296125546097755,nan,nan
0,2488,2020-05-24,0.3889999985694885,0.8650465607643127,0.009836704470217228,0.10735546797513962,nan,nan
0,2488,2020-05-25,0.3790000081062317,0.7586590051651001,0.015973130241036415,0.01915830560028553,nan,nan
0,2488,2020-05-26,0.37599998712539673,0.6082627177238464,0.015939394012093544,0.009845937602221966,nan,nan
0,2488,2020-05-27,0.3720000088214874,0.5626550316810608,0.018140137195587158,0.007627855986356735,nan,nan
0,2488,2020-05-28,0.3700000047683716,0.49646472930908203,0.014449148438870907,0.004902946297079325,nan,nan
0,2488,2020-05-29,0.36899998784065247,0.49000173807144165,0.009171593934297562,0.004707596730440855,nan,nan
0,2488,2020-05-30,0.36899998784065247,0.438433438539505,0.009046009741723537,0.002997594652697444,nan,nan
0,2488,2020-05-31,0.367000013589859,0.4408993124961853,0.007555210031569004,0.0030715418979525566,nan,nan
0,2488,2020-06-01,0.36500000953674316,0.41269659996032715,0.006985479965806007,0.0023131209891289473,nan,nan
0,2488,2020-06-02,0.3630000054836273,0.40904921293258667,0.006069442257285118,0.0022517102770507336,nan,nan
0,2488,2020-06-03,0.367000013589859,0.4043482840061188,0.006863059476017952,0.002164361299946904,nan,nan
0,2488,2020-06-04,0.375,0.5032788515090942,0.005941330920904875,3.0171782782417722e-05,nan,nan
0,2488,2020-06-05,0.37599998712539673,0.7188880443572998,0.00814108271151781,0.12251167744398117,nan,nan
0,2488,2020-06-06,0.3700000047683716,0.5719252824783325,0.009320375509560108,0.008074985817074776,nan,nan
0,2488,2020-06-07,0.3869999945163727,0.6153560876846313,0.007643439806997776,0.0044085560366511345,nan,nan
0,2488,2020-06-08,0.4050000011920929,0.717352032661438,0.006248281337320805,0.012087911367416382,nan,nan
0,2488,2020-06-09,0.4480000138282776,0.8939686417579651,0.005865633022040129,0.040955800563097,nan,nan
0,2488,2020-06-10,1.4910000562667847,1.0393859148025513,0.005711269099265337,0.06716181337833405,nan,nan
0,2488,2020-06-11,0.5640000104904175,0.9528056383132935,0.004637912847101688,0.03190578892827034,nan,nan
0,2488,2020-06-12,0.4560000002384186,0.796941339969635,0.0037380473222583532,0.01397170964628458,nan,nan
0,2488,2020-06-13,0.4390000104904175,0.6982457637786865,0.0036544029135257006,0.012153228744864464,nan,nan
0,2488,2020-06-14,0.4269999861717224,0.8316670060157776,0.0032467120327055454,0.006248495541512966,nan,nan
0,2488,2020-06-15,0.4269999861717224,0.7885154485702515,0.0026764862705022097,0.016018308699131012,nan,nan
0,2488,2020-06-16,0.41999998688697815,0.7446413040161133,0.002036742866039276,0.013852394185960293,nan,nan
0,2488,2020-06-17,1.0870000123977661,0.9137819409370422,0.002237875247374177,0.07382174581289291,nan,nan
0,2488,2020-06-18,0.965999960899353,0.9423180222511292,0.0020561227574944496,0.012343773618340492,nan,nan
0,2488,2020-06-19,0.7099999785423279,0.9241705536842346,0.0015881978906691074,0.0006112889386713505,nan,nan
0,2488,2020-06-20,0.48000001907348633,0.8906135559082031,0.0012062944006174803,0.002379796002060175,nan,nan
0,2488,2020-06-21,0.45100000500679016,0.7931068539619446,0.001049884594976902,0.01738746464252472,nan,nan
0,2488,2020-06-22,0.43799999356269836,0.6698600649833679,0.0006932217511348426,0.010689577087759972,nan,nan
0,2488,2020-06-23,0.42100000381469727,0.5789808630943298,0.0006839132402092218,0.006549503654241562,nan,nan
0,2488,2020-06-24,0.41200000047683716,0.5761576890945435,0.00105778977740556,0.006911629345268011,nan,nan
0,2488,2020-06-25,0.40299999713897705,0.6302340626716614,0.0012889894424006343,0.009886507876217365,nan,nan
0,2488,2020-06-26,0.4320000112056732,0.648894190788269,0.001320215524174273,0.011254127137362957,nan,nan
0,2488,2020-06-27,0.4020000100135803,0.7185092568397522,0.0011639755684882402,0.0036198145244270563,nan,nan
0,2488,2020-06-28,0.3959999978542328,0.6925032138824463,0.001276885624974966,0.013954862020909786,nan,nan
0,2488,2020-06-29,1.496999979019165,1.3770116567611694,0.009393272921442986,0.3433168828487396,nan,nan
0,2488,2020-06-30,0.5619999766349792,1.2287088632583618,0.02035464718937874,0.0003163664950989187,nan,nan
0,2488,2020-07-01,0.5090000033378601,0.8907693028450012,0.023938549682497978,0.020762398838996887,nan,nan
0,2488,2020-07-02,0.7110000252723694,1.0665878057479858,0.02429169975221157,0.01264121849089861,nan,nan
0,2488,2020-07-03,0.8069999814033508,1.1635392904281616,0.019053546711802483,0.011754369363188744,nan,nan
0,2488,2020-07-04,0.4519999921321869,0.9780405759811401,0.015581313520669937,0.015615485608577728,nan,nan
0,2488,2020-07-05,0.42500001192092896,0.7563680410385132,0.014661774970591068,0.016068726778030396,nan,nan
0,2488,2020-07-06,0.421999990940094,0.656491756439209,0.01798168011009693,0.010879038833081722,nan,nan
0,2488,2020-07-07,0.41200000047683716,0.6353583931922913,0.020990682765841484,0.009815924800932407,nan,nan
0,2488,2020-07-08,0.40700000524520874,0.5790587663650513,0.024436263367533684,0.007310459390282631,nan,nan
0,2488,2020-07-09,0.4000000059604645,0.49889621138572693,0.02847885899245739,0.004167543724179268,nan,nan
0,2488,2020-07-10,0.4009999930858612,0.49873754382133484,0.04426933825016022,0.004321563057601452,nan,nan
0,2488,2020-07-11,0.8240000009536743,1.220921277999878,0.1263464242219925,0.3607131242752075,nan,nan
0,2488,2020-07-12,0.4169999957084656,0.9900710582733154,0.24843575060367584,0.01569029875099659,nan,nan
0,2488,2020-07-13,0.41499999165534973,0.6656345129013062,0.23335161805152893,0.01170541625469923,nan,nan
0,2488,2020-07-14,0.40700000524520874,0.6014847755432129,0.20863808691501617,0.008295632898807526,nan,nan
0,2488,2020-07-15,0.5809999704360962,0.5139627456665039,0.18749520182609558,0.004713860806077719,nan,nan
0,2488,2020-07-16,0.4009999930858612,0.5683286190032959,0.13328592479228973,0.002808887278661132,nan,nan
0,2488,2020-07-17,0.39500001072883606,0.5105647444725037,0.10100385546684265,0.004731084685772657,nan,nan
0,2488,2020-07-18,0.38199999928474426,0.48315224051475525,0.08385678380727768,0.0038902091328054667,nan,nan
0,2488,2020-07-19,0.3779999911785126,0.4372381567955017,0.08438113331794739,0.0027195638976991177,nan,nan
0,2488,2020-07-20,0.382999986410141,0.41551244258880615,0.09097437560558319,0.002202983247116208,nan,nan
0,2488,2020-07-21,0.3840000033378601,0.4282790422439575,0.1152729019522667,0.002453792141750455,nan,nan
0,2488,2020-07-22,0.8429999947547913,0.6578589081764221,0.10282623767852783,0.017003418877720833,nan,nan
0,2488,2020-07-23,2.993000030517578,1.2943809032440186,0.1368613839149475,0.33016151189804077,nan,nan
0,2488,2020-07-24,0.3880000114440918,1.2283979654312134,0.2588803470134735,0.03592051565647125,nan,nan
0,2488,2020-07-25,0.3720000088214874,0.8403140902519226,0.23227809369564056,0.0003488437505438924,nan,nan
0,2488,2020-07-26,0.36399999260902405,0.8209534883499146,0.24480244517326355,0.02507328987121582,nan,nan
0,2488,2020-07-27,0.35899999737739563,0.6860962510108948,0.2367931306362152,0.015138406306505203,nan,nan
0,2488,2020-07-28,0.3540000021457672,0.6537379026412964,0.16670852899551392,0.013249306008219719,nan,nan
0,2488,2020-07-29,0.35499998927116394,0.6673465967178345,0.11932863295078278,3.489036680548452e-05,nan,nan
0,2488,2020-07-30,0.37599998712539673,0.6474823951721191,0.11562598496675491,0.013019507750868797,nan,nan
0,2488,2020-07-31,0.4129999876022339,0.6812193393707275,0.09375748038291931,0.014306620694696903,nan,nan
0,2488,2020-08-01,0.34599998593330383,0.6299359798431396,0.13369207084178925,0.009835628792643547,nan,nan
0,2488,2020-08-02,0.37700000405311584,0.7314245700836182,0.11385301500558853,0.001959808636456728,nan,nan
0,2488,2020-08-03,1.8820000886917114,1.0742210149765015,0.09743829816579819,0.03986483812332153,nan,nan
0,2488,2020-08-04,4.02400016784668,1.7512474060058594,0.23441734910011292,0.5973368883132935,nan,nan
0,2488,2020-08-05,1.7130000591278076,1.3453636169433594,0.3171389698982239,0.1599985510110855,nan,nan
0,2488,2020-08-06,0.48100000619888306,0.680897057056427,0.2892191708087921,0.013111301697790623,nan,nan
0,2488,2020-08-07,0.44999998807907104,0.819209098815918,0.27821534872055054,0.01926305517554283,nan,nan
0,2488,2020-08-08,0.4309999942779541,0.8025670647621155,0.2844238579273224,0.019512662664055824,nan,nan
0,2488,2020-08-09,0.4129999876022339,0.6467214226722717,0.1617177277803421,0.010118944570422173,nan,nan
0,2488,2020-08-10,0.9629999995231628,0.5565633177757263,0.12707945704460144,0.00627311784774065,nan,nan
0,2488,2020-08-11,0.40400001406669617,0.6908743381500244,0.10249395668506622,0.00782858207821846,nan,nan
0,2488,2020-08-12,0.4000000059604645,0.6850645542144775,0.09920834749937057,0.013399414718151093,nan,nan
0,2488,2020-08-13,0.4269999861717224,0.8673760890960693,0.08194839209318161,0.0018219095654785633,nan,nan
0,2488,2020-08-14,0.6169999837875366,1.1385070085525513,0.06991955637931824,0.06388700008392334,nan,nan
0,2488,2020-08-15,0.43299999833106995,0.9957077503204346,0.06182112172245979,0.009293225593864918,nan,nan
0,2488,2020-08-16,0.6290000081062317,0.6900300979614258,0.05575045198202133,0.012551016174256802,nan,nan
0,2488,2020-08-17,2.249000072479248,0.9022660255432129,0.06930294632911682,0.15666823089122772,nan,nan
0,2488,2020-08-18,0.5889999866485596,0.8577930927276611,0.06594854593276978,0.05864991992712021,nan,nan
0,2488,2020-08-19,0.4309999942779541,0.8444018363952637,0.04960988089442253,0.012786520645022392,nan,nan
0,2488,2020-08-20,0.4189999997615814,0.6962530612945557,0.043222520500421524,0.013013164512813091,nan,nan
0,2488,2020-08-21,0.4059999883174896,0.5866865515708923,0.033481016755104065,0.007456701248884201,nan,nan
0,2488,2020-08-22,0.3959999978542328,0.5991334915161133,0.02219538576900959,0.008466891944408417,nan,nan
0,2488,2020-08-23,0.3919999897480011,0.6028414368629456,0.01641942746937275,0.008982373401522636,nan,nan
0,2488,2020-08-24,0.39899998903274536,0.5769864320755005,0.014050086960196495,0.007821266539394855,nan,nan
0,2488,2020-08-25,0.39800000190734863,0.5222477912902832,0.011824124492704868,0.005229173693805933,nan,nan
0,2488,2020-08-26,0.3919999897480011,0.45224544405937195,0.011557468213140965,0.0028551635332405567,nan,nan
0,2488,2020-08-27,0.8880000114440918,0.3963126242160797,0.015050409361720085,0.0015412922948598862,nan,nan
0,2488,2020-08-28,0.3970000147819519,0.42849576473236084,0.014047483913600445,0.0015054346295073628,nan,nan
0,2488,2020-08-29,0.40299999713897705,0.7030455470085144,0.02642575278878212,0.20012858510017395,nan,nan
0,2488,2020-08-30,6.000999927520752,1.1450998783111572,0.06212056428194046,0.3621211647987366,nan,nan
0,2488,2020-08-31,2.8369998931884766,2.273681640625,0.14897693693637848,1.7583587169647217,nan,nan
0,2488,2020-09-01,0.8199999928474426,1.773142695426941,0.22612392902374268,0.00019443024939391762,nan,nan
0,2488,2020-09-02,0.4390000104904175,1.0524587631225586,0.14570078253746033,0.020432626828551292,nan,nan
0,2488,2020-09-03,0.9300000071525574,0.793816328048706,0.07877618074417114,0.019385341554880142,nan,nan
0,2488,2020-09-04,1.1299999952316284,0.6939986944198608,0.06204374507069588,0.0006821068818680942,nan,nan
0,2488,2020-09-05,0.41200000047683716,0.6240118741989136,0.05331019312143326,0.0007806841749697924,nan,nan
0,2488,2020-09-06,0.40400001406669617,0.5516831874847412,0.04769403114914894,0.00609175767749548,nan,nan
0,2488,2020-09-07,0.40400001406669617,0.6105236411094666,0.03507145494222641,0.005266959313303232,nan,nan
0,2488,2020-09-08,0.3959999978542328,0.6045239567756653,0.025969957932829857,0.008804639801383018,nan,nan
0,2488,2020-09-09,0.3930000066757202,0.5702589154243469,0.019276762381196022,0.007379937916994095,nan,nan
0,2488,2020-09-10,0.39100000262260437,0.5810618996620178,0.015380729921162128,0.007987390272319317,nan,nan
0,2488,2020-09-11,0.3840000033378601,0.6209167838096619,0.011671489104628563,0.010114448145031929,nan,nan
0,2488,2020-09-12,0.37299999594688416,0.5852564573287964,0.00813817698508501,0.00780234020203352,nan,nan
0,2488,2020-09-13,0.36899998784065247,0.5229963660240173,0.00609162962064147,0.005939445924013853,nan,nan
0,2488,2020-09-14,0.37599998712539673,0.5233271718025208,0.004966289270669222,0.006061868276447058,nan,nan
0,2488,2020-09-15,0.45899999141693115,0.510334849357605,0.002928157104179263,0.005343065597116947,nan,nan
0,2488,2020-09-16,0.3630000054836273,0.5040031671524048,0.002289700089022517,0.0032313063275069,nan,nan
0,2488,2020-09-17,0.3619999885559082,0.5200884342193604,0.0018777776276692748,0.006088159512728453,nan,nan
0,2488,2020-09-18,0.36000001430511475,0.526445209980011,0.0016184572596102953,0.006389122921973467,nan,nan
0,2488,2020-09-19,0.3610000014305115,0.5571334958076477,0.001341116614639759,0.007856214419007301,nan,nan
0,2488,2020-09-20,0.3840000033378601,0.5919121503829956,0.0009946911595761776,0.009589665569365025,nan,nan
0,2488,2020-09-21,0.3889999985694885,0.6954936385154724,0.0009427193435840309,0.029731985181570053,nan,nan
0,2488,2020-09-22,0.37700000405311584,0.6018069386482239,0.0008644928457215428,0.00916214007884264,nan,nan
0,2488,2020-09-23,0.37700000405311584,0.6569968461990356,0.0009185938979499042,0.029506439343094826,nan,nan
0,2488,2020-09-24,0.37400001287460327,0.598564863204956,0.0008330651908181608,0.009396793320775032,nan,nan
0,2488,2020-09-25,0.3959999978542328,0.8278666734695435,0.002018204890191555,0.1642320156097412,nan,nan
0,2488,2020-09-26,0.41499999165534973,1.1541398763656616,0.0035988925956189632,0.15774676203727722,nan,nan
0,2488,2020-09-27,0.39800000190734863,0.8476185202598572,0.0036131159868091345,0.01799878478050232,nan,nan
0,2488,2020-09-28,0.4020000100135803,0.6815649271011353,0.0026394841261208057,0.013422032818198204,nan,nan
0,2488,2020-09-29,0.421999990940094,0.6402325630187988,0.00198989431373775,0.015290209092199802,nan,nan
0,2488,2020-09-30,0.4189999997615814,0.5746164917945862,0.0009172295685857534,0.0030102645978331566,nan,nan
0,2488,2020-10-01,0.4580000042915344,0.5362569093704224,0.0007593170739710331,0.005274458322674036,nan,nan
0,2488,2020-10-02,0.3790000081062317,0.5227842330932617,0.0006327598239295185,0.0038603534922003746,nan,nan
0,2488,2020-10-03,3.4200000762939453,1.2823050022125244,0.060462772846221924,0.9808681011199951,nan,nan
0,2488,2020-10-04,1.1430000066757202,1.4419828653335571,0.15974396467208862,0.4131844639778137,nan,nan
0,2488,2020-10-05,0.4580000042915344,1.1452428102493286,0.13458387553691864,0.000234329592785798,nan,nan
0,2488,2020-10-06,0.421999990940094,0.9853723645210266,0.10594016313552856,0.024849433451890945,nan,nan
0,2488,2020-10-07,0.5659999847412109,1.1669646501541138,0.1161261722445488,0.027634194120764732,nan,nan
0,2488,2020-10-08,0.40700000524520874,0.9772336483001709,0.11017708480358124,0.024121100082993507,nan,nan
0,2488,2020-10-09,0.3930000066757202,0.723635196685791,0.0882629007101059,0.015807904303073883,nan,nan
0,2488,2020-10-10,0.4000000059604645,0.6782742738723755,0.07069025188684464,0.013417280279099941,nan,nan
0,2488,2020-10-11,0.4000000059604645,0.7946661710739136,0.0806766152381897,0.040205225348472595,nan,nan
0,2488,2020-10-12,0.4129999876022339,0.7008967995643616,0.07005134969949722,0.0021767779253423214,nan,nan
0,2488,2020-10-13,0.40799999237060547,0.5645174980163574,0.056525904685258865,0.006620769388973713,nan,nan
0,2488,2020-10-14,0.39500001072883606,0.5894640684127808,0.045155253261327744,0.003357171779498458,nan,nan
0,2488,2020-10-15,0.39100000262260437,0.5585448741912842,0.03573111072182655,0.006871263962239027,nan,nan
0,2488,2020-10-16,0.38600000739097595,0.5154183506965637,0.02982940897345543,0.0002883698616642505,nan,nan
0,2488,2020-10-17,0.37400001287460327,0.4664054214954376,0.02405494637787342,0.0035269916988909245,nan,nan
0,2488,2020-10-18,0.3700000047683716,0.46473488211631775,0.019046586006879807,0.003725178074091673,nan,nan
0,2488,2020-10-19,0.375,0.46144184470176697,0.015137230977416039,0.0037012670654803514,nan,nan
0,2488,2020-10-20,0.37400001287460327,0.443115234375,0.010952265933156013,0.0030221871566027403,nan,nan
0,2488,2020-10-21,0.37299999594688416,0.4650438725948334,0.008102922700345516,0.0037354517262429,nan,nan
0,2488,2020-10-22,0.37299999594688416,0.5269088745117188,0.006062453147023916,0.006104730069637299,nan,nan
0,2488,2020-10-23,2.0169999599456787,0.7321292161941528,0.005007867235690355,0.004803123418241739,nan,nan
0,2488,2020-10-24,3.246000051498413,1.346848487854004,0.014833230525255203,0.5554876327514648,nan,nan
0,2488,2020-10-25,0.9869999885559082,1.160473346710205,0.024719035252928734,0.06365565955638885,nan,nan
0,2488,2020-10-26,0.4779999852180481,1.1525952816009521,0.020554834976792336,0.012515471316874027,nan,nan
0,2488,2020-10-27,0.45899999141693115,1.323354959487915,0.02871554158627987,0.04791189730167389,nan,nan
0,2488,2020-10-28,0.4390000104904175,0.9867032170295715,0.029172416776418686,0.03543182462453842,nan,nan
0,2488,2020-10-29,1.3179999589920044,1.0499176979064941,0.02867141366004944,0.002303970279172063,nan,nan
0,2488,2020-10-30,0.7870000004768372,0.8890746235847473,0.024795521050691605,3.016629852936603e-05,nan,nan
0,2488,2020-10-31,0.4180000126361847,0.8862943053245544,0.0199140552431345,0.010710134170949459,nan,nan
0,2488,2020-11-01,0.4099999964237213,0.7692388296127319,0.004037253092974424,0.01855511963367462,nan,nan
0,2488,2020-11-02,0.4129999876022339,0.6662306189537048,0.002025835681706667,0.012007579207420349,nan,nan
0,2488,2020-11-03,0.4180000126361847,0.666329026222229,0.0015494278632104397,0.011898614466190338,nan,nan
0,2488,2020-11-04,0.4180000126361847,0.8408199548721313,0.001763009000569582,0.009041959419846535,nan,nan
0,2488,2020-11-05,0.4090000092983246,0.6969213485717773,0.0014041762333363295,0.007714435923844576,nan,nan
0,2488,2020-11-06,0.4050000011920929,0.6020966172218323,0.0010567110730335116,0.008518761023879051,nan,nan
0,2488,2020-11-07,0.3919999897480011,0.5778722763061523,0.0008937938837334514,0.0074655706994235516,nan,nan
0,2488,2020-11-08,0.3880000114440918,0.5639066100120544,0.0007639348623342812,0.007204215042293072,nan,nan
0,2488,2020-11-09,0.3930000066757202,0.5453178286552429,0.0005637078429572284,0.0064831506460905075,nan,nan
0,2488,2020-11-10,0.3880000114440918,0.5135008692741394,0.00046998567995615304,0.005038498435169458,nan,nan
0,2488,2020-11-11,0.382999986410141,0.48404833674430847,0.000389094406273216,0.004075638949871063,nan,nan
0,2488,2020-11-12,0.3799999952316284,0.47569218277931213,0.0003352417261339724,0.0038989309687167406,nan,nan
0,2488,2020-11-13,0.38100001215934753,0.4969174265861511,0.0002879020757973194,0.004725731909275055,nan,nan
0,2488,2020-11-14,0.36899998784065247,0.4821019172668457,0.00024555413983762264,0.004164920188486576,nan,nan
0,2488,2020-11-15,0.36800000071525574,0.48431921005249023,0.000210634054383263,0.0045212446711957455,nan,nan
0,2488,2020-11-16,0.3709999918937683,0.5827237367630005,0.0002733951259870082,0.04026691988110542,nan,nan
0,2488,2020-11-17,0.36899998784065247,0.5196408629417419,0.0002906284644268453,0.005697154905647039,nan,nan
0,2488,2020-11-18,0.37299999594688416,0.48298192024230957,0.0002525483723729849,0.004472425673156977,nan,nan
0,2488,2020-11-19,0.3919999897480011,0.49010252952575684,0.0002197441936004907,0.004639550112187862,nan,nan
0,2488,2020-11-20,0.367000013589859,0.5856915712356567,0.0002676141739357263,0.026144113391637802,nan,nan
0,2488,2020-11-21,0.3880000114440918,0.5791415572166443,0.0002763130178209394,0.008282597176730633,nan,nan
0,2488,2020-11-22,0.3790000081062317,0.49749553203582764,0.00014370026474352926,0.004556385334581137,nan,nan
0,2488,2020-11-23,0.3720000088214874,0.4732959568500519,5.3782725444762036e-05,0.0039049158804118633,nan,nan
0,2488,2020-11-24,0.37700000405311584,0.4753905236721039,4.571016688714735e-05,0.0041325269266963005,nan,nan
0,2488,2020-11-25,0.3790000081062317,0.45150837302207947,3.5651795769808814e-05,0.003238625591620803,nan,nan
0,2488,2020-11-26,0.38100001215934753,0.4319632649421692,2.030814539466519e-05,0.0026254095137119293,nan,nan
0,2488,2020-11-27,0.3659999966621399,0.41257378458976746,1.6162977772182785e-05,0.0020803576335310936,nan,nan
0,2488,2020-11-28,0.3700000047683716,0.3997900187969208,1.3683966244570911e-05,0.002003174740821123,nan,nan
0,2488,2020-11-29,0.36800000071525574,0.39088109135627747,1.2881130714959e-05,0.0017331992276012897,nan,nan
0,2488,2020-11-30,0.37400001287460327,0.3888230621814728,1.2258959031896666e-05,0.0017157492693513632,nan,nan
0,2488,2020-12-01,0.37700000405311584,0.4235738515853882,1.2749227607855573e-05,0.0005265505751594901,nan,nan
0,2488,2020-12-02,0.36899998784065247,0.5069611072540283,2.4790781026240438e-05,0.045787516981363297,nan,nan
0,2488,2020-12-03,0.36899998784065247,0.4614972472190857,2.5867380827548914e-05,0.0005025996943004429,nan,nan
0,2488,2020-12-04,0.367000013589859,0.42310449481010437,2.3398724806611426e-05,0.002289087511599064,nan,nan
0,2488,2020-12-05,0.3610000014305115,0.5680170059204102,9.298290387960151e-05,0.13806723058223724,nan,nan
0,2488,2020-12-06,0.3619999885559082,0.7322012782096863,0.00024915862013585865,0.16052894294261932,nan,nan
0,2488,2020-12-07,0.36899998784065247,0.6989057064056396,0.0003346861049067229,0.000797840126324445,nan,nan
0,2488,2020-12-08,0.36899998784065247,0.6373605728149414,0.0003166080277878791,0.0004889231058768928,nan,nan
0,2488,2020-12-09,0.36899998784065247,0.6201717853546143,0.00032526368158869445,0.0019120657816529274,nan,nan
0,2488,2020-12-10,0.36800000071525574,0.6205852627754211,0.0003249915025662631,0.0010020993649959564,nan,nan
0,2488,2020-12-11,0.3659999966621399,0.549771785736084,0.00029519398231059313,0.007033244706690311,nan,nan
0,2488,2020-12-12,0.3659999966621399,0.545030415058136,0.00028263215790502727,3.910742816515267e-05,nan,nan
0,2488,2020-12-13,0.3880000114440918,0.8202349543571472,0.001630658283829689,0.2819462716579437,nan,nan
0,2488,2020-12-14,0.3880000114440918,0.6980503797531128,0.00309136975556612,0.014164824038743973,nan,nan
0,2488,2020-12-15,0.3869999945163727,0.622759222984314,0.0023203128948807716,0.010321996174752712,nan,nan
0,2488,2020-12-16,0.40400001406669617,0.6676946878433228,0.0018992136465385556,0.0032815984450280666,nan,nan
0,2488,2020-12-17,0.38499999046325684,0.6618980765342712,0.0016191524919122458,0.011904633603990078,nan,nan
0,2488,2020-12-18,0.3790000081062317,0.6531309485435486,0.0013742330484092236,0.012185820378363132,nan,nan
0,2488,2020-12-19,0.367000013589859,0.5841169953346252,0.0010630672331899405,0.008584825322031975,nan,nan
0,2488,2020-12-20,0.3659999966621399,0.5644872188568115,0.000852926226798445,0.007994445040822029,nan,nan
0,2488,2020-12-21,0.3709999918937683,0.5598927140235901,0.0007228111498989165,0.0078032659366726875,nan,nan
0,2488,2020-12-22,0.4189999997615814,0.6805629730224609,0.001155396574176848,0.06304887682199478,nan,nan
0,2488,2020-12-23,0.41499999165534973,0.6437234878540039,0.001265629311092198,0.010379004292190075,nan,nan
0,2488,2020-12-24,1.8380000591278076,0.8294132351875305,0.001653140876442194,0.03389762341976166,nan,nan
0,2488,2020-12-25,0.8370000123977661,0.9321417212486267,0.0016671718331053853,0.09061305969953537,nan,nan
0,2488,2020-12-26,0.4059999883174896,0.8796738386154175,0.0016473988071084023,0.014712556265294552,nan,nan
0,2488,2020-12-27,0.41600000858306885,0.7311181426048279,0.0014676913851872087,0.015421397052705288,nan,nan
0,2488,2020-12-28,0.40299999713897705,0.6321405172348022,0.0012066971976310015,0.00816603284329176,nan,nan
0,2488,2020-12-29,0.3959999978542328,0.6562842726707458,0.001281494041904807,0.012151575647294521,nan,nan
0,2488,2020-12-30,0.3889999985694885,0.6104097366333008,0.0011690380051732063,0.0024346751160919666,nan,nan
0,2488,2020-12-31,0.38499999046325684,0.5434632301330566,0.0009581009508110583,0.0011596431722864509,nan,nan
0,4008,2018-10-19,0.14300000667572021,0.3535110056400299,0.0001284126192331314,0.004994031973183155,nan,nan
0,4008,2018-10-20,0.14300000667572021,0.37522831559181213,0.00011188969074282795,0.005945173092186451,nan,nan
0,4008,2018-10-21,0.14300000667572021,0.3831135928630829,9.701470116851851e-05,0.0062807658687233925,nan,nan
0,4008,2018-10-22,0.1420000046491623,0.38290339708328247,8.576585241826251e-05,0.006271700374782085,nan,nan
0,4008,2018-10-23,0.14900000393390656,0.3539367914199829,5.841011443408206e-05,0.0051100365817546844,nan,nan
0,4008,2018-10-24,0.1459999978542328,0.33269423246383667,4.4678046833723783e-05,0.004157298244535923,nan,nan
0,4008,2018-10-25,0.1459999978542328,0.3321072459220886,4.100794831174426e-05,0.004204545170068741,nan,nan
0,4008,2018-10-26,0.15399999916553497,0.336716890335083,3.6556823033606634e-05,0.004368837922811508,nan,nan
0,4008,2018-10-27,0.32600000500679016,0.3892625570297241,3.586707680369727e-05,0.001093643018975854,nan,nan
0,4008,2018-10-28,0.47099998593330383,0.6555412411689758,0.0007353141554631293,0.5161959528923035,nan,nan
0,4008,2018-10-29,0.2750000059604645,0.6011950373649597,0.0019144498510286212,4.9297860016395134e-08,nan,nan
0,4008,2018-10-30,0.3330000042915344,0.6509631872177124,0.0018524033948779106,0.07254456728696823,nan,nan
0,4008,2018-10-31,0.2590000033378601,0.5882741808891296,0.0015306957066059113,0.00036541130975820124,nan,nan
0,4008,2018-11-01,0.20999999344348907,0.5008121728897095,0.001305903191678226,0.00827805232256651,nan,nan
0,4008,2018-11-02,0.21799999475479126,0.4781384766101837,0.0011122560827061534,0.008721509948372841,nan,nan
0,4008,2018-11-03,0.2329999804496765,0.44376182556152344,0.0009496987913735211,0.006827973295003176,nan,nan
0,4008,2018-11-04,0.20399999618530273,0.4369509220123291,0.0008107522735372186,0.006107744760811329,nan,nan
0,4008,2018-11-05,0.2070000022649765,0.44149458408355713,0.0006993734859861434,0.007134328130632639,nan,nan
0,4008,2018-11-06,0.2070000022649765,0.43273553252220154,0.0005991582875140011,0.006651326548308134,nan,nan
0,4008,2018-11-07,0.2029999941587448,0.43476176261901855,0.0005169500946067274,0.006741591263562441,nan,nan
0,4008,2018-11-08,0.20200000703334808,0.4748172461986542,0.0004498136113397777,0.007607055362313986,nan,nan
0,4008,2018-11-09,0.17900000512599945,0.4607084393501282,0.0003888280189130455,0.00810809526592493,nan,nan
0,4008,2018-11-10,0.17800000309944153,0.44681859016418457,0.0003366734308656305,0.008152302354574203,nan,nan
0,4008,2018-11-11,0.20100000500679016,0.44624799489974976,0.0003036772832274437,0.0016899029724299908,nan,nan
0,4008,2018-11-12,0.18299999833106995,0.4557972252368927,0.00027040025452151895,0.002100569661706686,nan,nan
0,4008,2018-11-13,0.17599999904632568,0.43275779485702515,0.0002364620304433629,0.007355233188718557,nan,nan
0,4008,2018-11-14,0.1940000057220459,0.4568396508693695,0.00021372690389398485,0.003731213044375181,nan,nan
0,4008,2018-11-15,0.17399999499320984,0.44023212790489197,0.0001898743212223053,0.007373950909823179,nan,nan
0,4008,2018-11-16,0.17399999499320984,0.4353671073913574,0.00016985410184133798,0.007752495352178812,nan,nan
0,4008,2018-11-17,0.16500000655651093,0.43065354228019714,0.00015112996334210038,0.00752820773050189,nan,nan
0,4008,2018-11-18,0.1809999942779541,0.40938636660575867,0.00013242365093901753,0.006814792286604643,nan,nan
0,4008,2018-11-19,0.164000004529953,0.39571478962898254,0.00011808066483354196,0.005780529230833054,nan,nan
0,4008,2018-11-20,0.17800000309944153,0.3754352927207947,0.0001052262814482674,0.005400113295763731,nan,nan
0,4008,2018-11-21,0.1770000010728836,0.35883989930152893,9.412731742486358e-05,0.00442460784688592,nan,nan
0,4008,2018-11-22,0.17900000512599945,0.3592986464500427,8.59372885315679e-05,0.004150696564465761,nan,nan
0,4008,2018-11-23,0.17599999904632568,0.3796236217021942,7.79341789893806e-05,0.005183990113437176,nan,nan
0,4008,2018-11-24,0.1770000010728836,0.39856794476509094,7.264510350069031e-05,0.002234680810943246,nan,nan
0,4008,2018-11-25,0.17499999701976776,0.4430028796195984,6.948551890673116e-05,0.008028440177440643,nan,nan
0,4008,2018-11-26,0.17800000309944153,0.43391746282577515,2.314757693966385e-05,0.007298039738088846,nan,nan
0,4008,2018-11-27,0.19900000095367432,0.49127212166786194,9.627847248339094e-06,0.005900525022298098,nan,nan
0,4008,2018-11-28,0.18000000715255737,0.48405852913856506,8.282157068606466e-06,0.0025805956684052944,nan,nan
0,4008,2018-11-29,0.17900000512599945,0.46297621726989746,7.038012881821487e-06,0.008932726457715034,nan,nan
0,4008,2018-11-30,0.18000000715255737,0.46259191632270813,6.564758223248646e-06,0.00894604530185461,nan,nan
0,4008,2018-12-01,0.18700000643730164,0.4960278272628784,7.486528829758754e-06,0.00011914393689949065,nan,nan
0,4008,2018-12-02,0.2329999804496765,0.5041911602020264,7.615521099069156e-06,0.010150143876671791,nan,nan
0,4008,2018-12-03,0.4480000138282776,0.7936519980430603,0.00020112551283091307,0.30907243490219116,nan,nan
0,4008,2018-12-04,0.49799999594688416,0.9336786270141602,0.00040504796197637916,0.07006347179412842,nan,nan
0,4008,2018-12-05,0.4099999964237213,0.9053509831428528,0.0004293185193091631,0.0004326502385083586,nan,nan
0,4008,2018-12-06,0.3230000138282776,0.8385061025619507,0.0003969939425587654,0.005244562868028879,nan,nan
0,4008,2018-12-07,0.2809999883174896,0.7487123608589172,0.00034991445136256516,0.016503630205988884,nan,nan
0,4008,2018-12-08,0.2639999985694885,0.7872734665870667,0.00034661704557947814,4.565342533169314e-05,nan,nan
0,4008,2018-12-09,0.3569999933242798,0.8318508267402649,0.0003782142011914402,0.014675542712211609,nan,nan
0,4008,2018-12-10,0.4399999976158142,0.8655951023101807,0.00045114007662050426,0.029105762019753456,nan,nan
0,4008,2018-12-11,0.367000013589859,0.7537076473236084,0.0004471941210795194,0.0032569982577115297,nan,nan
0,4008,2018-12-12,0.289000004529953,0.6391420364379883,0.00037939363392069936,0.01204119436442852,nan,nan
0,4008,2018-12-13,0.2619999945163727,0.5556248426437378,0.0003256112104281783,0.010130904614925385,nan,nan
0,4008,2018-12-14,0.23499998450279236,0.5322104096412659,0.00027679078630171716,0.009802019223570824,nan,nan
0,4008,2018-12-15,0.23399999737739563,0.48654741048812866,0.00023637706181034446,0.008336042985320091,nan,nan
0,4008,2018-12-16,0.22599999606609344,0.5095969438552856,0.00030314590549096465,0.026887185871601105,nan,nan
0,4008,2018-12-17,0.2240000069141388,0.4588415324687958,0.0003057208959944546,0.0031689442694187164,nan,nan
0,4008,2018-12-18,0.2290000021457672,0.4426329433917999,0.00026908350992016494,0.004995954222977161,nan,nan
0,4008,2018-12-19,0.2329999804496765,0.4268668293952942,0.0002355224423808977,0.005792332347482443,nan,nan
0,4008,2018-12-20,0.2849999964237213,0.45374712347984314,0.00021727597049903125,6.235927867237478e-05,nan,nan
0,4008,2018-12-21,0.3569999933242798,0.4713514447212219,0.00018865277525037527,0.006148708518594503,nan,nan
0,4008,2018-12-22,0.5509999990463257,0.6293193101882935,0.00044605505536310375,0.12615810334682465,nan,nan
0,4008,2018-12-23,0.49399998784065247,0.7132564783096313,0.0004905171226710081,0.010163689032196999,nan,nan
0,4008,2018-12-24,0.7009999752044678,1.0153377056121826,0.0016143005341291428,0.19796574115753174,nan,nan
0,4008,2018-12-25,0.5170000195503235,0.9617170095443726,0.0022670405451208353,0.0015447551850229502,nan,nan
0,4008,2018-12-26,0.38100001215934753,0.7962354421615601,0.0017998230177909136,0.01593569852411747,nan,nan
0,4008,2018-12-27,0.35100001096725464,0.7150243520736694,0.001473683980293572,0.016367793083190918,nan,nan
0,4008,2018-12-28,0.30399999022483826,0.6060745716094971,0.0012273057363927364,0.01071891188621521,nan,nan
0,4008,2018-12-29,0.27399998903274536,0.5678864121437073,0.0010302799055352807,0.010274735279381275,nan,nan
0,4008,2018-12-30,0.25999999046325684,0.5185334086418152,0.0008684910135343671,0.005533821415156126,nan,nan
0,4008,2018-12-31,0.26600000262260437,0.5295354723930359,0.0007482072687707841,0.00032369408290833235,nan,nan
0,4008,2019-01-01,0.2639999985694885,0.4958927035331726,0.00038068919093348086,0.0036072437651455402,nan,nan
0,4008,2019-01-02,0.2639999985694885,0.49505749344825745,0.0003058686852455139,0.0013652347261086106,nan,nan
0,4008,2019-01-03,0.2549999952316284,0.47575655579566956,0.00024746658164076507,0.0034844884648919106,nan,nan
0,4008,2019-01-04,0.23399999737739563,0.469870001077652,0.00021642990759573877,0.004379503428936005,nan,nan
0,4008,2019-01-05,0.2449999898672104,0.4546671211719513,0.00018996016297023743,0.006410545669496059,nan,nan
0,4008,2019-01-06,0.2549999952316284,0.5720389485359192,0.0004044666711706668,0.08630251884460449,nan,nan
0,4008,2019-01-07,0.27300000190734863,0.5827713012695312,0.00046689901500940323,0.0008911933400668204,nan,nan
0,4008,2019-01-08,0.3230000138282776,0.5818183422088623,0.0004158391384407878,0.002828235039487481,nan,nan
0,4008,2019-01-09,0.3700000047683716,0.634361743927002,0.00043494050623849034,0.00915971677750349,nan,nan
0,4008,2019-01-10,0.3529999852180481,0.6511865258216858,0.00042638645390979946,0.0017599692801013589,nan,nan
0,4008,2019-01-11,0.3190000057220459,0.7073135375976562,0.00045826370478607714,0.006034748163074255,nan,nan
0,4008,2019-01-12,0.30300000309944153,0.6792165040969849,0.0004393873969092965,0.000959837285336107,nan,nan
0,4008,2019-01-13,0.4960000216960907,0.7471807599067688,0.0005385528202168643,0.01210325863212347,nan,nan
0,4008,2019-01-14,1.3890000581741333,0.9319924116134644,0.001218954799696803,0.16135042905807495,nan,nan
0,4008,2019-01-15,0.8349999785423279,0.8655015230178833,0.0014494694769382477,0.021493222564458847,nan,nan
0,4008,2019-01-16,0.6380000114440918,0.7314276099205017,0.0011964940931648016,0.0028019947931170464,nan,nan
0,4008,2019-01-17,0.5189999938011169,0.67758709192276,0.0009897432755678892,0.0052942195907235146,nan,nan
0,4008,2019-01-18,0.5109999775886536,0.656727135181427,0.0008677084697410464,0.0005350785795599222,nan,nan
0,4008,2019-01-19,0.44600000977516174,0.6272667646408081,0.0007216957747004926,0.00660877488553524,nan,nan
0,4008,2019-01-20,0.38199999928474426,0.5651528239250183,0.0004769321240019053,0.005740297958254814,nan,nan
0,4008,2019-01-21,0.3790000081062317,0.5561385750770569,0.00034725607838481665,0.007142550777643919,nan,nan
0,4008,2019-01-22,0.35100001096725464,0.5152601003646851,0.0002181372110499069,0.005462951958179474,nan,nan
0,4008,2019-01-23,0.35100001096725464,0.49088749289512634,0.00014077498053666204,0.005209773313254118,nan,nan
0,4008,2019-01-24,0.32499998807907104,0.4764145314693451,0.00011963997530983761,0.004656599368900061,nan,nan
0,4008,2019-01-25,0.29499998688697815,0.4756509065628052,0.00010418133751954883,0.005023133009672165,nan,nan
0,4008,2019-01-26,0.28700000047683716,0.4587618410587311,9.006662730826065e-05,0.005363582167774439,nan,nan
0,4008,2019-01-27,0.3009999990463257,0.4510784149169922,7.80429836595431e-05,0.004453813657164574,nan,nan
0,4008,2019-01-28,0.3499999940395355,0.5201795101165771,8.172574598575011e-05,0.005386445205658674,nan,nan
0,4008,2019-01-29,0.34299999475479126,0.5406390428543091,7.44547724025324e-05,0.003349920501932502,nan,nan
0,4008,2019-01-30,0.30300000309944153,0.5308169722557068,6.381075945682824e-05,0.007131415884941816,nan,nan
0,4008,2019-01-31,0.2879999876022339,0.5241464972496033,5.456200597109273e-05,0.008034180849790573,nan,nan
0,4008,2019-02-01,0.28999999165534973,0.5255982279777527,4.770020314026624e-05,0.008024441078305244,nan,nan
0,4008,2019-02-02,0.3050000071525574,0.5704934597015381,4.6488050429616123e-05,0.00032690176158212125,nan,nan
0,4008,2019-02-03,0.3240000009536743,0.6630057692527771,5.651916580973193e-05,0.007774952799081802,nan,nan
0,4008,2019-02-04,0.3310000002384186,0.7439013123512268,6.534394924528897e-05,0.02922729402780533,nan,nan
0,4008,2019-02-05,0.31700000166893005,0.65687096118927,6.640170613536611e-05,0.014607023447751999,nan,nan
0,4008,2019-02-06,0.3019999861717224,0.6027743816375732,5.760433487012051e-05,0.011790747754275799,nan,nan
0,4008,2019-02-07,0.30000001192092896,0.5592354536056519,4.980820813216269e-05,0.009872348047792912,nan,nan
0,4008,2019-02-08,0.3449999988079071,0.6118785738945007,6.07621441304218e-05,0.006850310135632753,nan,nan
0,4008,2019-02-09,0.35899999737739563,0.5959462523460388,6.026610208209604e-05,0.007473619654774666,nan,nan
0,4008,2019-02-10,0.40700000524520874,0.5667566061019897,5.016988507122733e-05,0.008359389379620552,nan,nan
0,4008,2019-02-11,0.4930000305175781,0.6732109785079956,6.168441905174404e-05,0.01926160417497158,nan,nan
0,4008,2019-02-12,0.5059999823570251,0.650133490562439,5.0674138037720695e-05,0.0033884092699736357,nan,nan
0,4008,2019-02-13,0.4930000305175781,0.626322865486145,3.511870454531163e-05,0.006709681358188391,nan,nan
0,4008,2019-02-14,0.38999998569488525,0.6028541326522827,3.0482337024295703e-05,0.006052848882973194,nan,nan
0,4008,2019-02-15,0.36000001430511475,0.5952322483062744,2.74571812042268e-05,0.008789894171059132,nan,nan
0,4008,2019-02-16,0.35499998927116394,0.5833492279052734,2.3956796212587506e-05,0.009172103367745876,nan,nan
0,4008,2019-02-17,0.36399999260902405,0.5655200481414795,2.1217783796600997e-05,0.008426003158092499,nan,nan
0,4008,2019-02-18,0.36000001430511475,0.5556121468544006,1.9346609406056814e-05,0.007659930735826492,nan,nan
0,4008,2019-02-19,0.35199999809265137,0.5556069612503052,1.7624477550270967e-05,0.007782727479934692,nan,nan
0,4008,2019-02-20,0.3490000069141388,0.5363160371780396,1.6136702470248565e-05,0.00711815757676959,nan,nan
0,4008,2019-02-21,0.35100001096725464,0.52768874168396,1.4683117115055211e-05,0.006813839077949524,nan,nan
0,4008,2019-02-22,0.35100001096725464,0.5326142907142639,1.3492171092366334e-05,0.0069783651269972324,nan,nan
0,4008,2019-02-23,0.33899998664855957,0.5448035597801208,1.2325049283390399e-05,0.007543700747191906,nan,nan
0,4008,2019-02-24,0.3059999942779541,0.5136411190032959,1.1701101357175503e-05,0.006475850474089384,nan,nan
0,4008,2019-02-25,0.289000004529953,0.4905445873737335,1.1234208614041563e-05,0.006393949966877699,nan,nan
0,4008,2019-02-26,0.2939999997615814,0.4759816527366638,1.0308027412975207e-05,0.00623687170445919,nan,nan
0,4008,2019-02-27,0.2939999997615814,0.4704844653606415,9.436615073354915e-06,0.005867923144251108,nan,nan
0,4008,2019-02-28,0.296999990940094,0.47587868571281433,9.20561342354631e-06,0.006095027085393667,nan,nan
0,4008,2019-03-01,0.38199999928474426,0.4980512857437134,9.454225619265344e-06,0.006985753774642944,nan,nan
0,4008,2019-03-02,0.3569999933242798,0.609204888343811,1.444579174858518e-05,0.01834181137382984,nan,nan
0,4008,2019-03-03,0.35100001096725464,0.5859394669532776,1.6703619621694088e-05,0.009409245103597641,nan,nan
0,4008,2019-03-04,0.3449999988079071,0.5599411725997925,1.6245559891103767e-05,0.00827642623335123,nan,nan
0,4008,2019-03-05,0.3499999940395355,0.5590856075286865,1.4618943168898113e-05,0.0008765820530243218,nan,nan
0,4008,2019-03-06,0.3479999899864197,0.5210723876953125,1.3166161807021126e-05,0.006491524633020163,nan,nan
0,4008,2019-03-07,0.34599998593330383,0.4908142387866974,1.2989810784347355e-05,0.005282954778522253,nan,nan
0,4008,2019-03-08,0.3160000145435333,0.4955640435218811,1.2393766155582853e-05,0.0011566180037334561,nan,nan
0,4008,2019-03-09,0.30399999022483826,0.4856148064136505,1.0487581675988622e-05,0.003739665960893035,nan,nan
0,4008,2019-03-10,0.4339999854564667,0.5273197293281555,1.050131322699599e-05,0.003684327472001314,nan,nan
0,4008,2019-03-11,0.47099998593330383,0.6493942737579346,1.4861450836178847e-05,0.0502382256090641,nan,nan
0,4008,2019-03-12,0.4899999797344208,0.6059629321098328,1.4453771655098535e-05,6.657933681708528e-06,nan,nan
0,4008,2019-03-13,0.4699999690055847,0.5459100604057312,1.3531677723221947e-05,0.003947011660784483,nan,nan
0,4008,2019-03-14,0.5450000166893005,0.5385691523551941,1.3856942132406402e-05,0.0015366447623819113,nan,nan
0,4008,2019-03-15,0.9760000109672546,0.7437594532966614,0.0001351751561742276,0.3092937469482422,nan,nan
0,4008,2019-03-16,0.8399999737739563,0.8514500856399536,0.0002536436659283936,0.12887907028198242,nan,nan
0,4008,2019-03-17,0.6340000033378601,0.6762299537658691,0.0003738278755918145,0.0013715255772694945,nan,nan
0,4008,2019-03-18,0.6159999966621399,0.6510912179946899,0.00034278424573130906,9.084391058422625e-05,nan,nan
0,4008,2019-03-19,0.5460000038146973,0.6006936430931091,0.00029666422051377594,0.0031005062628537416,nan,nan
0,4008,2019-03-20,0.5070000290870667,0.5484879612922668,0.0002557553816586733,0.0028863493353128433,nan,nan
0,4008,2019-03-21,0.4129999876022339,0.49398335814476013,0.00022867276857141405,0.002089893678203225,nan,nan
0,4008,2019-03-22,0.3610000014305115,0.4651030898094177,0.00021767927682958543,0.002949352841824293,nan,nan
0,4008,2019-03-23,0.35199999809265137,0.4559291899204254,0.00020238170691300184,0.0037103777285665274,nan,nan
0,4008,2019-03-24,0.35100001096725464,0.4261106252670288,0.0002042794949375093,0.002956286072731018,nan,nan
0,4008,2019-03-25,0.32600000500679016,0.4150191843509674,0.00020225381013005972,0.0026551075279712677,nan,nan
0,4008,2019-03-26,0.3070000112056732,0.4420771896839142,0.0001766536443028599,0.004002938512712717,nan,nan
0,4008,2019-03-27,0.30000001192092896,0.4281749427318573,0.00015594770957250148,0.0039451452903449535,nan,nan
0,4008,2019-03-28,0.2770000100135803,0.38907402753829956,0.00013935686729382724,0.0028507662937045097,nan,nan
0,4008,2019-03-29,0.26499998569488525,0.3702791631221771,0.00013619507080875337,0.002735559828579426,nan,nan
0,4008,2019-03-30,0.2639999985694885,0.3917485475540161,0.00013340957229956985,0.003629692131653428,nan,nan
0,4008,2019-03-31,0.25600001215934753,0.3914940059185028,0.0001238615222973749,0.003642445430159569,nan,nan
0,4008,2019-04-01,0.24199999868869781,0.3828660547733307,0.00012720146332867444,0.0035288941580802202,nan,nan
0,4008,2019-04-02,0.2329999804496765,0.38446128368377686,0.00012961092579644173,0.003879952011629939,nan,nan
0,4008,2019-04-03,0.23199999332427979,0.39412933588027954,0.0001401727640768513,0.004421745892614126,nan,nan
0,4008,2019-04-04,0.28299999237060547,0.4260157346725464,0.0001281757722608745,0.005677711218595505,nan,nan
0,4008,2019-04-05,0.289000004529953,0.5815718173980713,0.0003241096856072545,0.10133408010005951,nan,nan
0,4008,2019-04-06,0.25999999046325684,0.5068923830986023,0.00042511208448559046,0.007636598777025938,nan,nan
0,4008,2019-04-07,0.23600000143051147,0.44512635469436646,0.0003653203311841935,0.005723122972995043,nan,nan
0,4008,2019-04-08,0.23600000143051147,0.43861478567123413,0.0003138524480164051,0.0060964603908360004,nan,nan
0,4008,2019-04-09,0.28600001335144043,0.4356175661087036,0.00025326284230686724,0.005969726014882326,nan,nan
0,4008,2019-04-10,0.3160000145435333,0.449150025844574,0.0002036274381680414,0.0030373018234968185,nan,nan
0,4008,2019-04-11,0.32199999690055847,0.48355916142463684,0.000204662952455692,0.008678987622261047,nan,nan
0,4008,2019-04-12,0.2630000114440918,0.4603015184402466,0.0001952521997736767,0.004751280415803194,nan,nan
0,4008,2019-04-13,0.25,0.43501976132392883,0.00012143217463744804,0.005238174926489592,nan,nan
0,4008,2019-04-14,0.2639999985694885,0.44995322823524475,0.00010273869702359661,3.2245279726339504e-05,nan,nan
0,4008,2019-04-15,0.24000000953674316,0.4968741238117218,7.93320796219632e-05,0.0050222501158714294,nan,nan
0,4008,2019-04-16,0.2290000021457672,0.46650296449661255,8.16214524093084e-05,0.007220024708658457,nan,nan
0,4008,2019-04-17,0.22599999606609344,0.43630778789520264,7.991261372808367e-05,0.006190096028149128,nan,nan
0,4008,2019-04-18,0.2199999988079071,0.419961541891098,8.518152753822505e-05,0.005587996914982796,nan,nan
0,4008,2019-04-19,0.21299999952316284,0.4191170632839203,0.00013043965736869723,0.005711318459361792,nan,nan
0,4008,2019-04-20,0.2029999941587448,0.4348454475402832,0.00019574245379772037,0.006573924794793129,nan,nan
0,4008,2019-04-21,0.20399999618530273,0.43391692638397217,0.0003411099605727941,0.0068190256133675575,nan,nan
0,4008,2019-04-22,0.19599999487400055,0.4519394636154175,0.0005537914112210274,0.007622687611728907,nan,nan
0,4008,2019-04-23,0.19099999964237213,0.4496442675590515,0.000883938220795244,0.007758718449622393,nan,nan
0,4008,2019-04-24,0.19099999964237213,0.456877738237381,0.0011708183446899056,0.008267845027148724,nan,nan
0,4008,2019-04-25,0.18000000715255737,0.45089074969291687,0.001504851970821619,0.007974142208695412,nan,nan
0,4008,2019-04-26,0.2669999897480011,0.4511459767818451,0.0016924613155424595,0.008334404788911343,nan,nan
0,4008,2019-04-27,0.25,0.5196677446365356,0.001965321833267808,0.03658316284418106,nan,nan
0,4008,2019-04-28,0.2720000147819519,0.4936257004737854,0.0016501938225701451,0.007580953184515238,nan,nan
0,4008,2019-04-29,0.2329999804496765,0.4325956106185913,0.0013068359112367034,0.0008893653284758329,nan,nan
0,4008,2019-04-30,0.23199999332427979,0.39796897768974304,0.0010127665009349585,0.002939370693638921,nan,nan
0,4008,2019-05-01,0.21299999952316284,0.3854672908782959,0.000785529671702534,0.004136223345994949,nan,nan
0,4008,2019-05-02,0.1979999989271164,0.3423474133014679,0.0007831346010789275,0.003125053131952882,nan,nan
0,4008,2019-05-03,0.3149999976158142,0.40898191928863525,0.0007068745908327401,0.013704239390790462,nan,nan
0,4008,2019-05-04,0.27900001406669617,0.4297548234462738,0.00045225012581795454,0.002159579424187541,nan,nan
0,4008,2019-05-05,0.2449999898672104,0.4849909842014313,0.00036988448118790984,0.031757328659296036,nan,nan
0,4008,2019-05-06,0.23100000619888306,0.4311999976634979,0.0003443948517087847,0.005548196844756603,nan,nan
0,4008,2019-05-07,0.21299999952316284,0.3995986878871918,0.0002849107258953154,0.004669674672186375,nan,nan
0,4008,2019-05-08,0.26899999380111694,0.40436655282974243,0.0002847038267645985,0.0052974410355091095,nan,nan
0,4008,2019-05-09,0.3720000088214874,0.6620255708694458,0.0012115805875509977,0.23520322144031525,nan,nan
0,4008,2019-05-10,0.2549999952316284,0.6187781691551208,0.0016656843945384026,0.0005457814550027251,nan,nan
0,4008,2019-05-11,0.24899999797344208,0.5679000020027161,0.0012917392887175083,0.007697608787566423,nan,nan
0,4008,2019-05-12,0.2329999804496765,0.6071882843971252,0.001084713963791728,0.0014086405280977488,nan,nan
0,4008,2019-05-13,0.2029999941587448,0.5585399270057678,0.0009688902646303177,0.012376132421195507,nan,nan
0,4009,2018-10-19,0.1379999965429306,0.34543710947036743,0.00012092802353436127,0.004808865953236818,nan,nan
0,4009,2018-10-20,0.1379999965429306,0.36653900146484375,0.00010632316843839362,0.00571761978790164,nan,nan
0,4009,2018-10-21,0.1379999965429306,0.3734080493450165,9.222392691299319e-05,0.006003874819725752,nan,nan
0,4009,2018-10-22,0.1379999965429306,0.3754677176475525,8.112128125503659e-05,0.0060910689644515514,nan,nan
0,4009,2018-10-23,0.14399999380111694,0.34655967354774475,5.222571417107247e-05,0.004924763925373554,nan,nan
0,4009,2018-10-24,0.14100000262260437,0.32518354058265686,3.804239895544015e-05,0.004007894545793533,nan,nan
0,4009,2018-10-25,0.14100000262260437,0.32736918330192566,3.467688657110557e-05,0.0041509633883833885,nan,nan
0,4009,2018-10-26,0.14900000393390656,0.3314361274242401,3.119804387097247e-05,0.0042948336340487,nan,nan
0,4009,2018-10-27,0.3149999976158142,0.38510048389434814,3.114394348813221e-05,0.0010656720260158181,nan,nan
0,4009,2018-10-28,0.45500001311302185,0.6508243083953857,0.000604654080234468,0.48435887694358826,nan,nan
0,4009,2018-10-29,0.26600000262260437,0.590707004070282,0.0015736020868644118,0.0002009754243772477,nan,nan
0,4009,2018-10-30,0.32199999690055847,0.6379541158676147,0.0014389080461114645,0.06393624097108841,nan,nan
0,4009,2018-10-31,0.25099998712539673,0.564659059047699,0.0012179618934169412,7.223886495921761e-05,nan,nan
0,4009,2018-11-01,0.2029999941587448,0.4841851592063904,0.0010252533247694373,0.00771908275783062,nan,nan
0,4009,2018-11-02,0.210999995470047,0.46436387300491333,0.0008815464680083096,0.00825643353164196,nan,nan
0,4009,2018-11-03,0.22499999403953552,0.4298286437988281,0.0007607992738485336,0.006410286761820316,nan,nan
0,4009,2018-11-04,0.19699999690055847,0.42453673481941223,0.0006552662816829979,0.005802369210869074,nan,nan
0,4009,2018-11-05,0.20000000298023224,0.4293902814388275,0.0005734032019972801,0.00678901607170701,nan,nan
0,4009,2018-11-06,0.20000000298023224,0.4212318956851959,0.0004974317853339016,0.006344074849039316,nan,nan
0,4009,2018-11-07,0.19599999487400055,0.42348578572273254,0.00043108686804771423,0.006442180834710598,nan,nan
0,4009,2018-11-08,0.19499999284744263,0.45926183462142944,0.0003778152749873698,0.008226752281188965,nan,nan
0,4009,2018-11-09,0.17299999296665192,0.4460862874984741,0.0003292119945399463,0.007619570940732956,nan,nan
0,4009,2018-11-10,0.1720000058412552,0.4335699677467346,0.00028791194199584424,0.007697276771068573,nan,nan
0,4009,2018-11-11,0.19499999284744263,0.4271199703216553,0.00025914760772138834,0.0034196425694972277,nan,nan
0,4009,2018-11-12,0.1770000010728836,0.4363205134868622,0.00023154109658207744,0.002977276686578989,nan,nan
0,4009,2018-11-13,0.17000000178813934,0.41824010014533997,0.00020396594482008368,0.006865985691547394,nan,nan
0,4009,2018-11-14,0.18700000643730164,0.44315314292907715,0.00018676259787753224,0.0033321899827569723,nan,nan
0,4009,2018-11-15,0.16899999976158142,0.4276278614997864,0.0001678365224506706,0.0070000262930989265,nan,nan
0,4009,2018-11-16,0.1679999977350235,0.4222041070461273,0.00015138582966756076,0.007283007260411978,nan,nan
0,4009,2018-11-17,0.1589999943971634,0.417933851480484,0.0001359661837341264,0.007115467451512814,nan,nan
0,4009,2018-11-18,0.17499999701976776,0.39686816930770874,0.00012000218703178689,0.006431172601878643,nan,nan
0,4009,2018-11-19,0.15800000727176666,0.38235118985176086,0.00010776844283100218,0.0053938026539981365,nan,nan
0,4009,2018-11-20,0.1720000058412552,0.36323949694633484,9.692324238130823e-05,0.005023177247494459,nan,nan
0,4009,2018-11-21,0.17100000381469727,0.34639304876327515,8.740468183532357e-05,0.004119069781154394,nan,nan
0,4009,2018-11-22,0.17299999296665192,0.34554412961006165,8.0322046414949e-05,0.003895702539011836,nan,nan
0,4009,2018-11-23,0.17100000381469727,0.36574238538742065,7.329019717872143e-05,0.00479857437312603,nan,nan
0,4009,2018-11-24,0.17100000381469727,0.3826623558998108,6.816055247327313e-05,0.002741578035056591,nan,nan
0,4009,2018-11-25,0.16899999976158142,0.4281410574913025,6.534289423143491e-05,0.007500679697841406,nan,nan
0,4009,2018-11-26,0.1720000058412552,0.41795194149017334,2.2828868168289773e-05,0.0066898297518491745,nan,nan
0,4009,2018-11-27,0.19200000166893005,0.47753673791885376,1.0063465197163168e-05,0.007395176682621241,nan,nan
0,4009,2018-11-28,0.17399999499320984,0.4708295166492462,8.78531045600539e-06,0.0017297641607001424,nan,nan
0,4009,2018-11-29,0.17299999296665192,0.4501161277294159,7.373379958153237e-06,0.008475572802126408,nan,nan
0,4009,2018-11-30,0.17399999499320984,0.44951075315475464,7.020703378657345e-06,0.008477462455630302,nan,nan
0,4009,2018-12-01,0.1809999942779541,0.4854813814163208,8.162874109984841e-06,1.7006643204808825e-08,nan,nan
0,4009,2018-12-02,0.22499999403953552,0.4934273064136505,8.338958650710993e-06,0.00944004487246275,nan,nan
0,4009,2018-12-03,0.43299999833106995,0.7863476276397705,0.00020773072901647538,0.30442512035369873,nan,nan
0,4009,2018-12-04,0.48100000619888306,0.923770546913147,0.00041137938387691975,0.06425769627094269,nan,nan
0,4009,2018-12-05,0.3970000147819519,0.9123035073280334,0.00044365847134031355,0.002509987447410822,nan,nan
0,4009,2018-12-06,0.31200000643730164,0.8462910056114197,0.00041934134787879884,0.0034462797921150923,nan,nan
0,4009,2018-12-07,0.2709999978542328,0.7482012510299683,0.00037066370714455843,0.016348445788025856,nan,nan
0,4009,2018-12-08,0.2549999952316284,0.7870241403579712,0.00036862355773337185,2.9332029953366145e-05,nan,nan
0,4009,2018-12-09,0.3449999988079071,0.8086150288581848,0.00037597151822410524,0.006976275239139795,nan,nan
0,4009,2018-12-10,0.42500001192092896,0.8579071164131165,0.00047424653894267976,0.03560960292816162,nan,nan
0,4009,2018-12-11,0.3540000021457672,0.7529417872428894,0.00047929451102390885,0.001146602095104754,nan,nan
0,4009,2018-12-12,0.27900001406669617,0.6310617923736572,0.00040787941543385386,0.01198298204690218,nan,nan
0,4009,2018-12-13,0.2529999911785126,0.5444872379302979,0.00034977553877979517,0.009874631650745869,nan,nan
0,4009,2018-12-14,0.22699999809265137,0.5174307227134705,0.0002971904759760946,0.009323357604444027,nan,nan
0,4009,2018-12-15,0.22599999606609344,0.47108161449432373,0.0002535829844418913,0.007830926217138767,nan,nan
0,4009,2018-12-16,0.21899999678134918,0.49286651611328125,0.0003193301963619888,0.02547531947493553,nan,nan
0,4009,2018-12-17,0.2160000056028366,0.4446144998073578,0.0003178243350703269,0.0017378423362970352,nan,nan
0,4009,2018-12-18,0.22100000083446503,0.42759567499160767,0.0002790097496472299,0.004393159877508879,nan,nan
0,4009,2018-12-19,0.22499999403953552,0.41042402386665344,0.00024376172223128378,0.005234329029917717,nan,nan
0,4009,2018-12-20,0.2759999930858612,0.4338691830635071,0.00022552532027475536,0.00010770837980089709,nan,nan
0,4009,2018-12-21,0.3449999988079071,0.4524000883102417,0.00019509810954332352,0.005599616561084986,nan,nan
0,4009,2018-12-22,0.5320000052452087,0.602349042892456,0.0004113728937227279,0.10868709534406662,nan,nan
0,4009,2018-12-23,0.4779999852180481,0.6971432566642761,0.0004409749817568809,0.01415127981454134,nan,nan
0,4009,2018-12-24,0.6779999732971191,1.0360509157180786,0.0018096312414854765,0.24124105274677277,nan,nan
0,4009,2018-12-25,0.5,0.9901689291000366,0.0026822607032954693,0.00011569073103601113,nan,nan
0,4009,2018-12-26,0.36899998784065247,0.8036086559295654,0.0021197067108005285,0.01721850410103798,nan,nan
0,4009,2018-12-27,0.33899998664855957,0.7123650908470154,0.001727794879116118,0.016721930354833603,nan,nan
0,4009,2018-12-28,0.2939999997615814,0.5978087782859802,0.0014320783084258437,0.010687990114092827,nan,nan
0,4009,2018-12-29,0.26499998569488525,0.5569584369659424,0.0011964422883465886,0.010028059594333172,nan,nan
0,4009,2018-12-30,0.25200000405311584,0.508985698223114,0.0010102743981406093,0.003442648332566023,nan,nan
0,4009,2018-12-31,0.25699999928474426,0.5216853022575378,0.0008745972299948335,3.1787421903572977e-05,nan,nan
0,4009,2019-01-01,0.2549999952316284,0.4882582426071167,0.00045221843174658716,0.002265659626573324,nan,nan
0,4009,2019-01-02,0.2549999952316284,0.487321138381958,0.0003608976840041578,0.0006670163129456341,nan,nan
0,4009,2019-01-03,0.24699999392032623,0.468596875667572,0.00029695790726691484,0.002409743145108223,nan,nan
0,4009,2019-01-04,0.22699999809265137,0.45968231558799744,0.00025530613493174314,0.004890237469226122,nan,nan
0,4009,2019-01-05,0.2370000183582306,0.44288989901542664,0.00021996573195792735,0.006421699654310942,nan,nan
0,4009,2019-01-06,0.24699999392032623,0.6150310039520264,0.0008814780157990754,0.19652222096920013,nan,nan
0,4009,2019-01-07,0.2639999985694885,0.6288066506385803,0.0012090443633496761,0.005629792343825102,nan,nan
0,4009,2019-01-08,0.31200000643730164,0.6110640168190002,0.001049226731993258,0.0030470597557723522,nan,nan
0,4009,2019-01-09,0.3580000102519989,0.6565202474594116,0.001078162807971239,0.00831129215657711,nan,nan
0,4009,2019-01-10,0.34200000762939453,0.6896284818649292,0.0011048554442822933,0.009416703134775162,nan,nan
0,4009,2019-01-11,0.30799999833106995,0.7683701515197754,0.0012627171818166971,0.017582576721906662,nan,nan
0,4009,2019-01-12,0.2930000126361847,0.7171137928962708,0.0012085549533367157,0.0008335773018188775,nan,nan
0,4009,2019-01-13,0.48000001907348633,0.7878534197807312,0.0014750523259863257,0.016545098274946213,nan,nan
0,4009,2019-01-14,1.343000054359436,1.009987711906433,0.003567990381270647,0.19405987858772278,nan,nan
0,4009,2019-01-15,0.8080000281333923,0.9180065989494324,0.0043649692088365555,0.022364085540175438,nan,nan
0,4009,2019-01-16,0.6169999837875366,0.7553014159202576,0.0035259993746876717,0.00411628233268857,nan,nan
0,4009,2019-01-17,0.5019999742507935,0.6933847069740295,0.002847784198820591,0.006518503185361624,nan,nan
0,4009,2019-01-18,0.49399998784065247,0.6712237596511841,0.0024449483025819063,0.0008522834978066385,nan,nan
0,4009,2019-01-19,0.4320000112056732,0.6306137442588806,0.0020016133785247803,0.007255814969539642,nan,nan
0,4009,2019-01-20,0.36899998784065247,0.5561714172363281,0.0013682297430932522,0.005741184111684561,nan,nan
0,4009,2019-01-21,0.367000013589859,0.5505493879318237,0.001013664179481566,0.007270593196153641,nan,nan
0,4009,2019-01-22,0.3400000035762787,0.5058175921440125,0.0006173665751703084,0.005393733736127615,nan,nan
0,4009,2019-01-23,0.33899998664855957,0.47591379284858704,0.00039818650111556053,0.004903978202491999,nan,nan
0,4009,2019-01-24,0.3140000104904175,0.45838871598243713,0.00032777953310869634,0.004281504079699516,nan,nan
0,4009,2019-01-25,0.28600001335144043,0.46180394291877747,0.0002799978537950665,0.0034551015123724937,nan,nan
0,4009,2019-01-26,0.2770000100135803,0.4466247260570526,0.0002369757421547547,0.004361458122730255,nan,nan
0,4009,2019-01-27,0.29100000858306885,0.4374297261238098,0.00019959776545874774,0.003848808351904154,nan,nan
0,4009,2019-01-28,0.33799999952316284,0.5037903785705566,0.0001973580801859498,0.004518458619713783,nan,nan
0,4009,2019-01-29,0.3310000002384186,0.5295454263687134,0.0001727938506519422,0.0016728541813790798,nan,nan
0,4009,2019-01-30,0.2930000126361847,0.520505964756012,0.0001449843985028565,0.007012648973613977,nan,nan
0,4009,2019-01-31,0.27799999713897705,0.5098744034767151,0.00012072318349964917,0.007656104862689972,nan,nan
0,4009,2019-02-01,0.2809999883174896,0.5133747458457947,0.00010295966058038175,0.007565071806311607,nan,nan
0,4009,2019-02-02,0.29499998688697815,0.5515159964561462,9.403742296854034e-05,0.0011536715319380164,nan,nan
0,4009,2019-02-03,0.31299999356269836,0.6775039434432983,0.00012527609942480922,0.01947111263871193,nan,nan
0,4009,2019-02-04,0.3199999928474426,0.795282244682312,0.0001411858102073893,0.06268840283155441,nan,nan
0,4009,2019-02-05,0.3059999942779541,0.6804479360580444,0.00014813577581662685,0.01669328659772873,nan,nan
0,4009,2019-02-06,0.2919999957084656,0.61207115650177,0.00012353596684988588,0.012778308242559433,nan,nan
0,4009,2019-02-07,0.28999999165534973,0.5609614253044128,0.00010564111289568245,0.010318472050130367,nan,nan
0,4009,2019-02-08,0.3330000042915344,0.6209397912025452,0.00013260106788948178,0.01078146044164896,nan,nan
0,4009,2019-02-09,0.34700000286102295,0.5990150570869446,0.0001286967599298805,0.008298165164887905,nan,nan
0,4009,2019-02-10,0.3930000066757202,0.5648679733276367,0.0001022285723593086,0.008651991374790668,nan,nan
0,4009,2019-02-11,0.47600001096725464,0.6736106872558594,0.00012042390881106257,0.019883908331394196,nan,nan
0,4009,2019-02-12,0.4899999797344208,0.6455370187759399,9.3775313871447e-05,0.0026062021497637033,nan,nan
0,4009,2019-02-13,0.47700002789497375,0.6168652176856995,6.300619133980945e-05,0.006746804341673851,nan,nan
0,4009,2019-02-14,0.37700000405311584,0.5945582985877991,5.353149026632309e-05,0.006137561053037643,nan,nan
0,4009,2019-02-15,0.3479999899864197,0.590355396270752,4.7499837819486856e-05,0.008968559093773365,nan,nan
0,4009,2019-02-16,0.3440000116825104,0.5738837718963623,4.0715502109378576e-05,0.009081157855689526,nan,nan
0,4009,2019-02-17,0.35199999809265137,0.5506041646003723,3.5359960747882724e-05,0.008038674481213093,nan,nan
0,4009,2019-02-18,0.3479999899864197,0.5414450168609619,3.152989302179776e-05,0.00735568068921566,nan,nan
0,4009,2019-02-19,0.3400000035762787,0.5431545376777649,2.8143858799012378e-05,0.007556954398751259,nan,nan
0,4009,2019-02-20,0.3370000123977661,0.5221679210662842,2.5243996788049117e-05,0.006825830787420273,nan,nan
0,4009,2019-02-21,0.33899998664855957,0.5127127170562744,2.261307781736832e-05,0.006491530686616898,nan,nan
0,4009,2019-02-22,0.33899998664855957,0.5184950232505798,2.0320758267189376e-05,0.006690239068120718,nan,nan
0,4009,2019-02-23,0.3269999921321869,0.5329068899154663,1.8288223145646043e-05,0.007347356993705034,nan,nan
0,4009,2019-02-24,0.29600000381469727,0.5032179355621338,1.6811634850455448e-05,0.0063578286208212376,nan,nan
0,4009,2019-02-25,0.27900001406669617,0.47979098558425903,1.5528547010035254e-05,0.0062071518041193485,nan,nan
0,4009,2019-02-26,0.2840000092983246,0.46571463346481323,1.3860035323887132e-05,0.006073025055229664,nan,nan
0,4009,2019-02-27,0.2840000092983246,0.45875754952430725,1.2487444109865464e-05,0.005649137310683727,nan,nan
0,4009,2019-02-28,0.28700000047683716,0.46370574831962585,1.1685510798997711e-05,0.005853415932506323,nan,nan
0,4009,2019-03-01,0.3700000047683716,0.47979477047920227,1.1824923603853676e-05,0.006458029616624117,nan,nan
0,4009,2019-03-02,0.34599998593330383,0.6043317317962646,2.0089537429157645e-05,0.02558143436908722,nan,nan
0,4009,2019-03-03,0.33899998664855957,0.5826302170753479,2.3916027203085832e-05,0.009609083645045757,nan,nan
0,4009,2019-03-04,0.33399999141693115,0.5592322945594788,2.2367372366716154e-05,0.00862713810056448,nan,nan
0,4009,2019-03-05,0.33899998664855957,0.5567327737808228,1.913919004437048e-05,0.0010187049629166722,nan,nan
0,4009,2019-03-06,0.3370000123977661,0.5172597765922546,1.5052227354317438e-05,0.006635349243879318,nan,nan
0,4009,2019-03-07,0.33500000834465027,0.4878139793872833,1.4561102943844162e-05,0.005445364397019148,nan,nan
0,4009,2019-03-08,0.3050000071525574,0.4866945147514343,1.3777762433164753e-05,0.002194514498114586,nan,nan
0,4009,2019-03-09,0.2939999997615814,0.48052260279655457,1.1418695976317395e-05,0.0020513380877673626,nan,nan
0,4009,2019-03-10,0.4189999997615814,0.5152563452720642,1.0652349374140613e-05,0.0017990003107115626,nan,nan
0,4009,2019-03-11,0.45500001311302185,0.6341801881790161,1.5075701412570197e-05,0.04479391127824783,nan,nan
0,4009,2019-03-12,0.47300001978874207,0.5951353907585144,1.4440212908084504e-05,0.0002800805668812245,nan,nan
0,4009,2019-03-13,0.45399999618530273,0.5372582077980042,1.3542367923946586e-05,0.004025384318083525,nan,nan
0,4009,2019-03-14,0.5270000100135803,0.529241144657135,1.3777327694697306e-05,0.001335665350779891,nan,nan
0,4009,2019-03-15,0.9440000057220459,0.6992969512939453,8.340285421581939e-05,0.22910545766353607,nan,nan
0,4009,2019-03-16,0.8130000233650208,0.8284043073654175,0.0001587540900800377,0.14583079516887665,nan,nan
0,4009,2019-03-17,0.6129999756813049,0.657366156578064,0.00026046441053040326,0.0013414283748716116,nan,nan
0,4009,2019-03-18,0.5960000157356262,0.6417407989501953,0.00024600900360383093,0.00015805756265763193,nan,nan
0,4009,2019-03-19,0.527999997138977,0.5913804769515991,0.00021625211229547858,0.003208991838619113,nan,nan
0,4009,2019-03-20,0.4899999797344208,0.5358399152755737,0.00018763329717330635,0.0028550552669912577,nan,nan
0,4009,2019-03-21,0.4000000059604645,0.48105159401893616,0.00016758960555307567,0.002040423918515444,nan,nan
0,4009,2019-03-22,0.3490000069141388,0.45182541012763977,0.00015726147103123367,0.0028057489544153214,nan,nan
0,4009,2019-03-23,0.3409999907016754,0.44353923201560974,0.00014458183431997895,0.003557030577212572,nan,nan
0,4009,2019-03-24,0.33899998664855957,0.4154818058013916,0.00014174141688272357,0.0028519928455352783,nan,nan
0,4009,2019-03-25,0.3149999976158142,0.40238839387893677,0.00013732975639868528,0.0025190520100295544,nan,nan
0,4009,2019-03-26,0.296999990940094,0.42721864581108093,0.00012058283027727157,0.003739295993000269,nan,nan
0,4009,2019-03-27,0.28999999165534973,0.41362836956977844,0.00010715534153860062,0.003672514110803604,nan,nan
0,4009,2019-03-28,0.2669999897480011,0.37653419375419617,9.635971946408972e-05,0.0026759584434330463,nan,nan
0,4009,2019-03-29,0.25600001215934753,0.35823825001716614,9.37950680963695e-05,0.0025781504809856415,nan,nan
0,4009,2019-03-30,0.2549999952316284,0.3795236349105835,9.13356852834113e-05,0.003421630710363388,nan,nan
0,4009,2019-03-31,0.24699999392032623,0.38076162338256836,7.998564979061484e-05,0.003481793450191617,nan,nan
0,4009,2019-04-01,0.23399999737739563,0.37260597944259644,7.814358832547441e-05,0.003385739168152213,nan,nan
0,4009,2019-04-02,0.22499999403953552,0.37611526250839233,7.789999654050916e-05,0.0037721488624811172,nan,nan
0,4009,2019-04-03,0.22499999403953552,0.38500139117240906,8.12104408396408e-05,0.004278720822185278,nan,nan
0,4009,2019-04-04,0.27300000190734863,0.4130144715309143,7.566605199826881e-05,0.0053344001062214375,nan,nan
0,4009,2019-04-05,0.27900001406669617,0.5750150084495544,0.00022313981025945395,0.10933922231197357,nan,nan
0,4009,2019-04-06,0.25200000405311584,0.49976247549057007,0.0003123405622318387,0.007603368256241083,nan,nan
0,4009,2019-04-07,0.2290000021457672,0.4384317100048065,0.0002710165863391012,0.005659461487084627,nan,nan
0,4009,2019-04-08,0.2280000001192093,0.43518000841140747,0.00023508539015892893,0.00614188564941287,nan,nan
0,4009,2019-04-09,0.2770000100135803,0.4316340982913971,0.0001913687156047672,0.006018661893904209,nan,nan
0,4009,2019-04-10,0.3059999942779541,0.4437398910522461,0.00015814958896953613,0.0028264529537409544,nan,nan
0,4009,2019-04-11,0.3109999895095825,0.4711459279060364,0.00015595975855831057,0.00512019544839859,nan,nan
0,4009,2019-04-12,0.2540000081062317,0.44574129581451416,0.00014644859766121954,0.004474502522498369,nan,nan
0,4009,2019-04-13,0.24199999868869781,0.4242466986179352,0.00010184093116549775,0.005043585319072008,nan,nan
0,4009,2019-04-14,0.2549999952316284,0.43814393877983093,9.002480510389432e-05,0.00020523810235317796,nan,nan
0,4009,2019-04-15,0.23199999332427979,0.4811777174472809,6.627758557442576e-05,0.003880002535879612,nan,nan
0,4009,2019-04-16,0.22200000286102295,0.45257115364074707,6.754269998054951e-05,0.006819268222898245,nan,nan
0,4009,2019-04-17,0.21899999678134918,0.42420682311058044,6.59239012748003e-05,0.005868877284228802,nan,nan
0,4009,2019-04-18,0.21299999952316284,0.4077146053314209,7.141717651393265e-05,0.0052772387862205505,nan,nan
0,4009,2019-04-19,0.20600000023841858,0.41086873412132263,0.00010083412780659273,0.005558206234127283,nan,nan
0,4009,2019-04-20,0.19599999487400055,0.42743948101997375,0.0001409757969668135,0.006446346174925566,nan,nan
0,4009,2019-04-21,0.19699999690055847,0.4274064898490906,0.000222373942960985,0.006729010958224535,nan,nan
0,4009,2019-04-22,0.1899999976158142,0.44415953755378723,0.0003264740516897291,0.007467657793313265,nan,nan
0,4009,2019-04-23,0.1850000023841858,0.4423900842666626,0.0004799643065780401,0.007596735376864672,nan,nan
0,4009,2019-04-24,0.18400000035762787,0.4474879205226898,0.0006156678427942097,0.007996304892003536,nan,nan
0,4009,2019-04-25,0.17399999499320984,0.4405973553657532,0.000807308591902256,0.007695063482969999,nan,nan
0,4009,2019-04-26,0.257999986410141,0.4399265646934509,0.0009135903092101216,0.007972583174705505,nan,nan
0,4009,2019-04-27,0.24199999868869781,0.5248181819915771,0.001252216286957264,0.05210540071129799,nan,nan
0,4009,2019-04-28,0.2630000114440918,0.49735909700393677,0.0010992959141731262,0.008432258851826191,nan,nan
0,4009,2019-04-29,0.22499999403953552,0.4328615367412567,0.0008883646805770695,0.0007679288391955197,nan,nan
0,4009,2019-04-30,0.2240000069141388,0.4009486436843872,0.0007050913409329951,0.001574914320372045,nan,nan
0,4009,2019-05-01,0.20600000023841858,0.3861003518104553,0.0005595391849055886,0.004340979270637035,nan,nan
0,4009,2019-05-02,0.19200000166893005,0.3398330509662628,0.0005580869619734585,0.0031858179718255997,nan,nan
0,4009,2019-05-03,0.30399999022483826,0.4112723767757416,0.0005269271787256002,0.01818910241127014,nan,nan
0,4009,2019-05-04,0.26899999380111694,0.4210749566555023,0.00033793883631005883,0.0006794476066716015,nan,nan
0,4009,2019-05-05,0.2370000183582306,0.5068779587745667,0.00035667605698108673,0.06832150369882584,nan,nan
0,4009,2019-05-06,0.22300000488758087,0.4444952607154846,0.0003697788924910128,0.004891394171863794,nan,nan
0,4009,2019-05-07,0.20600000023841858,0.4003017842769623,0.0003103831550106406,0.00488974479958415,nan,nan
0,4009,2019-05-08,0.25999999046325684,0.4048697054386139,0.00030708336271345615,0.005497592035681009,nan,nan
0,4009,2019-05-09,0.36000001430511475,0.6127475500106812,0.0007680341950617731,0.13795296847820282,nan,nan
0,4009,2019-05-10,0.24699999392032623,0.5852530598640442,0.0008893229532986879,0.0005368749843910336,nan,nan
0,4009,2019-05-11,0.2409999966621399,0.5386761426925659,0.0007113909814506769,0.007806945126503706,nan,nan
0,4009,2019-05-12,0.22499999403953552,0.6129248142242432,0.0006782657583244145,0.011893114075064659,nan,nan
0,4009,2019-05-13,0.19599999487400055,0.5635184645652771,0.0006270422018133104,0.012996800243854523,nan,nan
0,4022,2018-10-19,0.24299998581409454,0.8534507751464844,0.000206318378332071,0.036013077944517136,nan,nan
0,4022,2018-10-20,0.2460000067949295,0.8952195644378662,0.00017672339163254946,0.04045746102929115,nan,nan
0,4022,2018-10-21,0.2639999985694885,0.8936954140663147,0.00013033421419095248,0.04008020833134651,nan,nan
0,4022,2018-10-22,0.2639999985694885,0.9294849634170532,9.753982158144936e-05,0.042762719094753265,nan,nan
0,4022,2018-10-23,0.2639999985694885,0.8568621277809143,4.7183413698803633e-05,0.03497792407870293,nan,nan
0,4022,2018-10-24,0.3479999899864197,0.7911986112594604,3.0593237170251086e-05,0.028611907735466957,nan,nan
0,4022,2018-10-25,0.4230000078678131,0.8323253989219666,2.782035880954936e-05,0.008944074623286724,nan,nan
0,4022,2018-10-26,0.2840000092983246,0.8328847289085388,2.5104467567871325e-05,0.023306945338845253,nan,nan
0,4022,2018-10-27,0.35100001096725464,0.896486222743988,2.2632646505371667e-05,0.02880076877772808,nan,nan
0,4022,2018-10-28,0.45500001311302185,1.4330933094024658,0.0002696775773074478,0.12679031491279602,nan,nan
0,4022,2018-10-29,0.28999999165534973,1.3033946752548218,0.0005678334273397923,0.04563943296670914,nan,nan
0,4022,2018-10-30,0.3799999952316284,1.4630675315856934,0.0007881273049861193,0.00042004752322100103,nan,nan
0,4022,2018-10-31,0.27000001072883606,1.2349880933761597,0.0006994758150540292,0.07033199816942215,nan,nan
0,4022,2018-11-01,0.2639999985694885,1.087852120399475,0.00040901752072386444,0.06192538142204285,nan,nan
0,4022,2018-11-02,0.2460000067949295,1.0703314542770386,0.0003576005983632058,0.06008836627006531,nan,nan
0,4022,2018-11-03,0.24899999797344208,1.0050173997879028,0.00031405535992234945,0.05313107371330261,nan,nan
0,4022,2018-11-04,0.2460000067949295,1.000830054283142,0.0002762161020655185,0.05236631631851196,nan,nan
0,4022,2018-11-05,0.2639999985694885,1.0127652883529663,0.00024521839804947376,0.05410774424672127,nan,nan
0,4022,2018-11-06,0.2639999985694885,0.9941768646240234,0.00021592101256828755,0.05035551264882088,nan,nan
0,4022,2018-11-07,0.27000001072883606,0.9973071813583374,0.00020893925102427602,0.05073864758014679,nan,nan
0,4022,2018-11-08,0.2639999985694885,1.0846132040023804,0.0001845016231527552,0.06148737668991089,nan,nan
0,4022,2018-11-09,0.2639999985694885,1.0651870965957642,0.0001630405313335359,0.059403836727142334,nan,nan
0,4022,2018-11-10,0.257999986410141,1.021683692932129,0.00014394603203982115,0.05377184972167015,nan,nan
0,4022,2018-11-11,0.2460000067949295,0.9712442755699158,0.00012769231398124248,0.048052337020635605,nan,nan
0,4022,2018-11-12,0.24299998581409454,0.9858585000038147,0.00011317630560370162,0.05075414851307869,nan,nan
0,4022,2018-11-13,0.24299998581409454,0.9662821292877197,0.00010051673598354682,0.048612892627716064,nan,nan
0,4022,2018-11-14,0.24299998581409454,1.02199125289917,9.120722825173289e-05,0.04927514120936394,nan,nan
0,4022,2018-11-15,0.24299998581409454,0.9829115867614746,8.263108611572534e-05,0.050629403442144394,nan,nan
0,4022,2018-11-16,0.24299998581409454,0.9574155211448669,7.6128970249556e-05,0.04755447432398796,nan,nan
0,4022,2018-11-17,0.24299998581409454,0.9404463171958923,7.068205741234124e-05,0.045561302453279495,nan,nan
0,4022,2018-11-18,0.24299998581409454,0.8957185745239258,6.435353134293109e-05,0.040512118488550186,nan,nan
0,4022,2018-11-19,0.24299998581409454,0.8598691821098328,5.973899533273652e-05,0.0366792157292366,nan,nan
0,4022,2018-11-20,0.24299998581409454,0.8192729949951172,5.511229028343223e-05,0.031347163021564484,nan,nan
0,4022,2018-11-21,0.24299998581409454,0.7830061316490173,5.092604988021776e-05,0.02910313382744789,nan,nan
0,4022,2018-11-22,0.24299998581409454,0.781676173210144,4.7276553232222795e-05,0.028979744762182236,nan,nan
0,4022,2018-11-23,0.24299998581409454,0.8289854526519775,4.2377138015581295e-05,0.033529914915561676,nan,nan
0,4022,2018-11-24,0.2549999952316284,0.8739961385726929,3.8555361243197694e-05,0.03816688805818558,nan,nan
0,4022,2018-11-25,0.26100000739097595,1.001023292541504,3.7141766370041296e-05,0.04370066896080971,nan,nan
0,4022,2018-11-26,0.2549999952316284,0.9793903231620789,1.4138653568807058e-05,0.048797085881233215,nan,nan
0,4022,2018-11-27,0.2750000059604645,1.1006298065185547,7.702651600993704e-06,0.011523491702973843,nan,nan
0,4022,2018-11-28,0.2720000147819519,1.1435351371765137,7.5608772931445856e-06,0.0180412158370018,nan,nan
0,4022,2018-11-29,0.2639999985694885,1.0838490724563599,6.442318408517167e-06,0.06121091917157173,nan,nan
0,4022,2018-11-30,0.27000001072883606,1.0700966119766235,6.202049917192198e-06,0.060057032853364944,nan,nan
0,4022,2018-12-01,0.35600000619888306,1.1431437730789185,7.095681212376803e-06,0.027163028717041016,nan,nan
0,4022,2018-12-02,0.48399999737739563,1.1607683897018433,7.294452188943978e-06,0.051060836762189865,nan,nan
0,4022,2018-12-03,3.944000244140625,1.7771650552749634,0.00013274047523736954,0.07872320711612701,nan,nan
0,4022,2018-12-04,5.182000160217285,2.548783540725708,0.0003606715181376785,0.33897924423217773,nan,nan
0,4022,2018-12-05,3.494999885559082,3.049684524536133,0.0005045229918323457,0.18569017946720123,nan,nan
0,4022,2018-12-06,1.7760000228881836,2.9240689277648926,0.0005006132996641099,0.009348666295409203,nan,nan
0,4022,2018-12-07,1.3040000200271606,2.6376900672912598,0.0004474719171412289,0.10194464772939682,nan,nan
0,4022,2018-12-08,3.805000066757202,2.558079719543457,0.00040342059219256043,0.10444311052560806,nan,nan
0,4022,2018-12-09,6.395999908447266,2.702317953109741,0.0003793742216657847,0.00958158541470766,nan,nan
0,4022,2018-12-10,5.610000133514404,3.4695205688476562,0.000660817080643028,0.3806254267692566,nan,nan
0,4022,2018-12-11,2.813999891281128,3.5764946937561035,0.000780124741140753,0.07189711928367615,nan,nan
0,4022,2018-12-12,1.753000020980835,3.0264947414398193,0.0007235631346702576,0.06127028167247772,nan,nan
0,4022,2018-12-13,1.2289999723434448,2.442657709121704,0.0006022326997481287,0.12819083034992218,nan,nan
0,4022,2018-12-14,0.8949999809265137,2.110593557357788,0.000500494206789881,0.12914785742759705,nan,nan
0,4022,2018-12-15,0.671999990940094,1.8172086477279663,0.00041971387690864503,0.11422804743051529,nan,nan
0,4022,2018-12-16,0.5709999799728394,1.630873203277588,0.000421806238591671,0.02988670952618122,nan,nan
0,4022,2018-12-17,0.4930000305175781,1.469534158706665,0.00041045821853913367,0.021906249225139618,nan,nan
0,4022,2018-12-18,0.4690000116825104,1.3539550304412842,0.0003633185988292098,0.06445877254009247,nan,nan
0,4022,2018-12-19,0.6380000114440918,1.2696568965911865,0.0003084797936026007,0.06889407336711884,nan,nan
0,4022,2018-12-20,0.6320000290870667,1.2907092571258545,0.000268805306404829,0.03986988961696625,nan,nan
0,4022,2018-12-21,2.1710000038146973,1.3284330368041992,0.00022802221064921468,0.05201900005340576,nan,nan
0,4022,2018-12-22,5.685999870300293,1.7536838054656982,0.00030852830968797207,0.05447893589735031,nan,nan
0,4022,2018-12-23,6.367000102996826,2.505868434906006,0.0003608616825658828,0.34121307730674744,nan,nan
0,4022,2018-12-24,12.951000213623047,4.372573375701904,0.0031785606406629086,0.617773175239563,nan,nan
0,4022,2018-12-25,4.7789998054504395,6.324841499328613,0.011514888145029545,1.0974652767181396,nan,nan
0,4022,2018-12-26,2.4600000381469727,5.066638469696045,0.017731962725520134,0.2944209575653076,nan,nan
0,4022,2018-12-27,1.5759999752044678,4.131905555725098,0.013550321571528912,0.4817621111869812,nan,nan
0,4022,2018-12-28,1.2109999656677246,3.3047962188720703,0.010343297384679317,0.3889889419078827,nan,nan
0,4022,2018-12-29,1.0,2.8808748722076416,0.008059760555624962,0.32740068435668945,nan,nan
0,4022,2018-12-30,1.1269999742507935,2.548178195953369,0.0065080514177680016,0.20984402298927307,nan,nan
0,4022,2018-12-31,2.4860000610351562,2.4245715141296387,0.005657973699271679,0.09271584451198578,nan,nan
0,4022,2019-01-01,2.3239998817443848,2.325096845626831,0.0036337070632725954,0.004290980752557516,nan,nan
0,4022,2019-01-02,2.0309998989105225,2.189284324645996,0.0027557830326259136,0.016026630997657776,nan,nan
0,4022,2019-01-03,1.4780000448226929,2.190969467163086,0.0024691184516996145,0.0007278559496626258,nan,nan
0,4022,2019-01-04,1.152999997138977,1.9999343156814575,0.002010961063206196,0.06691192835569382,nan,nan
0,4022,2019-01-05,1.0579999685287476,1.7918018102645874,0.0016287248581647873,0.07883494347333908,nan,nan
0,4022,2019-01-06,1.093000054359436,3.3286283016204834,0.09807723760604858,0.24283944070339203,nan,nan
0,4022,2019-01-07,1.0950000286102295,3.2412538528442383,0.21679162979125977,0.0069617461413145065,nan,nan
0,4022,2019-01-08,1.3070000410079956,2.69504976272583,0.18823282420635223,0.20066112279891968,nan,nan
0,4022,2019-01-09,1.8630000352859497,2.99627685546875,0.21127626299858093,0.03549567610025406,nan,nan
0,4022,2019-01-10,1.680999994277954,3.6642019748687744,0.289598673582077,0.0002543083974160254,nan,nan
0,4022,2019-01-11,1.472000002861023,3.3157029151916504,0.3410148620605469,0.0018031406216323376,nan,nan
0,4022,2019-01-12,1.4199999570846558,2.584683895111084,0.3154434859752655,0.1027119904756546,nan,nan
0,4022,2019-01-13,2.6050000190734863,2.4839043617248535,0.338636189699173,0.00025067137903533876,nan,nan
0,4022,2019-01-14,13.23799991607666,7.173129081726074,0.6746029853820801,0.21813315153121948,nan,nan
0,4022,2019-01-15,7.131999969482422,12.747233390808105,0.8521857261657715,0.6231105327606201,nan,nan
0,4022,2019-01-16,3.828000068664551,3.369152784347534,0.8422942161560059,0.1266718953847885,nan,nan
0,4022,2019-01-17,2.86299991607666,2.710932970046997,0.7886821627616882,0.004512021318078041,nan,nan
0,4022,2019-01-18,2.6659998893737793,4.049742698669434,0.7276797294616699,0.22605162858963013,nan,nan
0,4022,2019-01-19,2.1500000953674316,3.753573179244995,0.6519267559051514,0.28101667761802673,nan,nan
0,4022,2019-01-20,1.9450000524520874,1.915085792541504,0.5541086196899414,0.02090989425778389,nan,nan
0,4022,2019-01-21,1.4839999675750732,1.8440577983856201,0.45350974798202515,0.025750193744897842,nan,nan
0,4022,2019-01-22,1.3240000009536743,2.368823528289795,0.3201773762702942,0.1482447236776352,nan,nan
0,4022,2019-01-23,1.2139999866485596,1.9137163162231445,0.20778660476207733,0.08321511000394821,nan,nan
0,4022,2019-01-24,1.0490000247955322,1.6086186170578003,0.12483824789524078,0.050480347126722336,nan,nan
0,4022,2019-01-25,0.9240000247955322,1.6159273386001587,0.09410778433084488,0.05177067592740059,nan,nan
0,4022,2019-01-26,0.9010000228881836,1.460134744644165,0.07093063741922379,0.0466080941259861,nan,nan
0,4022,2019-01-27,0.9480000734329224,1.4941250085830688,0.05391436815261841,0.034893911331892014,nan,nan
0,4022,2019-01-28,1.1710000038146973,1.6199244260787964,0.042939990758895874,0.019995084032416344,nan,nan
0,4022,2019-01-29,1.156000018119812,1.848057746887207,0.0344114750623703,0.01074307318776846,nan,nan
0,4022,2019-01-30,1.1299999952316284,1.8377143144607544,0.026834487915039062,0.03910965472459793,nan,nan
0,4022,2019-01-31,1.121999979019165,1.7864419221878052,0.019564518705010414,0.08321359753608704,nan,nan
0,4022,2019-02-01,1.0080000162124634,1.722805142402649,0.01421419158577919,0.07024061679840088,nan,nan
0,4022,2019-02-02,0.9909999370574951,1.7388046979904175,0.010442242957651615,0.07008631527423859,nan,nan
0,4022,2019-02-03,1.2200000286102295,2.2698678970336914,0.012044141069054604,0.009323455393314362,nan,nan
0,4022,2019-02-04,1.2200000286102295,3.2170791625976562,0.018704010173678398,0.054958052933216095,nan,nan
0,4022,2019-02-05,1.2259999513626099,2.585508108139038,0.03047526627779007,0.23365911841392517,nan,nan
0,4022,2019-02-06,1.6979999542236328,2.2423553466796875,0.018530530855059624,0.15635691583156586,nan,nan
0,4022,2019-02-07,1.3389999866485596,2.0578811168670654,0.01390307117253542,0.06877335906028748,nan,nan
0,4022,2019-02-08,2.5390000343322754,2.193477153778076,0.012825795449316502,0.013059700839221478,nan,nan
0,4022,2019-02-09,2.2019999027252197,2.1910035610198975,0.01060749776661396,0.020961962640285492,nan,nan
0,4022,2019-02-10,3.6600000858306885,2.1149799823760986,0.006724594160914421,0.0361960306763649,nan,nan
0,4022,2019-02-11,5.8480000495910645,2.54084849357605,0.00621049152687192,0.028933793306350708,nan,nan
0,4022,2019-02-12,3.2339999675750732,2.826625108718872,0.0037843012250959873,0.18126681447029114,nan,nan
0,4022,2019-02-13,2.4079999923706055,2.6745498180389404,0.001427374896593392,0.019425157457590103,nan,nan
0,4022,2019-02-14,2.0169999599456787,2.4897985458374023,0.000963610305916518,0.06529819965362549,nan,nan
0,4022,2019-02-15,1.8320000171661377,2.457390069961548,0.0007834996213205159,0.09953747689723969,nan,nan
0,4022,2019-02-16,1.746999979019165,2.2831530570983887,0.000649499474093318,0.09027097374200821,nan,nan
0,4022,2019-02-17,1.6779999732971191,2.1182749271392822,0.0005461957771331072,0.07332839071750641,nan,nan
0,4022,2019-02-18,1.6169999837875366,2.019188642501831,0.00045819778461009264,0.06548429280519485,nan,nan
0,4022,2019-02-19,1.5789999961853027,2.0134239196777344,0.0003856499388348311,0.07022882997989655,nan,nan
0,4022,2019-02-20,1.7450000047683716,1.888208031654358,0.00032111708424054086,0.056442104279994965,nan,nan
0,4022,2019-02-21,2.0869998931884766,1.8494144678115845,0.00026874354807659984,0.03918798640370369,nan,nan
0,4022,2019-02-22,2.950000047683716,1.881696105003357,0.00022340293799061328,0.02157466672360897,nan,nan
0,4022,2019-02-23,3.563999891281128,2.0587451457977295,0.00018993661797139794,0.0010277024703100324,nan,nan
0,4022,2019-02-24,3.005000114440918,2.13893985748291,0.0001597170194145292,0.0017329545225948095,nan,nan
0,4022,2019-02-25,2.930000066757202,2.12019419670105,0.00013378373114392161,0.002612794516608119,nan,nan
0,4022,2019-02-26,3.7090001106262207,2.1263930797576904,0.00011187486234121025,0.004346860572695732,nan,nan
0,4022,2019-02-27,3.9619996547698975,2.186089277267456,9.441965812584385e-05,0.002934995573014021,nan,nan
0,4022,2019-02-28,5.263000011444092,2.303795576095581,8.114069350995123e-05,0.004411786329001188,nan,nan
0,4022,2019-03-01,16.187999725341797,2.542249917984009,7.810530223650858e-05,0.05255134031176567,nan,nan
0,4022,2019-03-02,13.956999778747559,4.916018962860107,0.0011851551244035363,3.525937080383301,nan,nan
0,4022,2019-03-03,10.659000396728516,5.878067493438721,0.0026497445069253445,0.7107071876525879,nan,nan
0,4022,2019-03-04,9.168999671936035,6.29164981842041,0.0031463708728551865,0.023464374244213104,nan,nan
0,4022,2019-03-05,7.367000102996826,6.325423240661621,0.002039835089817643,0.0048537771217525005,nan,nan
0,4022,2019-03-06,4.796000003814697,6.0560832023620605,0.0010264184093102813,0.12882885336875916,nan,nan
0,4022,2019-03-07,5.441999912261963,5.434987545013428,0.000962050340604037,0.4094630479812622,nan,nan
0,4022,2019-03-08,4.677000045776367,5.307164192199707,0.0008669419912621379,0.17263144254684448,nan,nan
0,4022,2019-03-09,3.933000087738037,4.91726541519165,0.0006969721871428192,0.20351287722587585,nan,nan
0,4022,2019-03-10,9.253000259399414,4.679618835449219,0.0005543187726289034,0.25404083728790283,nan,nan
0,4022,2019-03-11,6.140999794006348,5.679660797119141,0.00088388507720083,0.11734465509653091,nan,nan
0,4022,2019-03-12,3.75,5.549867630004883,0.0009208631236106157,0.06980902701616287,nan,nan
0,4022,2019-03-13,3.0950000286102295,4.7277140617370605,0.0008083944558165967,0.39748871326446533,nan,nan
0,4022,2019-03-14,4.114999771118164,4.265071392059326,0.0006884033791720867,0.2455216646194458,nan,nan
0,4022,2019-03-15,16.445999145507812,4.6513776779174805,0.001063929870724678,0.013291140086948872,nan,nan
0,4022,2019-03-16,9.526000022888184,7.793970584869385,0.016770055517554283,2.196032762527466,nan,nan
0,4022,2019-03-17,5.025000095367432,6.880784511566162,0.05267442762851715,0.0422295406460762,nan,nan
0,4022,2019-03-18,6.363999843597412,6.677093029022217,0.04940151795744896,0.6020987033843994,nan,nan
0,4022,2019-03-19,4.118000030517578,6.2030463218688965,0.04265766590833664,0.28937390446662903,nan,nan
0,4022,2019-03-20,2.808000087738037,5.369121551513672,0.03487319126725197,0.5485491752624512,nan,nan
0,4022,2019-03-21,2.135999917984009,4.774868965148926,0.027721747756004333,0.6531696319580078,nan,nan
0,4022,2019-03-22,1.715999960899353,4.105743885040283,0.02220998890697956,0.5530635118484497,nan,nan
0,4022,2019-03-23,1.5529999732971191,3.6546311378479004,0.018023857846856117,0.4822022318840027,nan,nan
0,4022,2019-03-24,1.3530000448226929,3.284679889678955,0.015129747800529003,0.38718271255493164,nan,nan
0,4022,2019-03-25,1.2519999742507935,2.953239917755127,0.01260634046047926,0.3215245306491852,nan,nan
0,4022,2019-03-26,1.0870000123977661,2.9046990871429443,0.01005523931235075,0.2912995517253876,nan,nan
0,4022,2019-03-27,0.9799999594688416,2.647542715072632,0.007975158281624317,0.2813052833080292,nan,nan
0,4022,2019-03-28,0.8949999809265137,2.314802408218384,0.006455080583691597,0.2102598249912262,nan,nan
0,4022,2019-03-29,0.8379999995231628,2.116050958633423,0.005405248608440161,0.17582924664020538,nan,nan
0,4022,2019-03-30,0.7910000085830688,2.1081533432006836,0.004697041120380163,0.18245498836040497,nan,nan
0,4022,2019-03-31,0.8259999752044678,2.034921884536743,0.002161729149520397,0.17259128391742706,nan,nan
0,4022,2019-04-01,0.7820000052452087,1.8847401142120361,0.0016705921152606606,0.13574498891830444,nan,nan
0,4022,2019-04-02,0.6520000100135803,1.7607064247131348,0.0013904486550018191,0.11722144484519958,nan,nan
0,4022,2019-04-03,0.5649999976158142,1.6742781400680542,0.0013171134050935507,0.11669453233480453,nan,nan
0,4022,2019-04-04,0.6840000152587891,1.7479695081710815,0.0011650542728602886,0.14204809069633484,nan,nan
0,4022,2019-04-05,0.9160000085830688,2.3978464603424072,0.0027951064985245466,0.0017044066917151213,nan,nan
0,4022,2019-04-06,0.7269999980926514,2.0826141834259033,0.003533643903210759,0.16527707874774933,nan,nan
0,4022,2019-04-07,0.5619999766349792,1.8155522346496582,0.002896011108532548,0.13463915884494781,nan,nan
0,4022,2019-04-08,0.6980000138282776,1.7174549102783203,0.0023672159295529127,0.12634100019931793,nan,nan
0,4022,2019-04-09,0.609000027179718,1.6703009605407715,0.0016238557873293757,0.10360639542341232,nan,nan
0,4022,2019-04-10,0.7129999995231628,1.6113923788070679,0.001298020943067968,0.09768106043338776,nan,nan
0,4022,2019-04-11,0.7300000190734863,1.6406418085098267,0.0010795837733894587,0.05330875143408775,nan,nan
0,4022,2019-04-12,0.5709999799728394,1.5058999061584473,0.0009115894790738821,0.07959224283695221,nan,nan
0,4022,2019-04-13,0.5070000290870667,1.4169368743896484,0.0007656647358089685,0.08164551854133606,nan,nan
0,4022,2019-04-14,0.46699997782707214,1.3481183052062988,0.0002180941664846614,0.0522872693836689,nan,nan
0,4022,2019-04-15,0.46699997782707214,1.4094080924987793,8.40114225866273e-05,0.030193552374839783,nan,nan
0,4022,2019-04-16,0.3799999952316284,1.3115501403808594,6.791044143028557e-05,0.07576534152030945,nan,nan
0,4022,2019-04-17,0.37400001287460327,1.1880296468734741,6.666138506261632e-05,0.06597793847322464,nan,nan
0,4022,2019-04-18,0.3540000021457672,1.1232370138168335,7.020591147011146e-05,0.05773239582777023,nan,nan
0,4022,2019-04-19,0.3009999990463257,1.1215978860855103,9.412884537596256e-05,0.05920962616801262,nan,nan
0,4022,2019-04-20,0.3009999990463257,1.1653711795806885,0.00013203456182964146,0.06997202336788177,nan,nan
0,4022,2019-04-21,0.3009999990463257,1.164565920829773,0.00019440194591879845,0.06985610723495483,nan,nan
0,4022,2019-04-22,0.3009999990463257,1.2035512924194336,0.0002625230117700994,0.07557807862758636,nan,nan
0,4022,2019-04-23,0.29600000381469727,1.2005764245986938,0.00038971976027823985,0.07513352483510971,nan,nan
0,4022,2019-04-24,0.2750000059604645,1.1956595182418823,0.0005430334713310003,0.07487981766462326,nan,nan
0,4022,2019-04-25,0.2639999985694885,1.1604934930801392,0.0008878138032741845,0.07168769836425781,nan,nan
0,4022,2019-04-26,0.41999998688697815,1.1292766332626343,0.001277367351576686,0.06821180880069733,nan,nan
0,4022,2019-04-27,0.3709999918937683,1.4784245491027832,0.0026173810474574566,0.012359824031591415,nan,nan
0,4022,2019-04-28,0.7480000257492065,1.4241431951522827,0.002451338805258274,0.005830470006912947,nan,nan
0,4022,2019-04-29,0.6579999923706055,1.2693514823913574,0.001966009149327874,0.01036926917731762,nan,nan
0,4022,2019-04-30,0.6639999747276306,1.2018760442733765,0.0015992146218195558,0.010463586077094078,nan,nan
0,4022,2019-05-01,0.5329999923706055,1.1375153064727783,0.0012699298094958067,0.030488179996609688,nan,nan
0,4022,2019-05-02,0.3970000147819519,0.9700800776481628,0.0012103526387363672,0.029157543554902077,nan,nan
0,4022,2019-05-03,0.8640000224113464,1.156298041343689,0.0011384597746655345,2.2171661839820445e-05,nan,nan
0,4022,2019-05-04,0.9270000457763672,1.202140212059021,0.0006845470052212477,0.0013131947489455342,nan,nan
0,4022,2019-05-05,1.5420000553131104,1.5504579544067383,0.0009399273549206555,0.051119834184646606,nan,nan
0,4022,2019-05-06,1.1619999408721924,1.468899130821228,0.0009893119568005204,3.877857125189621e-06,nan,nan
0,4022,2019-05-07,0.7770000100135803,1.271437644958496,0.0008186049526557326,0.020358871668577194,nan,nan
0,4022,2019-05-08,0.6000000238418579,1.266331672668457,0.00074511778075248,0.0435493029654026,nan,nan
0,4022,2019-05-09,0.6430000066757202,1.4607360363006592,0.0006562224007211626,0.022326400503516197,nan,nan
0,4022,2019-05-10,0.7739999890327454,1.468857765197754,0.0005390697042457759,0.05442038178443909,nan,nan
0,4022,2019-05-11,1.4290000200271606,1.4097710847854614,0.00042926226160489023,0.05249576270580292,nan,nan
0,4022,2019-05-12,4.673999786376953,1.8432507514953613,0.0006128973909653723,0.026079850271344185,nan,nan
0,4022,2019-05-13,2.5439999103546143,2.385828733444214,0.0006844651070423424,0.25841590762138367,nan,nan
0,4023,2018-10-19,0.527999997138977,0.9765718579292297,0.0011901621473953128,0.029945597052574158,nan,nan
0,4023,2018-10-20,0.5239999890327454,1.0207641124725342,0.0009868593188002706,0.03438316658139229,nan,nan
0,4023,2018-10-21,0.5180000066757202,1.0169367790222168,0.000646711268927902,0.03425658494234085,nan,nan
0,4023,2018-10-22,0.515999972820282,1.0582373142242432,0.00043476434075273573,0.03895783796906471,nan,nan
0,4023,2018-10-23,0.5109999775886536,0.9520408511161804,0.00020163763838354498,0.028500622138381004,nan,nan
0,4023,2018-10-24,0.5600000023841858,0.8600354194641113,0.00011189182987436652,0.020924488082528114,nan,nan
0,4023,2018-10-25,0.5630000233650208,0.8950110673904419,9.077512368094176e-05,0.002325027948245406,nan,nan
0,4023,2018-10-26,0.5289999842643738,0.8798205852508545,8.094841177808121e-05,0.0198630653321743,nan,nan
0,4023,2018-10-27,0.7549999952316284,0.9297783970832825,6.990242400206625e-05,0.02424328774213791,nan,nan
0,4023,2018-10-28,0.9570000171661377,1.5570142269134521,0.0005997144035063684,0.15102510154247284,nan,nan
0,4023,2018-10-29,0.7210000157356262,1.412703514099121,0.001132000470533967,0.02313469909131527,nan,nan
0,4023,2018-10-30,1.2549999952316284,1.5972810983657837,0.0015905420295894146,6.66529595036991e-05,nan,nan
0,4023,2018-10-31,0.6970000267028809,1.3430709838867188,0.000881833431776613,0.021288029849529266,nan,nan
0,4023,2018-11-01,0.6259999871253967,1.1715643405914307,0.0004159754898864776,0.03876667469739914,nan,nan
0,4023,2018-11-02,0.578000009059906,1.1546517610549927,0.00035643880255520344,0.04190896824002266,nan,nan
0,4023,2018-11-03,0.5649999976158142,1.0819131135940552,0.00031088662217371166,0.03737243637442589,nan,nan
0,4023,2018-11-04,0.5550000071525574,1.0769996643066406,0.00027265376411378384,0.037736017256975174,nan,nan
0,4023,2018-11-05,0.550000011920929,1.0891327857971191,0.00023972845519892871,0.03972470387816429,nan,nan
0,4023,2018-11-06,0.5379999876022339,1.0617388486862183,0.00021455608657561243,0.03714456781744957,nan,nan
0,4023,2018-11-07,0.5270000100135803,1.0689382553100586,0.00021259220375213772,0.03872606158256531,nan,nan
0,4023,2018-11-08,0.5289999842643738,1.168168544769287,0.0001860699412645772,0.05095171183347702,nan,nan
0,4023,2018-11-09,0.5210000276565552,1.1419583559036255,0.00016391061944887042,0.04762890934944153,nan,nan
0,4023,2018-11-10,0.5139999985694885,1.0734225511550903,0.00014358166663441807,0.04039522632956505,nan,nan
0,4023,2018-11-11,0.5080000162124634,1.0091476440429688,0.0001255845563719049,0.03411984071135521,nan,nan
0,4023,2018-11-12,0.5080000162124634,1.0288653373718262,0.0001102392707252875,0.03653177618980408,nan,nan
0,4023,2018-11-13,0.49900001287460327,1.0132629871368408,9.798870451049879e-05,0.03492636978626251,nan,nan
0,4023,2018-11-14,0.5,1.0704573392868042,8.739625627640635e-05,0.0390210784971714,nan,nan
0,4023,2018-11-15,0.5009999871253967,1.023419976234436,7.820658356649801e-05,0.0365004800260067,nan,nan
0,4023,2018-11-16,0.4960000216960907,0.9917776584625244,7.16594877303578e-05,0.03321981802582741,nan,nan
0,4023,2018-11-17,0.492000013589859,0.9615928530693054,6.660680082859471e-05,0.030597727745771408,nan,nan
0,4023,2018-11-18,0.4829999804496765,0.9127081632614136,6.109454989200458e-05,0.026346486061811447,nan,nan
0,4023,2018-11-19,0.48500001430511475,0.8675740957260132,5.681963375536725e-05,0.022984404116868973,nan,nan
0,4023,2018-11-20,0.48399999737739563,0.8193210363388062,5.266226798994467e-05,0.017961792647838593,nan,nan
0,4023,2018-11-21,0.47700002789497375,0.7837125062942505,4.878617619397119e-05,0.016539059579372406,nan,nan
0,4023,2018-11-22,0.47700002789497375,0.7854574918746948,4.49109029432293e-05,0.016979265958070755,nan,nan
0,4023,2018-11-23,0.4790000021457672,0.841804563999176,3.926956924260594e-05,0.02121157757937908,nan,nan
0,4023,2018-11-24,0.4970000386238098,0.9025121331214905,3.497682337183505e-05,0.026184486225247383,nan,nan
0,4023,2018-11-25,0.492000013589859,1.057828664779663,3.375682354089804e-05,0.028732890263199806,nan,nan
0,4023,2018-11-26,0.49399998784065247,1.0335445404052734,1.2171346497780178e-05,0.03810583055019379,nan,nan
0,4023,2018-11-27,0.5270000100135803,1.143610954284668,6.291786121437326e-06,0.009749215096235275,nan,nan
0,4023,2018-11-28,0.5180000066757202,1.2352186441421509,7.257011020556092e-06,0.003496204735711217,nan,nan
0,4023,2018-11-29,0.4960000216960907,1.15395188331604,6.652442152699223e-06,0.0499211885035038,nan,nan
0,4023,2018-11-30,0.5339999794960022,1.1289619207382202,6.388667316059582e-06,0.048611074686050415,nan,nan
0,4023,2018-12-01,0.7559999823570251,1.1940215826034546,6.82907329974114e-06,0.02155051939189434,nan,nan
0,4023,2018-12-02,0.8109999895095825,1.2236119508743286,6.9902916948194616e-06,0.026062753051519394,nan,nan
0,4023,2018-12-03,6.3979997634887695,1.8933161497116089,0.00011430001177359372,0.08859939873218536,nan,nan
0,4023,2018-12-04,5.474999904632568,3.1983518600463867,0.000630146125331521,0.9674381613731384,nan,nan
0,4023,2018-12-05,4.0370001792907715,3.7237749099731445,0.0010660849511623383,0.12295865267515182,nan,nan
0,4023,2018-12-06,2.4210000038146973,3.4552526473999023,0.001043011317960918,0.02808544598519802,nan,nan
0,4023,2018-12-07,1.7710000276565552,3.153510093688965,0.0009529999806545675,0.09455550462007523,nan,nan
0,4023,2018-12-08,3.250999927520752,2.953197479248047,0.0008288421086035669,0.1345054805278778,nan,nan
0,4023,2018-12-09,7.666999816894531,3.036576986312866,0.0007667657337151468,0.003850508015602827,nan,nan
0,4023,2018-12-10,7.781999588012695,4.102853298187256,0.0018120696768164635,0.5564558506011963,nan,nan
0,4023,2018-12-11,3.260999917984009,4.570475101470947,0.0025967489928007126,0.2494010329246521,nan,nan
0,4023,2018-12-12,2.0940001010894775,3.8507745265960693,0.0027403957210481167,0.11214658617973328,nan,nan
0,4023,2018-12-13,1.5479999780654907,3.008727550506592,0.0022192122414708138,0.2040758579969406,nan,nan
0,4023,2018-12-14,1.2200000286102295,2.5202455520629883,0.0017934470670297742,0.17225782573223114,nan,nan
0,4023,2018-12-15,1.0549999475479126,2.149585723876953,0.0014563043368980289,0.13805708289146423,nan,nan
0,4023,2018-12-16,1.0019999742507935,1.8521860837936401,0.0013124876422807574,0.04175727441906929,nan,nan
0,4023,2018-12-17,0.9760000109672546,1.6798028945922852,0.0012673758901655674,0.008007064461708069,nan,nan
0,4023,2018-12-18,0.9179999828338623,1.543866753578186,0.001094304141588509,0.04428696259856224,nan,nan
0,4023,2018-12-19,0.8629999756813049,1.450165033340454,0.0008899032836779952,0.05429729446768761,nan,nan
0,4023,2018-12-20,1.0260000228881836,1.4586654901504517,0.0007312158704735339,0.04661983251571655,nan,nan
0,4023,2018-12-21,2.3989999294281006,1.5108150243759155,0.0006128302775323391,0.03441803157329559,nan,nan
0,4023,2018-12-22,8.527999877929688,2.067594528198242,0.0009062880417332053,0.0661679208278656,nan,nan
0,4023,2018-12-23,0.0,3.1764326095581055,0.0014224537881091237,0.8206623792648315,nan,nan
0,4023,2018-12-24,3.1519999504089355,4.5337700843811035,0.02760710008442402,0.05523011088371277,nan,nan
0,4023,2019-03-30,2.309000015258789,3.330784320831299,0.026587480679154396,0.2420223504304886,nan,nan
0,4023,2019-03-31,2.4000000953674316,3.305025577545166,0.01488514244556427,0.24546930193901062,nan,nan
0,4023,2019-04-01,2.4149999618530273,3.15118670463562,0.010459087789058685,0.19153383374214172,nan,nan
0,4023,2019-04-02,2.321000099182129,3.0311155319213867,0.00796321127563715,0.16187533736228943,nan,nan
0,4023,2019-04-03,2.200000047683716,2.8738181591033936,0.006902932655066252,0.1413574367761612,nan,nan
0,4023,2019-04-04,1.9970000982284546,2.9719178676605225,0.005431858357042074,0.179655060172081,nan,nan
0,4023,2019-04-05,1.7130000591278076,3.837111711502075,0.010265041142702103,0.04241681843996048,nan,nan
0,4023,2019-04-06,1.562999963760376,3.3426499366760254,0.010760013945400715,0.3721157908439636,nan,nan
0,4023,2019-04-07,1.6519999504089355,2.90484881401062,0.008125503547489643,0.26739373803138733,nan,nan
0,4023,2019-04-08,2.059999942779541,2.675516366958618,0.006176524329930544,0.1928083896636963,nan,nan
0,4023,2019-04-09,1.690999984741211,2.5873990058898926,0.0029939303640276194,0.09750896692276001,nan,nan
0,4023,2019-04-10,1.8910000324249268,2.4650990962982178,0.0021543260663747787,0.1199219822883606,nan,nan
0,4023,2019-04-11,1.8250000476837158,2.4620330333709717,0.0014996763784438372,0.06386326998472214,nan,nan
0,4023,2019-04-12,1.4589999914169312,2.2810237407684326,0.0011964114382863045,0.09086523205041885,nan,nan
0,4023,2019-04-13,1.2710000276565552,2.1637353897094727,0.0009421433205716312,0.11127393692731857,nan,nan
0,4023,2019-04-14,1.2259999513626099,1.9742016792297363,0.0003009969077538699,0.07595633715391159,nan,nan
0,4023,2019-04-15,1.1150000095367432,2.0080761909484863,8.130093920044601e-05,0.04657908156514168,nan,nan
0,4023,2019-04-16,1.1629999876022339,1.8396450281143188,5.454993879538961e-05,0.0933760330080986,nan,nan
0,4023,2019-04-17,1.184999942779541,1.6408158540725708,5.483820859808475e-05,0.05907457321882248,nan,nan
0,4023,2019-04-18,1.1319999694824219,1.5545966625213623,5.348760532797314e-05,0.046540845185518265,nan,nan
0,4023,2019-04-19,1.062999963760376,1.5349637269973755,7.208510942291468e-05,0.04825329780578613,nan,nan
0,4023,2019-04-20,1.0169999599456787,1.5979419946670532,9.997702727559954e-05,0.06194445863366127,nan,nan
0,4023,2019-04-21,0.9710000157356262,1.5860682725906372,0.00014942293637432158,0.06436686217784882,nan,nan
0,4023,2019-04-22,0.925000011920929,1.6351251602172852,0.00020466471323743463,0.07568614184856415,nan,nan
0,4023,2019-04-23,0.9079999923706055,1.6281977891921997,0.0002916001540143043,0.07911691814661026,nan,nan
0,4023,2019-04-24,0.8489999771118164,1.611717939376831,0.0003773935604840517,0.07826971262693405,nan,nan
0,4023,2019-04-25,0.8339999914169312,1.5315333604812622,0.0005727753159590065,0.07196806371212006,nan,nan
0,4023,2019-04-26,0.9860000610351562,1.449420690536499,0.0008193213143385947,0.0617738775908947,nan,nan
0,4023,2019-04-27,0.925000011920929,1.912671685218811,0.0020488970912992954,0.01593003422021866,nan,nan
0,4023,2019-04-28,1.3289999961853027,1.832558274269104,0.0020202603191137314,0.004624551627784967,nan,nan
0,4023,2019-04-29,1.1820000410079956,1.6334202289581299,0.001654716208577156,0.004736289847642183,nan,nan
0,4023,2019-04-30,1.4220000505447388,1.5398790836334229,0.0013977474300190806,0.0046328273601830006,nan,nan
0,4023,2019-05-01,1.1169999837875366,1.4545150995254517,0.0011285071959719062,0.011455660685896873,nan,nan
0,4023,2019-05-02,0.9240000247955322,1.2171897888183594,0.0011030366877093911,0.01844034530222416,nan,nan
0,4023,2019-05-03,2.513000011444092,1.4695391654968262,0.0010766463819891214,0.0006859852583147585,nan,nan
0,4023,2019-05-04,2.3010001182556152,1.670149564743042,0.0006994084687903523,0.040208905935287476,nan,nan
0,4023,2019-05-05,3.0789999961853027,2.125488042831421,0.0008645760826766491,0.08584669977426529,nan,nan
0,4023,2019-05-06,2.546999931335449,2.1051628589630127,0.0008894815109670162,0.024733098223805428,nan,nan
0,4023,2019-05-07,2.0869998931884766,1.8401230573654175,0.0007357779541052878,0.00303041678853333,nan,nan
0,4023,2019-05-08,1.5679999589920044,1.8154224157333374,0.0006540047470480204,0.01660071685910225,nan,nan
0,4023,2019-05-09,1.3930000066757202,1.9961626529693604,0.000542508321814239,0.03192766755819321,nan,nan
0,4023,2019-05-10,1.7200000286102295,2.0072827339172363,0.00042774659232236445,0.04969946667551994,nan,nan
0,4023,2019-05-11,1.7100000381469727,1.9413365125656128,0.0003355687076691538,0.03396836668252945,nan,nan
0,4023,2019-05-12,10.456999778747559,2.457134485244751,0.0005492673953995109,0.006699379999190569,nan,nan
0,4023,2019-05-13,4.275000095367432,4.108586311340332,0.0019223896088078618,1.548469066619873,nan,nan
0,4023,2019-05-14,2.5480000972747803,3.371947765350342,0.004088788293302059,0.028743084520101547,nan,nan
0,5001,2018-10-19,0.04699999839067459,0.526012122631073,9.376502566738054e-05,0.018353881314396858,nan,nan
0,5001,2018-10-20,0.05299999937415123,0.5578448176383972,8.04560404503718e-05,0.020625587552785873,nan,nan
0,5001,2018-10-21,0.04399999976158142,0.5384068489074707,6.994744035182521e-05,0.01884440891444683,nan,nan
0,5001,2018-10-22,0.057999998331069946,0.5348641276359558,6.673522875644267e-05,0.019012542441487312,nan,nan
0,5001,2018-10-23,0.05299999937415123,0.4871184527873993,5.497187885339372e-05,0.014991373755037785,nan,nan
0,5001,2018-10-24,0.04699999839067459,0.46986058354377747,4.89864542032592e-05,0.014069978147745132,nan,nan
0,5001,2018-10-25,0.05299999937415123,0.46711647510528564,4.5734719606116414e-05,0.014142024330794811,nan,nan
0,5001,2018-10-26,0.06700000166893005,0.47287771105766296,4.1023398807737976e-05,0.014265482313930988,nan,nan
0,5001,2018-10-27,0.11800000071525574,0.5418093800544739,3.720656968653202e-05,0.005978982895612717,nan,nan
0,5001,2018-10-28,0.09300000220537186,0.897114098072052,0.0002660663449205458,0.1826343983411789,nan,nan
0,5001,2018-10-29,0.0820000022649765,0.9285590648651123,0.00041234761010855436,0.0027654010336846113,nan,nan
0,5001,2018-10-30,0.08699999749660492,0.9261257648468018,0.00045780636719428003,0.0030340743251144886,nan,nan
0,5001,2018-10-31,0.06700000166893005,0.7367734909057617,0.00043179484782740474,0.023365842178463936,nan,nan
0,5001,2018-11-01,0.10599999874830246,0.6620777249336243,0.00033862944110296667,0.02354791760444641,nan,nan
0,5001,2018-11-02,0.06700000166893005,0.712851881980896,0.00031510984990745783,0.0018413220532238483,nan,nan
0,5001,2018-11-03,0.06700000166893005,0.6541703939437866,0.00027506164042279124,0.02766723930835724,nan,nan
0,5001,2018-11-04,0.06700000166893005,0.6247847080230713,0.00022839909070171416,0.0250703077763319,nan,nan
0,5001,2018-11-05,0.06700000166893005,0.6184624433517456,0.00019183238327968866,0.02452831156551838,nan,nan
0,5001,2018-11-06,0.07500000298023224,0.6207617521286011,0.00016072503058239818,0.024724742397665977,nan,nan
0,5001,2018-11-07,0.1509999930858612,0.6932455897331238,0.0001416733139194548,0.011720288544893265,nan,nan
0,5001,2018-11-08,0.20600000023841858,1.1249456405639648,0.0005686994991265237,0.11101755499839783,nan,nan
0,5001,2018-11-09,0.12000000476837158,0.95474773645401,0.0010073218727484345,0.050095461308956146,nan,nan
0,5001,2018-11-10,0.10400000214576721,0.8257544636726379,0.000833627418614924,0.04151899367570877,nan,nan
0,5001,2018-11-11,0.22599999606609344,0.9325114488601685,0.0009694438194856048,0.0008315129089169204,nan,nan
0,5001,2018-11-12,0.3479999899864197,0.9436715245246887,0.0008843344985507429,0.007650555577129126,nan,nan
0,5001,2018-11-13,0.1550000011920929,0.8918728828430176,0.0007612137123942375,0.03306955471634865,nan,nan
0,5001,2018-11-14,0.16599999368190765,0.9362916946411133,0.0007614132482558489,0.006364472210407257,nan,nan
0,5001,2018-11-15,0.14000000059604645,0.8443848490715027,0.0006699960213154554,0.040313176810741425,nan,nan
0,5001,2018-11-16,0.09799999743700027,0.8164460062980652,0.0005612917011603713,0.03909620642662048,nan,nan
0,5001,2018-11-17,0.08900000154972076,0.7698229551315308,0.0004715435206890106,0.03701339289546013,nan,nan
0,5001,2018-11-18,0.08900000154972076,0.7247792482376099,0.00039959841524250805,0.03301608934998512,nan,nan
0,5001,2018-11-19,0.0949999988079071,0.7005091309547424,0.00033894984517246485,0.030658986419439316,nan,nan
0,5001,2018-11-20,0.11800000071525574,0.7209286093711853,0.00042609553202055395,0.004053694661706686,nan,nan
0,5001,2018-11-21,0.1509999930858612,0.6294053196907043,0.000412802241044119,0.01187713909894228,nan,nan
0,5001,2018-11-22,0.09799999743700027,0.6477227210998535,0.0003703705151565373,0.009326715022325516,nan,nan
0,5001,2018-11-23,0.5239999890327454,0.6710960268974304,0.00032476388150826097,0.02739541418850422,nan,nan
0,5001,2018-11-24,1.3639999628067017,1.3356724977493286,0.010479751043021679,0.5388314723968506,nan,nan
0,5001,2018-11-25,1.0049999952316284,1.2224140167236328,0.03724755719304085,0.008832733146846294,nan,nan
0,5001,2018-11-26,0.5189999938011169,1.1001229286193848,0.025084132328629494,0.0066436054185032845,nan,nan
0,5001,2018-11-27,0.3190000057220459,1.0852959156036377,0.019603315740823746,0.013792183250188828,nan,nan
0,5001,2018-11-28,0.2460000067949295,0.9746536612510681,0.016416624188423157,0.03766845166683197,nan,nan
0,5001,2018-11-29,0.1889999955892563,0.9403648972511292,0.013141155242919922,0.045327965170145035,nan,nan
0,5001,2018-11-30,0.19699999690055847,0.8444319367408752,0.010906216688454151,0.03871777653694153,nan,nan
0,5001,2018-12-01,0.20000000298023224,0.8672456741333008,0.0091642951592803,0.02848563715815544,nan,nan
0,5001,2018-12-02,1.13100004196167,0.9763847589492798,0.008719710633158684,0.0010178826050832868,nan,nan
0,5001,2018-12-03,9.756999969482422,2.802574634552002,0.1757470667362213,0.4142592251300812,nan,nan
0,5001,2018-12-04,10.333999633789062,7.7656474113464355,0.5078202486038208,0.3120698630809784,nan,nan
0,5001,2018-12-05,3.992999792098999,6.178572654724121,0.5968486666679382,0.09793401509523392,nan,nan
0,5001,2018-12-06,4.5879998207092285,4.1262431144714355,0.575748860836029,0.05631975084543228,nan,nan
0,5001,2018-12-07,3.68500018119812,3.946012258529663,0.4797815978527069,0.0007503947126679122,nan,nan
0,5001,2018-12-08,2.880000114440918,3.343478202819824,0.3974612057209015,0.0020722709596157074,nan,nan
0,5001,2018-12-09,7.168000221252441,3.801386594772339,0.4130822420120239,0.0015427630860358477,nan,nan
0,5001,2018-12-10,11.12600040435791,13.062660217285156,0.8421240448951721,1.1278470754623413,nan,nan
0,5001,2018-12-11,5.1579999923706055,6.804057598114014,0.9166099429130554,0.35766950249671936,nan,nan
0,5001,2018-12-12,3.3410000801086426,4.081210613250732,0.9057786464691162,0.04327928274869919,nan,nan
0,5001,2018-12-13,2.5360000133514404,2.725879669189453,0.8656686544418335,0.02470157854259014,nan,nan
0,5001,2018-12-14,1.9789999723434448,2.4075968265533447,0.8128271102905273,0.044706255197525024,nan,nan
0,5001,2018-12-15,1.7860000133514404,2.0501248836517334,0.7487173676490784,0.04478849843144417,nan,nan
0,5001,2018-12-16,2.0739998817443848,3.0234622955322266,0.7525757551193237,0.010206129401922226,nan,nan
0,5001,2018-12-17,2.2139999866485596,2.843137502670288,0.7072071433067322,0.0655766949057579,nan,nan
0,5001,2018-12-18,1.809999942779541,2.5874688625335693,0.6292853951454163,0.06498321890830994,nan,nan
0,5001,2018-12-19,2.2809998989105225,1.5835469961166382,0.5289385318756104,0.013044851832091808,nan,nan
0,5001,2018-12-20,2.384999990463257,2.6677396297454834,0.6782545447349548,0.1128750666975975,nan,nan
0,5001,2018-12-21,5.605999946594238,1.805357813835144,0.6826413869857788,0.00013032081187702715,nan,nan
0,5001,2018-12-22,19.246000289916992,18.25353240966797,0.9783703684806824,6.975192070007324,nan,nan
0,5001,2018-12-23,12.119999885559082,10.679267883300781,0.9940943121910095,0.5957528948783875,nan,nan
0,5001,2018-12-24,17.10300064086914,9.820417404174805,0.9947919249534607,0.0004287145857233554,nan,nan
0,5001,2018-12-25,7.839999675750732,8.593353271484375,0.9961726069450378,0.762637734413147,nan,nan
0,5001,2018-12-26,4.138000011444092,3.6637704372406006,0.9959384202957153,0.14065739512443542,nan,nan
0,5001,2018-12-27,3.003999948501587,2.935891628265381,0.993770182132721,0.005598876159638166,nan,nan
0,5001,2018-12-28,2.428999900817871,1.7793724536895752,0.9903966188430786,0.001720560248941183,nan,nan
0,5001,2018-12-29,1.965999960899353,2.460643768310547,0.9852361679077148,0.05983252078294754,nan,nan
0,5001,2018-12-30,1.531000018119812,2.6769275665283203,0.977540910243988,0.14785674214363098,nan,nan
0,5001,2018-12-31,1.3380000591278076,3.0091471672058105,0.9671182632446289,0.30370256304740906,nan,nan
0,5001,2019-01-01,1.222000002861023,1.5162806510925293,0.928543210029602,0.03187040612101555,nan,nan
0,5001,2019-01-02,1.128999948501587,0.7483754754066467,0.8787120580673218,0.00015837766113691032,nan,nan
0,5001,2019-01-03,1.0089999437332153,1.0209994316101074,0.7882262468338013,0.006446903571486473,nan,nan
0,5001,2019-01-04,0.8740000128746033,1.4999492168426514,0.7027778029441833,0.053668830543756485,nan,nan
0,5001,2019-01-05,0.8100000023841858,1.058755874633789,0.6233817338943481,0.018280303105711937,nan,nan
0,5001,2019-01-06,0.7720000147819519,1.2680894136428833,0.5399667620658875,0.040674205869436264,nan,nan
0,5001,2019-01-07,0.7369999885559082,1.114716649055481,0.45918527245521545,0.02832184173166752,nan,nan
0,5001,2019-01-08,0.7540000081062317,1.3668406009674072,0.2840549349784851,0.057257749140262604,nan,nan
0,5001,2019-01-09,0.7319999933242798,1.5385730266571045,0.22908082604408264,0.002241638023406267,nan,nan
0,5001,2019-01-10,0.6430000066757202,1.5898339748382568,0.17712464928627014,0.001612817868590355,nan,nan
0,5001,2019-01-11,0.6060000061988831,1.546045184135437,0.14699575304985046,0.09461366385221481,nan,nan
0,5001,2019-01-12,0.5699999928474426,1.4393283128738403,0.11677994579076767,0.07179084420204163,nan,nan
0,5001,2019-01-13,1.128999948501587,1.7835875749588013,0.13550889492034912,2.0086976292077452e-05,nan,nan
0,5001,2019-01-14,2.555999994277954,3.301053285598755,0.3696196377277374,0.07938181608915329,nan,nan
0,5001,2019-01-15,2.2739999294281006,2.4152050018310547,0.46935442090034485,0.0019924906082451344,nan,nan
0,5001,2019-01-16,1.815000057220459,1.9760205745697021,0.387971431016922,0.019551193341612816,nan,nan
0,5001,2019-01-17,1.4800000190734863,2.0188093185424805,0.3149552047252655,0.051079101860523224,nan,nan
0,5001,2019-01-18,1.2619999647140503,1.9626322984695435,0.21545372903347015,0.008156870491802692,nan,nan
0,5001,2019-01-19,1.1449999809265137,1.9385097026824951,0.12089689075946808,0.09409847110509872,nan,nan
0,5001,2019-01-20,1.0379999876022339,1.6199066638946533,0.028982199728488922,0.057845987379550934,nan,nan
0,5001,2019-01-21,0.9339999556541443,1.4782798290252686,0.0044716945849359035,0.048704467713832855,nan,nan
0,5001,2019-01-22,0.902999997138977,1.237810492515564,0.002375945681706071,0.030081508681178093,nan,nan
0,5001,2019-01-23,0.9179999828338623,1.0791712999343872,0.0014121150597929955,0.01758553273975849,nan,nan
0,5001,2019-01-24,0.8410000205039978,1.1352471113204956,0.0009925502818077803,0.0001589116291143,nan,nan
0,5001,2019-01-25,0.7369999885559082,1.0912833213806152,0.0008360110223293304,0.022450465708971024,nan,nan
0,5001,2019-01-26,0.6610000133514404,0.9566011428833008,0.0007095492910593748,0.016026416793465614,nan,nan
0,5001,2019-01-27,0.9540000557899475,0.9081025123596191,0.0006193381850607693,0.008625091053545475,nan,nan
0,5001,2019-01-28,1.055999994277954,1.5332039594650269,0.005949359852820635,0.35520175099372864,nan,nan
0,5001,2019-01-29,0.9430000185966492,1.5376945734024048,0.011197417043149471,0.005149217322468758,nan,nan
0,5001,2019-01-30,0.9760000109672546,1.64678156375885,0.013814256526529789,0.006078832782804966,nan,nan
0,5001,2019-01-31,1.0210000276565552,1.6654795408248901,0.012840432114899158,0.001703605754300952,nan,nan
0,5001,2019-02-01,2.5759999752044678,1.9324028491973877,0.0211492907255888,0.03475300967693329,nan,nan
0,5001,2019-02-02,2.2760000228881836,3.9505152702331543,0.17263026535511017,0.2774074971675873,nan,nan
0,5001,2019-02-03,2.0190000534057617,2.8571743965148926,0.303327351808548,0.02022036723792553,nan,nan
0,5001,2019-02-04,1.7079999446868896,2.369542121887207,0.2433372288942337,0.05106402188539505,nan,nan
0,5001,2019-02-05,1.5,2.083960771560669,0.19168832898139954,0.07197336107492447,nan,nan
0,5001,2019-02-06,1.3380000591278076,1.8368006944656372,0.1493050754070282,0.05636383965611458,nan,nan
0,5001,2019-02-07,1.3179999589920044,1.6586686372756958,0.10845907777547836,0.0472107008099556,nan,nan
0,5001,2019-02-08,1.3020000457763672,1.7553764581680298,0.09651385992765427,3.458599530858919e-05,nan,nan
0,5001,2019-02-09,1.253000020980835,1.6017926931381226,0.07541423290967941,0.031331729143857956,nan,nan
0,5001,2019-02-10,1.8079999685287476,1.528019666671753,0.056919801980257034,0.03472490236163139,nan,nan
0,5001,2019-02-11,3.3459999561309814,2.0312798023223877,0.07204680889844894,0.08375514298677444,nan,nan
0,5001,2019-02-12,2.5820000171661377,1.962122917175293,0.05187208950519562,0.0189617108553648,nan,nan
0,5001,2019-02-13,2.135999917984009,1.840019941329956,0.027446147054433823,0.002390699228271842,nan,nan
0,5001,2019-02-14,1.819000005722046,1.6397888660430908,0.02087358571588993,0.005250474903732538,nan,nan
0,5001,2019-02-15,1.6859999895095825,1.45039701461792,0.0162521842867136,0.005836326628923416,nan,nan
0,5001,2019-02-16,1.774999976158142,1.4337552785873413,0.012262297794222832,0.009052806533873081,nan,nan
0,5001,2019-02-17,2.0369999408721924,1.472251534461975,0.00924654956907034,0.008108332753181458,nan,nan
0,5001,2019-02-18,2.1740000247955322,1.4259753227233887,0.007148141041398048,0.000997921684756875,nan,nan
0,5001,2019-02-19,2.1760001182556152,1.4637165069580078,0.00554926972836256,0.0003197846526745707,nan,nan
0,5001,2019-02-20,2.003000020980835,1.4363912343978882,0.004323454108089209,0.00010190100147156045,nan,nan
0,5001,2019-02-21,1.9479999542236328,1.4679055213928223,0.0033772895112633705,0.0023965348955243826,nan,nan
0,5001,2019-02-22,2.11899995803833,1.547196388244629,0.0025682905688881874,0.006426301784813404,nan,nan
0,5001,2019-02-23,2.3580000400543213,1.5655972957611084,0.001987478230148554,0.00305158831179142,nan,nan
0,5001,2019-02-24,1.9590001106262207,1.460409164428711,0.0015977885341271758,0.00023179753043223172,nan,nan
0,5001,2019-02-25,1.7389999628067017,1.4657782316207886,0.0012863611336797476,0.003144641174003482,nan,nan
0,5001,2019-02-26,1.6109999418258667,1.389503002166748,0.0004627660964615643,0.005449966993182898,nan,nan
0,5001,2019-02-27,1.7970000505447388,1.3541067838668823,0.0002160717558581382,0.007498554419726133,nan,nan
0,5001,2019-02-28,2.203000068664551,1.423101782798767,0.00017377677431795746,0.005302325822412968,nan,nan
0,5001,2019-03-01,2.489000082015991,1.478344202041626,0.00014169912901706994,0.00028183619724586606,nan,nan
0,5001,2019-03-02,2.4030001163482666,1.8972421884536743,0.00017779666814021766,0.031891994178295135,nan,nan
0,5001,2019-03-03,1.8530000448226929,1.7532540559768677,7.859767356421798e-05,0.0032046292908489704,nan,nan
0,5001,2019-03-04,1.7480000257492065,1.5929062366485596,2.44349521381082e-05,0.011932266876101494,nan,nan
0,5001,2019-03-05,1.5859999656677246,1.6466434001922607,2.2730502678314224e-05,0.0005446459399536252,nan,nan
0,5001,2019-03-06,1.3509999513626099,1.4867384433746338,2.531482641643379e-05,0.016147276386618614,nan,nan
0,5001,2019-03-07,2.322999954223633,1.783301830291748,4.3001087760785595e-05,0.012213388457894325,nan,nan
0,5001,2019-03-08,2.5290000438690186,1.745405912399292,5.298905307427049e-05,0.00010099667269969359,nan,nan
0,5001,2019-03-09,1.9569998979568481,1.6592495441436768,4.265226743882522e-05,8.040580723900348e-05,nan,nan
0,5001,2019-03-10,6.301000118255615,2.0097246170043945,7.257752440636978e-05,0.01517346128821373,nan,nan
0,5001,2019-03-11,5.015999794006348,2.4973130226135254,0.00010530588770052418,0.34236252307891846,nan,nan
0,5001,2019-03-12,2.8380000591278076,2.7825539112091064,8.684719068696722e-05,0.14747817814350128,nan,nan
0,5001,2019-03-13,2.3380000591278076,2.5208003520965576,7.005911902524531e-05,0.0071973642334342,nan,nan
0,5001,2019-03-14,5.0960001945495605,2.425520181655884,8.655658166389912e-05,0.000700463424436748,nan,nan
0,5001,2019-03-15,16.80299949645996,4.598665714263916,0.01935654692351818,0.9490000605583191,nan,nan
0,5001,2019-03-16,15.815999984741211,6.40492057800293,0.2592294216156006,1.8516898155212402,nan,nan
0,5001,2019-03-17,8.269000053405762,6.896219253540039,0.3254842162132263,0.7944077849388123,nan,nan
0,5001,2019-03-18,4.96999979019165,5.6045823097229,0.3528457283973694,0.008092658594250679,nan,nan
0,5001,2019-03-19,3.260999917984009,4.1325483322143555,0.30607980489730835,0.06480910629034042,nan,nan
0,5001,2019-03-20,2.5199999809265137,3.58332896232605,0.25307393074035645,0.16367241740226746,nan,nan
0,5001,2019-03-21,2.196000099182129,2.8535850048065186,0.220481738448143,0.11265102028846741,nan,nan
0,5001,2019-03-22,2.009999990463257,2.7170636653900146,0.1792212277650833,0.12615804374217987,nan,nan
0,5001,2019-03-23,2.109999895095825,2.2388908863067627,0.1454426348209381,0.06635159254074097,nan,nan
0,5001,2019-03-24,2.2139999866485596,1.901415467262268,0.11997544020414352,0.021970592439174652,nan,nan
0,5001,2019-03-25,2.2100000381469727,1.8227273225784302,0.0982394888997078,0.011794427409768105,nan,nan
0,5001,2019-03-26,1.8880000114440918,1.82738196849823,0.07855042070150375,0.012225566431879997,nan,nan
0,5001,2019-03-27,1.5549999475479126,1.7047737836837769,0.06445815414190292,0.017837848514318466,nan,nan
0,5001,2019-03-28,1.3910000324249268,1.3842716217041016,0.05373869091272354,0.01094264816492796,nan,nan
0,5001,2019-03-29,1.371000051498413,1.3078677654266357,0.04433000087738037,0.012660006061196327,nan,nan
0,5001,2019-03-30,1.4800000190734863,1.4684594869613647,0.03555029630661011,0.025513621047139168,nan,nan
0,5001,2019-03-31,1.5369999408721924,1.4614170789718628,0.026768969371914864,0.019247034564614296,nan,nan
0,5001,2019-04-01,1.63100004196167,1.453389286994934,0.022099995985627174,0.016020305454730988,nan,nan
0,5001,2019-04-02,1.5770000219345093,1.4656879901885986,0.01817084476351738,0.012874377891421318,nan,nan
0,5001,2019-04-03,1.9630001783370972,1.4335805177688599,0.015717312693595886,0.013036595657467842,nan,nan
0,5001,2019-04-04,1.815000057220459,5.727931976318359,0.5701193809509277,0.0312633141875267,nan,nan
0,5001,2019-04-05,1.4240000247955322,1.4494152069091797,0.7824885249137878,0.0499543733894825,nan,nan
0,5001,2019-04-06,1.2020000219345093,1.4503926038742065,0.7124761343002319,0.021180450916290283,nan,nan
0,5001,2019-04-07,1.3359999656677246,1.9562559127807617,0.6394258141517639,0.0959680825471878,nan,nan
0,5001,2019-04-08,1.4579999446868896,1.60881507396698,0.5509395599365234,0.013513961806893349,nan,nan
0,5001,2019-04-09,1.5729999542236328,2.315685510635376,0.45729926228523254,0.1407095491886139,nan,nan
0,5001,2019-04-10,1.5640000104904175,1.6685556173324585,0.37856659293174744,0.031982775777578354,nan,nan
0,5001,2019-04-11,1.5570000410079956,1.4049712419509888,0.306560218334198,0.011808319948613644,nan,nan
0,5001,2019-04-12,1.6200000047683716,1.4804857969284058,0.2586575746536255,0.01701618731021881,nan,nan
0,5001,2019-04-13,1.340000033378601,1.3121298551559448,0.10445650666952133,0.005415914114564657,nan,nan
0,5001,2019-04-14,1.125,1.2091039419174194,0.028240777552127838,0.008941706269979477,nan,nan
0,5001,2019-04-15,0.98499995470047,1.2597668170928955,0.021067550405859947,0.021311383694410324,nan,nan
0,5001,2019-04-16,0.9959999918937683,1.1387288570404053,0.014799896627664566,0.01891825906932354,nan,nan
0,5001,2019-04-17,1.059999942779541,1.0230134725570679,0.011379430070519447,0.010841182433068752,nan,nan
0,5001,2019-04-18,1.1399999856948853,0.9459795355796814,0.009945805184543133,0.005176831968128681,nan,nan
0,5001,2019-04-19,1.399999976158142,1.0096641778945923,0.009276370517909527,0.00566734466701746,nan,nan
0,5001,2019-04-20,1.4270000457763672,1.0188511610031128,0.008761417120695114,0.0010415007127448916,nan,nan
0,5001,2019-04-21,1.4179999828338623,1.0313363075256348,0.010324127972126007,0.0009575702715665102,nan,nan
0,5001,2019-04-22,1.187000036239624,1.0642032623291016,0.010179171338677406,0.0017194487154483795,nan,nan
0,5001,2019-04-23,1.25600004196167,1.0836857557296753,0.012905526906251907,0.00760441180318594,nan,nan
0,5001,2019-04-24,1.2760000228881836,1.1632684469223022,0.014723521657288074,0.009367848746478558,nan,nan
0,5001,2019-04-25,1.215999960899353,1.4022064208984375,0.012392949312925339,0.0004989670705981553,nan,nan
0,5001,2019-04-26,1.2619999647140503,1.864405632019043,0.012474634684622288,0.05552901327610016,nan,nan
0,5001,2019-04-27,1.1030000448226929,1.6756173372268677,0.011546502821147442,0.001893655746243894,nan,nan
0,5001,2019-04-28,1.430999994277954,1.6285613775253296,0.010044609196484089,0.0010685528395697474,nan,nan
0,5001,2019-04-29,1.253000020980835,1.5530153512954712,0.008362687192857265,0.001791785703971982,nan,nan
0,5001,2019-04-30,1.2309999465942383,1.2683383226394653,0.007115016225725412,0.015853917226195335,nan,nan
0,5001,2019-05-01,1.3020000457763672,1.1127400398254395,0.005817518103867769,0.0076405140571296215,nan,nan
0,5001,2019-05-02,1.187000036239624,1.0859020948410034,0.0054970476776361465,0.00458018621429801,nan,nan
0,5001,2019-05-03,1.1490000486373901,1.1890344619750977,0.0006065660272724926,0.002799403388053179,nan,nan
0,5001,2019-05-04,1.1200000047683716,1.0460788011550903,0.00020330442930571735,0.006992021109908819,nan,nan
0,5001,2019-05-05,0.9520000219345093,1.2208603620529175,0.00027467167819850147,0.04275543615221977,nan,nan
0,5001,2019-05-06,0.8209999799728394,1.0544233322143555,0.00033245462691411376,0.014489498920738697,nan,nan
0,5001,2019-05-07,0.7590000033378601,0.9569796323776245,0.0003262979444116354,0.01363726519048214,nan,nan
0,5001,2019-05-08,1.100000023841858,0.9349349141120911,0.0003270141896791756,0.014794012531638145,nan,nan
0,5001,2019-05-09,4.192999839782715,1.819392204284668,0.005666930228471756,0.3442119359970093,nan,nan
0,5001,2019-05-10,3.4830000400543213,2.2588870525360107,0.009608658030629158,0.2541656196117401,nan,nan
0,5001,2019-05-11,2.566999912261963,2.0318222045898438,0.008754334412515163,0.005893093999475241,nan,nan
0,5001,2019-05-12,2.688999891281128,2.265589714050293,0.008839375339448452,0.023137079551815987,nan,nan
0,5001,2019-05-13,1.9279999732971191,1.917482614517212,0.010658523067831993,0.0026266274508088827,nan,nan
0,5001,2019-05-14,1.5199999809265137,1.6642829179763794,0.012707545422017574,0.01334843784570694,nan,nan
0,5001,2019-05-15,1.2020000219345093,1.3390768766403198,0.0206613689661026,0.009688790887594223,nan,nan
0,5001,2019-05-16,1.0089999437332153,1.221114158630371,0.02112651988863945,0.014880366623401642,nan,nan
0,5001,2019-05-17,0.9540000557899475,1.151100754737854,0.018374552950263023,0.018689706921577454,nan,nan
0,5001,2019-05-18,0.9160000085830688,1.1392669677734375,0.014401986263692379,0.010288413614034653,nan,nan
0,5001,2019-05-19,0.8140000104904175,1.048359990119934,0.011259155347943306,0.01563083380460739,nan,nan
0,5001,2019-05-20,0.8209999799728394,1.2950176000595093,0.009541844017803669,0.001616305555216968,nan,nan
0,5001,2019-05-21,0.925000011920929,1.428841471672058,0.008997218683362007,0.0032679697033017874,nan,nan
0,5001,2019-05-22,0.8190000057220459,1.1565784215927124,0.009122214280068874,0.02337980829179287,nan,nan
0,5001,2019-05-23,0.640999972820282,1.0003925561904907,0.009969295002520084,0.016626965254545212,nan,nan
0,5001,2019-05-24,0.5860000252723694,0.9949196577072144,0.011485069058835506,0.025158030912280083,nan,nan
0,5001,2019-05-25,0.6079999804496765,1.041366457939148,0.009565198794007301,0.032718509435653687,nan,nan
0,5001,2019-05-26,0.6079999804496765,1.3006259202957153,0.00738863367587328,0.0011596285039559007,nan,nan
0,5001,2019-05-27,0.5210000276565552,1.1361198425292969,0.008173764683306217,0.041137248277664185,nan,nan
0,5001,2019-05-28,0.6100000143051147,1.1705639362335205,0.00715918093919754,0.0374814048409462,nan,nan
0,5001,2019-05-29,0.6119999885559082,1.647484302520752,0.00841125100851059,0.004395327065140009,nan,nan
0,5001,2019-05-30,0.5440000295639038,1.3781404495239258,0.009584891609847546,0.07182398438453674,nan,nan
0,5001,2019-05-31,0.43700000643730164,1.1883049011230469,0.010337119922041893,0.052089035511016846,nan,nan
0,5001,2019-06-01,0.40799999237060547,0.9757828116416931,0.014444391243159771,0.03576327860355377,nan,nan
0,5001,2019-06-02,0.38600000739097595,0.8994030952453613,0.019236691296100616,0.03006676398217678,nan,nan
0,5001,2019-06-03,0.3479999899864197,0.8136656284332275,0.028071651235222816,0.023688659071922302,nan,nan
0,5001,2019-06-04,0.33500000834465027,0.7863386869430542,0.03883428871631622,0.02344708889722824,nan,nan
0,5001,2019-06-05,0.3709999918937683,0.7362988591194153,0.09396848827600479,0.020101366564631462,nan,nan
0,5001,2019-06-06,0.32199999690055847,0.8821420669555664,0.13034655153751373,0.030686551705002785,nan,nan
0,5001,2019-06-07,0.2619999945163727,0.9513877630233765,0.055291660130023956,0.04104718938469887,nan,nan
0,5001,2019-06-08,0.24800001084804535,0.7952514290809631,0.05027599260210991,0.029105644673109055,nan,nan
0,5001,2019-06-09,0.5080000162124634,0.6986595988273621,0.06735721975564957,0.02153921127319336,nan,nan
0,5001,2019-06-10,1.3240000009536743,1.4374998807907104,0.327868789434433,0.38800203800201416,nan,nan
0,5001,2019-06-11,3.8630001544952393,3.090526580810547,0.7627434730529785,0.5620683431625366,nan,nan
0,5001,2019-06-12,13.571000099182129,3.4704840183258057,0.9014372229576111,0.7321200966835022,nan,nan
0,5001,2019-06-13,3.614000082015991,3.817915678024292,0.9724556803703308,1.7855209112167358,nan,nan
0,5001,2019-06-14,2.178999900817871,1.99656081199646,0.9807363748550415,0.007945172488689423,nan,nan
0,5001,2019-06-15,3.4059998989105225,2.080930709838867,0.974080502986908,0.025735987350344658,nan,nan
0,5001,2019-06-16,4.250999927520752,3.6007347106933594,0.9756184220314026,0.1750037968158722,nan,nan
0,5001,2019-06-17,2.3289999961853027,2.6578638553619385,0.9826448559761047,0.0004256670654285699,nan,nan
0,5001,2019-06-18,1.6239999532699585,1.877727746963501,0.9794833660125732,0.010700567625463009,nan,nan
0,5001,2019-06-19,1.222000002861023,0.7213610410690308,0.9799606204032898,0.007728510536253452,nan,nan
0,5001,2019-06-20,1.409000039100647,0.5880215764045715,0.9809696674346924,0.0028988230042159557,nan,nan
0,5001,2019-06-21,0.9719999432563782,0.6187355518341064,0.970174252986908,0.025341488420963287,nan,nan
0,5001,2019-06-22,0.8119999766349792,0.9879264831542969,0.9511227607727051,0.0019403435289859772,nan,nan
0,5001,2019-06-23,0.6940000057220459,1.6954395771026611,0.9213456511497498,0.038959331810474396,nan,nan
0,5001,2019-06-24,0.6029999852180481,0.7331247925758362,0.9120880365371704,0.006095913704484701,nan,nan
0,5001,2019-06-25,0.5370000004768372,0.4040156602859497,0.9184120893478394,1.9561215594876558e-05,nan,nan
0,5001,2019-06-26,0.4699999690055847,0.5499082803726196,0.9396950602531433,0.003101009875535965,nan,nan
0,5001,2019-06-27,0.4300000071525574,0.6618635058403015,0.9559020400047302,0.009582070633769035,nan,nan
0,5001,2019-06-28,0.37700000405311584,0.5788702964782715,0.973297655582428,0.0067731598392128944,nan,nan
0,5001,2019-06-29,0.35499998927116394,0.6275119185447693,0.9831761121749878,0.010986460372805595,nan,nan
0,5001,2019-06-30,0.3149999976158142,0.6065117120742798,0.9885326623916626,0.010598910972476006,nan,nan
0,5009,2018-10-19,0.057999998331069946,0.5378161072731018,3.699383159982972e-05,0.018800286576151848,nan,nan
0,5009,2018-10-20,0.050999999046325684,0.5779862999916077,3.2944542908808216e-05,0.021659918129444122,nan,nan
0,5009,2018-10-21,0.05000000074505806,0.5566096305847168,2.9473552785930224e-05,0.020328979939222336,nan,nan
0,5009,2018-10-22,0.04699999839067459,0.5507598519325256,2.853233127098065e-05,0.019926847890019417,nan,nan
0,5009,2018-10-23,0.05000000074505806,0.500377357006073,2.1949554138700478e-05,0.016377270221710205,nan,nan
0,5009,2018-10-24,0.04899999871850014,0.47712621092796326,2.016820144490339e-05,0.014669989235699177,nan,nan
0,5009,2018-10-25,0.04800000041723251,0.47132736444473267,1.8706468836171553e-05,0.014332005754113197,nan,nan
0,5009,2018-10-26,0.04600000008940697,0.47239887714385986,1.6975527614704333e-05,0.014443965628743172,nan,nan
0,5009,2018-10-27,0.09399999678134918,0.5276619791984558,1.6092903024400584e-05,0.008185585029423237,nan,nan
0,5009,2018-10-28,0.1340000033378601,0.822667121887207,8.184616308426484e-05,0.09962466359138489,nan,nan
0,5009,2018-10-29,0.10300000011920929,0.8188669681549072,0.00012021921429550275,5.497803067555651e-05,nan,nan
0,5009,2018-10-30,0.08799999952316284,0.771328330039978,0.00012462222366593778,0.0009395439410582185,nan,nan
0,5009,2018-10-31,0.10700000077486038,0.6363370418548584,0.00011445859126979485,0.019898658618330956,nan,nan
0,5009,2018-11-01,0.11400000005960464,0.5822345018386841,9.582248458173126e-05,0.019530771300196648,nan,nan
0,5009,2018-11-02,0.24400000274181366,0.6229503750801086,8.789145067567006e-05,0.004387857858091593,nan,nan
0,5009,2018-11-03,0.22499999403953552,0.5977765321731567,7.827954686945304e-05,0.014400639571249485,nan,nan
0,5009,2018-11-04,0.1809999942779541,0.5872399210929871,6.773354834876955e-05,0.014510704204440117,nan,nan
0,5009,2018-11-05,0.13600000739097595,0.5936463475227356,5.8615070884115994e-05,0.01687554456293583,nan,nan
0,5009,2018-11-06,0.10899999737739563,0.6031762957572937,5.152892117621377e-05,0.01970561034977436,nan,nan
0,5009,2018-11-07,0.09700000286102295,0.6580544114112854,4.5136614062357694e-05,0.02561289444565773,nan,nan
0,5009,2018-11-08,0.2930000126361847,1.009971261024475,0.00011714421270880848,0.03133714199066162,nan,nan
0,5009,2018-11-09,0.4000000059604645,0.9013707637786865,0.00016560760559514165,0.037660371512174606,nan,nan
0,5009,2018-11-10,0.23399999737739563,0.8046689033508301,0.0001412457349942997,0.022204509004950523,nan,nan
0,5009,2018-11-11,0.2160000056028366,0.8742526173591614,0.00013801698514726013,0.0027541019953787327,nan,nan
0,5009,2018-11-12,0.31700000166893005,0.8677505254745483,0.00012380460975691676,0.02412997931241989,nan,nan
0,5009,2018-11-13,0.3009999990463257,0.8455907702445984,0.00011365853424649686,0.030512679368257523,nan,nan
0,5009,2018-11-14,0.4620000123977661,0.9613345861434937,0.00013367189967539161,0.0005992282531224191,nan,nan
0,5009,2018-11-15,0.3720000088214874,0.8680775761604309,0.00012762669939547777,0.024155044928193092,nan,nan
0,5009,2018-11-16,0.25600001215934753,0.8253909349441528,0.00011171197547810152,0.025457261130213737,nan,nan
0,5009,2018-11-17,0.20200000703334808,0.7693507671356201,9.857604891294613e-05,0.027094459161162376,nan,nan
0,5009,2018-11-18,0.1720000058412552,0.7102600932121277,8.758196781855077e-05,0.02495509944856167,nan,nan
0,5009,2018-11-19,0.15000000596046448,0.6762216091156006,7.830650429241359e-05,0.02370303124189377,nan,nan
0,5009,2018-11-20,0.14100000262260437,0.6405518651008606,8.505928417434916e-05,0.00035894778557121754,nan,nan
0,5009,2018-11-21,0.1340000033378601,0.5583716034889221,8.187894127331674e-05,0.01214889157563448,nan,nan
0,5009,2018-11-22,0.14000000059604645,0.5704804062843323,7.65690128901042e-05,0.012166409753262997,nan,nan
0,5009,2018-11-23,0.19900000095367432,0.6029818654060364,6.907320494065061e-05,0.01949474960565567,nan,nan
0,5009,2018-11-24,3.0420000553131104,0.9844970107078552,0.00039843577542342246,0.1445261836051941,nan,nan
0,5009,2018-11-25,2.1050000190734863,1.111210584640503,0.0008261919138021767,0.05290087312459946,nan,nan
0,5009,2018-11-26,0.8339999914169312,1.08030104637146,0.0005721917259506881,0.005535926669836044,nan,nan
0,5009,2018-11-27,0.4580000042915344,1.1057173013687134,0.0005012815818190575,0.0023743778001517057,nan,nan
0,5009,2018-11-28,0.3700000047683716,1.0086126327514648,0.00045679963659495115,0.034787312150001526,nan,nan
0,5009,2018-11-29,0.3630000054836273,0.9647331833839417,0.0003978556487709284,0.03913740813732147,nan,nan
0,5009,2018-11-30,0.4169999957084656,0.8901422619819641,0.00034926377702504396,0.03195289149880409,nan,nan
0,5009,2018-12-01,0.42399999499320984,0.9141806364059448,0.00030849978793412447,0.024772943928837776,nan,nan
0,5009,2018-12-02,1.4919999837875366,0.987396240234375,0.0002927265886683017,0.005773985292762518,nan,nan
0,5009,2018-12-03,8.963000297546387,2.136303186416626,0.011495462618768215,0.5986323356628418,nan,nan
0,5009,2018-12-04,14.397000312805176,4.252132892608643,0.05365760251879692,1.5073137283325195,nan,nan
0,5009,2018-12-05,10.164999961853027,6.1918206214904785,0.10480304807424545,1.3773192167282104,nan,nan
0,5009,2018-12-06,7.589000225067139,5.874520778656006,0.11379652470350266,0.10437608510255814,nan,nan
0,5009,2018-12-07,7.065000057220459,5.422852039337158,0.09151364117860794,0.00111440010368824,nan,nan
0,5009,2018-12-08,6.7129998207092285,5.592315196990967,0.08178703486919403,0.0003564586222637445,nan,nan
0,5009,2018-12-09,12.015000343322754,6.337778091430664,0.11940787732601166,0.0009259277721866965,nan,nan
0,5009,2018-12-10,14.827999114990234,12.073064804077148,0.5286357998847961,0.0027599690947681665,nan,nan
0,5009,2018-12-11,7.998000621795654,8.38081169128418,0.7256225943565369,0.5628548860549927,nan,nan
0,5009,2018-12-12,4.853000164031982,5.852333068847656,0.720459520816803,0.036992549896240234,nan,nan
0,5009,2018-12-13,3.549999952316284,4.432295799255371,0.6385687589645386,0.12744003534317017,nan,nan
0,5009,2018-12-14,2.555000066757202,3.7266547679901123,0.5455120205879211,0.15444181859493256,nan,nan
0,5009,2018-12-15,1.6640000343322754,3.259603261947632,0.45413050055503845,0.19362221658229828,nan,nan
0,5009,2018-12-16,2.924999952316284,2.730929374694824,0.4803858995437622,0.0006766145233996212,nan,nan
0,5009,2018-12-17,4.258999824523926,2.4872918128967285,0.4342729449272156,0.012333468534052372,nan,nan
0,5009,2018-12-18,2.802999973297119,2.9796013832092285,0.3525242507457733,0.0009844470769166946,nan,nan
0,5009,2018-12-19,2.125999927520752,2.5654361248016357,0.27424100041389465,0.04171787574887276,nan,nan
0,5009,2018-12-20,2.5429999828338623,3.23374342918396,0.29153576493263245,0.011075804941356182,nan,nan
0,5009,2018-12-21,4.660999774932861,2.7229511737823486,0.2540815770626068,0.07858730107545853,nan,nan
0,5009,2018-12-22,15.706999778747559,10.833609580993652,0.8111625909805298,0.962780773639679,nan,nan
0,5009,2018-12-23,10.791999816894531,9.095036506652832,0.9368427395820618,0.20405203104019165,nan,nan
0,5009,2018-12-24,16.3439998626709,10.816003799438477,0.9642429351806641,0.13638557493686676,nan,nan
0,5009,2018-12-25,11.848999977111816,9.213288307189941,0.9773104190826416,0.27014854550361633,nan,nan
0,5009,2018-12-26,7.818999767303467,5.205100059509277,0.9741387963294983,0.43195295333862305,nan,nan
0,5009,2018-12-27,6.054999828338623,3.601799726486206,0.9642806649208069,0.15072688460350037,nan,nan
0,5009,2018-12-28,4.521999835968018,2.0839202404022217,0.9479421377182007,0.24268129467964172,nan,nan
0,5009,2018-12-29,3.2320001125335693,2.649397850036621,0.9237011075019836,0.004952170420438051,nan,nan
0,5009,2018-12-30,2.377000093460083,1.975354790687561,0.8891342282295227,0.0007864104700274765,nan,nan
0,5009,2018-12-31,1.6829999685287476,2.4112911224365234,0.8444967269897461,0.05773221701383591,nan,nan
0,5009,2019-01-01,1.1699999570846558,2.229430675506592,0.703013002872467,0.09750054031610489,nan,nan
0,5009,2019-01-02,0.9430000185966492,1.9073418378829956,0.588805079460144,0.08838178217411041,nan,nan
0,5009,2019-01-03,0.7639999985694885,1.8326107263565063,0.44597169756889343,0.11140036582946777,nan,nan
0,5009,2019-01-04,0.6399999856948853,1.7087570428848267,0.34647369384765625,0.10981697589159012,nan,nan
0,5009,2019-01-05,0.5870000123977661,1.5743976831436157,0.2702816426753998,0.10018444061279297,nan,nan
0,5009,2019-01-06,0.5450000166893005,1.5194127559661865,0.21184800565242767,0.08952821791172028,nan,nan
0,5009,2019-01-07,0.503000020980835,1.5970431566238403,0.16367004811763763,0.11513262242078781,nan,nan
0,5009,2019-01-08,0.4859999716281891,1.545403003692627,0.09320174157619476,0.10281556844711304,nan,nan
0,5009,2019-01-09,0.4859999716281891,1.8643783330917358,0.09635503590106964,0.0010921589564532042,nan,nan
0,5009,2019-01-10,0.4359999895095825,2.0108561515808105,0.08115092664957047,0.019335327669978142,nan,nan
0,5009,2019-01-11,0.4020000100135803,1.8031283617019653,0.06818892806768417,0.16618111729621887,nan,nan
0,5009,2019-01-12,0.38600000739097595,1.678646206855774,0.05492608621716499,0.1220187097787857,nan,nan
0,5009,2019-01-13,0.42800000309944153,2.02150297164917,0.0660610944032669,0.010484430007636547,nan,nan
0,5009,2019-01-14,3.869999885559082,2.8074445724487305,0.1400001496076584,0.013079403899610043,nan,nan
0,5009,2019-01-15,2.943000078201294,2.6611790657043457,0.1704278588294983,0.012679283507168293,nan,nan
0,5009,2019-01-16,1.5989999771118164,2.2546160221099854,0.1328614503145218,0.009313583374023438,nan,nan
0,5009,2019-01-17,1.2289999723434448,2.0682196617126465,0.10354281216859818,0.07935847342014313,nan,nan
0,5009,2019-01-18,1.0740000009536743,2.0507242679595947,0.07705463469028473,0.038879767060279846,nan,nan
0,5009,2019-01-19,0.8519999980926514,1.9704155921936035,0.0491652749478817,0.12086980044841766,nan,nan
0,5009,2019-01-20,0.7039999961853027,1.6807397603988647,0.01341247744858265,0.09508392959833145,nan,nan
0,5009,2019-01-21,0.6029999852180481,1.5381405353546143,0.0026160296984016895,0.08728936314582825,nan,nan
0,5009,2019-01-22,0.5640000104904175,1.245680570602417,0.0012876831460744143,0.054372288286685944,nan,nan
0,5009,2019-01-23,0.5429999828338623,1.0682992935180664,0.0007055541500449181,0.02943415939807892,nan,nan
0,5009,2019-01-24,0.5009999871253967,1.097302794456482,0.0006007733754813671,0.005001711659133434,nan,nan
0,5009,2019-01-25,0.4309999942779541,1.0193710327148438,0.000493643106892705,0.03485642373561859,nan,nan
0,5009,2019-01-26,0.4099999964237213,0.8655468821525574,0.0004186158475931734,0.023507872596383095,nan,nan
0,5009,2019-01-27,0.4580000042915344,0.8345544338226318,0.00036890723276883364,0.011716930195689201,nan,nan
0,5009,2019-01-28,0.47700002789497375,1.467679738998413,0.003960106521844864,0.2548181414604187,nan,nan
0,5009,2019-01-29,0.4269999861717224,1.502370834350586,0.007307722698897123,0.014753611758351326,nan,nan
0,5009,2019-01-30,0.4230000078678131,1.4968680143356323,0.007268029265105724,0.009331750683486462,nan,nan
0,5009,2019-01-31,0.4300000071525574,1.547074556350708,0.007084091659635305,0.009870452806353569,nan,nan
0,5009,2019-02-01,0.7490000128746033,1.5610711574554443,0.007209217641502619,0.006410784553736448,nan,nan
0,5009,2019-02-02,1.3509999513626099,2.168177604675293,0.01666378229856491,0.03473091125488281,nan,nan
0,5009,2019-02-03,1.003000020980835,2.0985310077667236,0.019516926258802414,0.016652407124638557,nan,nan
0,5009,2019-02-04,0.7089999914169312,1.880577564239502,0.015707505866885185,0.07590166479349136,nan,nan
0,5009,2019-02-05,0.6169999837875366,1.599854826927185,0.012340527027845383,0.09673915803432465,nan,nan
0,5009,2019-02-06,0.5580000281333923,1.3655322790145874,0.009746711701154709,0.06917402148246765,nan,nan
0,5009,2019-02-07,0.6039999723434448,1.22695791721344,0.006685683503746986,0.05583809316158295,nan,nan
0,5009,2019-02-08,1.2050000429153442,1.3990737199783325,0.006654470227658749,0.0007312267553061247,nan,nan
0,5009,2019-02-09,1.5670000314712524,1.3330153226852417,0.005332571920007467,0.010065280832350254,nan,nan
0,5009,2019-02-10,3.759000062942505,1.341184139251709,0.004224743228405714,0.0008175778784789145,nan,nan
0,5009,2019-02-11,5.349999904632568,2.10762882232666,0.007156650070101023,0.43425968289375305,nan,nan
0,5009,2019-02-12,3.325000047683716,2.3052244186401367,0.006803979631513357,0.18720616400241852,nan,nan
0,5009,2019-02-13,2.2760000228881836,2.1461920738220215,0.004039329942315817,2.220115931095279e-07,nan,nan
0,5009,2019-02-14,1.6770000457763672,1.89966881275177,0.0032172901555895805,0.013926247134804726,nan,nan
0,5009,2019-02-15,1.3869999647140503,1.6606554985046387,0.0026133819483220577,0.025116808712482452,nan,nan
0,5009,2019-02-16,1.4420000314712524,1.6183240413665771,0.0020871160086244345,0.039093878120183945,nan,nan
0,5009,2019-02-17,1.8969999551773071,1.5974326133728027,0.001680103363469243,0.03327267989516258,nan,nan
0,5009,2019-02-18,2.180999994277954,1.5410339832305908,0.0013757384149357677,0.0076411752961575985,nan,nan
0,5009,2019-02-19,1.9620001316070557,1.5783411264419556,0.0011234189150854945,0.0022903485223650932,nan,nan
0,5009,2019-02-20,1.7289999723434448,1.5080643892288208,0.0009246409754268825,0.0044973245821893215,nan,nan
0,5009,2019-02-21,1.6089999675750732,1.4854930639266968,0.0007637350354343653,0.010343369096517563,nan,nan
0,5009,2019-02-22,1.866999864578247,1.5252686738967896,0.0006154504371806979,0.01783127337694168,nan,nan
0,5009,2019-02-23,2.568000078201294,1.5339019298553467,0.00048744207015261054,0.00823078490793705,nan,nan
0,5009,2019-02-24,2.506999969482422,1.4362785816192627,0.0004189348255749792,0.003428257768973708,nan,nan
0,5009,2019-02-25,2.252000093460083,1.537050485610962,0.00034592527663335204,0.00041796796722337604,nan,nan
0,5009,2019-02-26,2.4119999408721924,1.554971694946289,0.00012048386997776106,0.0008449912420473993,nan,nan
0,5009,2019-02-27,3.1389999389648438,1.58263099193573,5.881193283130415e-05,7.38099988666363e-05,nan,nan
0,5009,2019-02-28,3.9100000858306885,1.7400336265563965,4.9902533646672964e-05,0.005748334340751171,nan,nan
0,5009,2019-03-01,6.203999996185303,1.9458541870117188,4.262420770828612e-05,0.023947369307279587,nan,nan
0,5009,2019-03-02,8.213000297546387,3.1754164695739746,0.00018276907212566584,0.5165964365005493,nan,nan
0,5009,2019-03-03,6.2210001945495605,3.44159197807312,0.0002768895064946264,0.2508094310760498,nan,nan
0,5009,2019-03-04,5.668000221252441,3.3544464111328125,0.00022739519772585481,0.030923858284950256,nan,nan
0,5009,2019-03-05,5.126999855041504,3.6445562839508057,0.00021761350217275321,0.019078750163316727,nan,nan
0,5009,2019-03-06,3.889000177383423,3.392759323120117,0.00021522115275729448,0.0006796193192712963,nan,nan
0,5009,2019-03-07,6.813000202178955,3.774935722351074,0.000246579380473122,0.002876843325793743,nan,nan
0,5009,2019-03-08,6.915999889373779,3.9573636054992676,0.00029801783966831863,0.034122858196496964,nan,nan
0,5009,2019-03-09,5.170000076293945,4.099025726318359,0.0002685163635760546,0.016465216875076294,nan,nan
0,5009,2019-03-10,10.133999824523926,4.79914665222168,0.0004615508660208434,0.0006335114594548941,nan,nan
0,5009,2019-03-11,9.72599983215332,5.551942825317383,0.0008321666391566396,0.1719563901424408,nan,nan
0,5009,2019-03-12,6.435999870300293,6.6659464836120605,0.0013309884816408157,0.11561712622642517,nan,nan
0,5009,2019-03-13,4.926000118255615,6.231164455413818,0.0014325284864753485,0.17918924987316132,nan,nan
0,5009,2019-03-14,4.047999858856201,5.861845970153809,0.002019761363044381,0.13074232637882233,nan,nan
0,5009,2019-03-15,12.968000411987305,7.704310894012451,0.07535261660814285,0.01209325436502695,nan,nan
0,5009,2019-03-16,16.788999557495117,8.185080528259277,0.33911848068237305,0.09368373453617096,nan,nan
0,5009,2019-03-17,10.569000244140625,8.312154769897461,0.4171913266181946,0.45724236965179443,nan,nan
0,5009,2019-03-18,7.622000217437744,6.41776704788208,0.4487358033657074,0.06597349792718887,nan,nan
0,5009,2019-03-19,5.400000095367432,5.727517127990723,0.40053409337997437,0.03996630758047104,nan,nan
0,5009,2019-03-20,4.107999801635742,4.98491907119751,0.33673152327537537,0.1694662719964981,nan,nan
0,5009,2019-03-21,3.190000057220459,4.6617608070373535,0.27784284949302673,0.30233606696128845,nan,nan
0,5009,2019-03-22,2.571000099182129,4.17840051651001,0.22177225351333618,0.3352040648460388,nan,nan
0,5009,2019-03-23,2.559999942779541,3.5925352573394775,0.1753966212272644,0.27862268686294556,nan,nan
0,5009,2019-03-24,2.8589999675750732,3.321688175201416,0.14099889993667603,0.20798099040985107,nan,nan
0,5009,2019-03-25,3.0810000896453857,3.174992322921753,0.1115800067782402,0.13233783841133118,nan,nan
0,5009,2019-03-26,2.4779999256134033,3.216958999633789,0.08499882370233536,0.11312941461801529,nan,nan
0,5009,2019-03-27,1.9270000457763672,2.954719305038452,0.06493569910526276,0.13728149235248566,nan,nan
0,5009,2019-03-28,1.6629999876022339,2.412321090698242,0.04997909814119339,0.10196731239557266,nan,nan
0,5009,2019-03-29,1.7130000591278076,2.1773412227630615,0.038962170481681824,0.09094627946615219,nan,nan
0,5009,2019-03-30,2.1710000038146973,2.3433008193969727,0.03068230114877224,0.11424029618501663,nan,nan
0,5009,2019-03-31,2.3989999294281006,2.2654759883880615,0.01947689987719059,0.055999960750341415,nan,nan
0,5009,2019-04-01,2.743000030517578,2.2587637901306152,0.013518953695893288,0.0379888117313385,nan,nan
0,5009,2019-04-02,2.8949999809265137,2.3142144680023193,0.011224135756492615,0.022436201572418213,nan,nan
0,5009,2019-04-03,3.2820000648498535,2.321112871170044,0.009022176265716553,0.01563975214958191,nan,nan
0,5009,2019-04-04,2.6429998874664307,4.440791130065918,0.08140356093645096,0.08930058032274246,nan,nan
0,5009,2019-04-05,1.690999984741211,3.7831368446350098,0.1124112531542778,0.09920498728752136,nan,nan
0,5009,2019-04-06,1.4900000095367432,3.001199245452881,0.08339492231607437,0.26463887095451355,nan,nan
0,5009,2019-04-07,2.5799999237060547,2.7390522956848145,0.0639018639922142,0.19389237463474274,nan,nan
0,5009,2019-04-08,3.7809996604919434,2.6264402866363525,0.047086022794246674,0.012684576213359833,nan,nan
0,5009,2019-04-09,3.3949999809265137,2.5805087089538574,0.032573528587818146,0.0016468084650114179,nan,nan
0,5009,2019-04-10,3.497999906539917,2.4227406978607178,0.022441575303673744,0.004251321777701378,nan,nan
0,5009,2019-04-11,3.63100004196167,2.2849013805389404,0.015094341710209846,9.31972754187882e-05,nan,nan
0,5009,2019-04-12,3.671999931335449,2.477247953414917,0.01194070279598236,0.001499980571679771,nan,nan
0,5009,2019-04-13,2.9110000133514404,2.332453489303589,0.0037700512912124395,6.177050090627745e-05,nan,nan
0,5009,2019-04-14,2.2149999141693115,2.1657192707061768,0.0011488845339044929,0.0063937450759112835,nan,nan
0,5009,2019-04-15,1.5579999685287476,2.1584291458129883,0.0007223354186862707,0.03992152214050293,nan,nan
0,5009,2019-04-16,1.8009999990463257,1.900594711303711,0.0005054720095358789,0.0598403625190258,nan,nan
0,5009,2019-04-17,2.2249999046325684,1.7122371196746826,0.0004030228010378778,0.022746160626411438,nan,nan
0,5009,2019-04-18,2.9649999141693115,1.6136181354522705,0.0003461136657278985,0.0024758714716881514,nan,nan
0,5009,2019-04-19,3.325000047683716,1.7264294624328613,0.0003513516567181796,0.002407272346317768,nan,nan
0,5009,2019-04-20,3.1679999828338623,1.812536358833313,0.00034461094764992595,0.007857064716517925,nan,nan
0,5009,2019-04-21,3.1670000553131104,1.863064169883728,0.0004441019264049828,0.002247284632176161,nan,nan
0,5009,2019-04-22,2.755000114440918,1.9620755910873413,0.00051344238454476,0.0004112795286346227,nan,nan
0,5009,2019-04-23,2.871999979019165,2.0188565254211426,0.0007638616370968521,0.00452815368771553,nan,nan
0,5009,2019-04-24,2.7160000801086426,2.1754887104034424,0.0008562281727790833,0.008000697940587997,nan,nan
0,5009,2019-04-25,2.3289999961853027,2.4621057510375977,0.0007356236455962062,0.012032154947519302,nan,nan
0,5009,2019-04-26,2.8970000743865967,3.3180859088897705,0.0012289187870919704,0.009668943472206593,nan,nan
0,5009,2019-04-27,2.865999937057495,2.8420705795288086,0.0015963362529873848,0.032918255776166916,nan,nan
0,5009,2019-04-28,3.7730000019073486,2.97062087059021,0.0019453002605587244,0.0006001348956488073,nan,nan
0,5009,2019-04-29,3.3450000286102295,2.7340078353881836,0.0018025843892246485,0.001539817894808948,nan,nan
0,5009,2019-04-30,3.0299999713897705,2.2790119647979736,0.0014998012920841575,0.0012132521951571107,nan,nan
0,5009,2019-05-01,2.6559998989105225,2.09525990486145,0.0012307128636166453,0.0015962041215971112,nan,nan
0,5009,2019-05-02,2.2699999809265137,1.942736029624939,0.0011860127560794353,0.00408331211656332,nan,nan
0,5009,2019-05-03,2.515000104904175,2.152601480484009,0.0004088956629857421,0.00035258152638562024,nan,nan
0,5009,2019-05-04,2.6110000610351562,1.9765175580978394,0.0002452029730193317,0.009560230188071728,nan,nan
0,5009,2019-05-05,2.0160000324249268,2.100050210952759,0.00026163170696236193,0.011046040803194046,nan,nan
0,5009,2019-05-06,1.5490000247955322,1.8504061698913574,0.00025170654407702386,0.022738812491297722,nan,nan
0,5009,2019-05-07,1.3370000123977661,1.6382521390914917,0.00023905035050120205,0.030551448464393616,nan,nan
0,5009,2019-05-08,1.9590001106262207,1.5355688333511353,0.0002251564437756315,0.033836886286735535,nan,nan
0,5009,2019-05-09,5.966000080108643,2.7582058906555176,0.002447911072522402,0.13573205471038818,nan,nan
0,5009,2019-05-10,5.640999794006348,3.3972105979919434,0.004425026010721922,0.17204658687114716,nan,nan
0,5009,2019-05-11,4.882999897003174,3.409048318862915,0.0038747393991798162,0.016246136277914047,nan,nan
0,5009,2019-05-12,5.13700008392334,3.873884916305542,0.004101674072444439,0.008663381449878216,nan,nan
0,5009,2019-05-13,3.822999954223633,3.62974214553833,0.004281862173229456,0.007889842614531517,nan,nan
0,5009,2019-05-14,2.6010000705718994,3.3352999687194824,0.003946281969547272,0.056968215852975845,nan,nan
0,5009,2019-05-15,1.7719999551773071,2.7593798637390137,0.004280630499124527,0.08750640600919724,nan,nan
0,5009,2019-05-16,1.3070000410079956,2.3894081115722656,0.0036724477540701628,0.11574790626764297,nan,nan
0,5009,2019-05-17,1.1690000295639038,2.0712387561798096,0.0031421382445842028,0.11222919821739197,nan,nan
0,5009,2019-05-18,1.0800000429153442,1.9378963708877563,0.0025825705379247665,0.0775335431098938,nan,nan
0,5009,2019-05-19,1.0069999694824219,1.7423303127288818,0.002101828111335635,0.08134625107049942,nan,nan
0,5009,2019-05-20,1.9569998979568481,2.020179033279419,0.0018788529559969902,0.051858171820640564,nan,nan
0,5009,2019-05-21,3.8299996852874756,2.2598378658294678,0.0020194558892399073,0.0002608145587146282,nan,nan
0,5009,2019-05-22,2.565999984741211,2.135336399078369,0.0020269667729735374,0.007951289415359497,nan,nan
0,5009,2019-05-23,1.4500000476837158,1.9387067556381226,0.001974102109670639,0.006171287503093481,nan,nan
0,5009,2019-05-24,1.0049999952316284,1.9131613969802856,0.0021503136958926916,0.07126107066869736,nan,nan
0,5009,2019-05-25,0.7770000100135803,1.9218173027038574,0.0014152094954624772,0.1160794124007225,nan,nan
0,5009,2019-05-26,0.6600000262260437,2.182063341140747,0.0009135071886703372,0.08125617355108261,nan,nan
0,5009,2019-05-27,0.5950000286102295,1.8112671375274658,0.0008895225473679602,0.14250119030475616,nan,nan
0,5009,2019-05-28,0.7149999737739563,1.7450672388076782,0.000747126410715282,0.12083794921636581,nan,nan
0,5009,2019-05-29,1.7690000534057617,2.170285224914551,0.0008595666149631143,0.03056301921606064,nan,nan
0,5009,2019-05-30,1.3029999732971191,1.9615141153335571,0.0008864972623996437,0.050297774374485016,nan,nan
0,5009,2019-05-31,0.7429999709129333,1.7692126035690308,0.0008813629974611104,0.0642603263258934,nan,nan
0,5009,2019-06-01,0.5979999899864197,1.4705082178115845,0.0011224390473216772,0.0730145201086998,nan,nan
0,5009,2019-06-02,0.5360000133514404,1.288565993309021,0.0015804772265255451,0.06054983660578728,nan,nan
0,5009,2019-06-03,0.49900001287460327,1.145997405052185,0.002419630065560341,0.047573983669281006,nan,nan
0,5009,2019-06-04,0.4690000116825104,1.1598570346832275,0.0029809034895151854,0.052149929106235504,nan,nan
0,5009,2019-06-05,0.453000009059906,1.0884753465652466,0.007467467803508043,0.04587520658969879,nan,nan
0,5009,2019-06-06,0.44699999690055847,1.3655873537063599,0.00890278723090887,0.0855061262845993,nan,nan
0,5009,2019-06-07,0.40400001406669617,1.3652679920196533,0.0037141775246709585,0.08607040345668793,nan,nan
0,5009,2019-06-08,0.3799999952316284,1.1157361268997192,0.0028577877674251795,0.05428097024559975,nan,nan
0,5009,2019-06-09,0.4129999876022339,0.9299718737602234,0.003787318943068385,0.03482683375477791,nan,nan
0,5009,2019-06-10,1.6339999437332153,1.8033533096313477,0.04036226123571396,0.2430674284696579,nan,nan
0,5009,2019-06-11,4.303999900817871,3.2844698429107666,0.1458120048046112,0.21609380841255188,nan,nan
0,5009,2019-06-12,7.459000587463379,3.3672597408294678,0.21371231973171234,0.2500080466270447,nan,nan
0,5009,2019-06-13,5.741000175476074,2.634165048599243,0.2601598799228668,0.34645870327949524,nan,nan
0,5009,2019-06-14,3.3269999027252197,2.2723469734191895,0.2656380832195282,0.14928631484508514,nan,nan
0,5009,2019-06-15,2.734999895095825,2.937877893447876,0.2277539074420929,0.002286551520228386,nan,nan
0,5009,2019-06-16,4.714000225067139,3.6179544925689697,0.20167621970176697,0.001546849380247295,nan,nan
0,5009,2019-06-17,2.9739999771118164,2.808698892593384,0.21337120234966278,0.0036745620891451836,nan,nan
0,5009,2019-06-18,2.2679998874664307,2.0599417686462402,0.20792467892169952,0.0016113221645355225,nan,nan
0,5009,2019-06-19,1.4249999523162842,1.6620043516159058,0.2194562703371048,0.003069379599764943,nan,nan
0,5009,2019-06-20,0.9440000057220459,1.322066307067871,0.2562260627746582,0.012194819748401642,nan,nan
0,5009,2019-06-21,0.7319999933242798,1.668726921081543,0.19761693477630615,0.04284117370843887,nan,nan
0,5009,2019-06-22,1.0210000276565552,1.6904929876327515,0.14543022215366364,0.015191069804131985,nan,nan
0,5009,2019-06-23,0.9980000257492065,1.6547234058380127,0.10609236359596252,0.06021362543106079,nan,nan
0,5009,2019-06-24,0.6439999938011169,1.1309864521026611,0.09936212003231049,0.017731770873069763,nan,nan
0,5009,2019-06-25,0.5339999794960022,0.984279215335846,0.11702538281679153,0.02408437803387642,nan,nan
0,5009,2019-06-26,0.47099998593330383,1.0422356128692627,0.17360495030879974,0.036184102296829224,nan,nan
0,5009,2019-06-27,0.4180000126361847,0.9693065285682678,0.2517686188220978,0.03290511295199394,nan,nan
0,5009,2019-06-28,0.38499999046325684,0.8985392451286316,0.3913985788822174,0.029382137581706047,nan,nan
0,5009,2019-06-29,0.36000001430511475,0.8840327262878418,0.5435901880264282,0.03001205250620842,nan,nan
0,5009,2019-06-30,0.3400000035762787,0.9686200618743896,0.6683805584907532,0.04025646671652794,nan,nan
0,5010,2018-10-19,0.10599999874830246,0.6718766093254089,1.9349950889591128e-05,0.02734987996518612,nan,nan
0,5010,2018-10-20,0.1120000034570694,0.7142255306243896,1.7352167560602538e-05,0.0309249646961689,nan,nan
0,5010,2018-10-21,0.11500000208616257,0.6953157186508179,1.5542740584351122e-05,0.028783686459064484,nan,nan
0,5010,2018-10-22,0.11500000208616257,0.6912614703178406,1.4638292668678332e-05,0.028233708813786507,nan,nan
0,5010,2018-10-23,0.11500000208616257,0.637449324131012,1.1217561223020311e-05,0.023525869473814964,nan,nan
0,5010,2018-10-24,0.12099999934434891,0.6168793439865112,9.916681847244035e-06,0.02183963730931282,nan,nan
0,5010,2018-10-25,0.12099999934434891,0.6125692129135132,9.287346983910538e-06,0.02118740975856781,nan,nan
0,5010,2018-10-26,0.11800000071525574,0.6171215772628784,8.463453923468478e-06,0.021549679338932037,nan,nan
0,5010,2018-10-27,0.27900001406669617,0.6760561466217041,7.982151146279648e-06,0.014806125313043594,nan,nan
0,5010,2018-10-28,0.3240000009536743,0.9995383024215698,5.5688724387437105e-05,0.09596426039934158,nan,nan
0,5010,2018-10-29,0.20600000023841858,0.9676476716995239,8.812340820441023e-05,0.002837072592228651,nan,nan
0,5010,2018-10-30,0.18199999630451202,0.9061232805252075,8.948934555519372e-05,0.0071991668082773685,nan,nan
0,5010,2018-10-31,0.164000004529953,0.771962583065033,8.239164890255779e-05,0.03177940100431442,nan,nan
0,5010,2018-11-01,0.20900000631809235,0.7149792313575745,7.082624506438151e-05,0.027525417506694794,nan,nan
0,5010,2018-11-02,0.18799999356269836,0.7565730214118958,6.490871601272374e-05,0.012609671801328659,nan,nan
0,5010,2018-11-03,0.15199999511241913,0.7332763671875,5.868772495887242e-05,0.027784664183855057,nan,nan
0,5010,2018-11-04,0.13600000739097595,0.723650336265564,5.2320425311336294e-05,0.029025442898273468,nan,nan
0,5010,2018-11-05,0.13600000739097595,0.7330572009086609,4.612413977156393e-05,0.030880924314260483,nan,nan
0,5010,2018-11-06,0.13899999856948853,0.7447558045387268,4.09914500778541e-05,0.032010216265916824,nan,nan
0,5010,2018-11-07,0.17599999904632568,0.7940024137496948,3.648706115200184e-05,0.036784783005714417,nan,nan
0,5010,2018-11-08,0.3370000123977661,1.1048951148986816,7.620661926921457e-05,0.009214960038661957,nan,nan
0,5010,2018-11-09,0.16099999845027924,1.0129839181900024,9.837238030740991e-05,0.046976957470178604,nan,nan
0,5010,2018-11-10,0.15800000727176666,0.915925145149231,8.629054354969412e-05,0.04889829084277153,nan,nan
0,5010,2018-11-11,0.16699999570846558,0.965492308139801,8.36553517729044e-05,0.015316578559577465,nan,nan
0,5010,2018-11-12,0.13899999856948853,0.9615358114242554,7.611466571688652e-05,0.04596114531159401,nan,nan
0,5010,2018-11-13,0.2939999997615814,0.9456907510757446,6.994443538133055e-05,0.054327454417943954,nan,nan
0,5010,2018-11-14,0.19099999964237213,1.0601016283035278,8.221372991101816e-05,0.005144081544131041,nan,nan
0,5010,2018-11-15,0.1550000011920929,0.9675374031066895,7.974819163791835e-05,0.05286644771695137,nan,nan
0,5010,2018-11-16,0.12999999523162842,0.9238647222518921,7.149922021199018e-05,0.050328854471445084,nan,nan
0,5010,2018-11-17,0.12099999934434891,0.8720912933349609,6.476051930803806e-05,0.046063635498285294,nan,nan
0,5010,2018-11-18,0.12099999934434891,0.8153935074806213,5.8638775954023004e-05,0.04030732810497284,nan,nan
0,5010,2018-11-19,0.12099999934434891,0.7760618329048157,5.3486990509554744e-05,0.036123163998126984,nan,nan
0,5010,2018-11-20,0.12099999934434891,0.7366443276405334,5.711624908144586e-05,0.0053893220610916615,nan,nan
0,5010,2018-11-21,0.08500000089406967,0.6634297966957092,5.5185235396493226e-05,0.022862277925014496,nan,nan
0,5010,2018-11-22,0.061000000685453415,0.6710790991783142,5.156647603143938e-05,0.02623687870800495,nan,nan
0,5010,2018-11-23,0.609000027179718,0.7069840431213379,4.6926877985242754e-05,0.03303691744804382,nan,nan
0,5010,2018-11-24,1.8619999885559082,1.0582116842269897,0.00019586939015425742,0.11720216274261475,nan,nan
0,5010,2018-11-25,0.6399999856948853,1.1347155570983887,0.0003360304981470108,0.0002909730828832835,nan,nan
0,5010,2018-11-26,0.33399999141693115,1.055182933807373,0.00022714446822647005,0.030691981315612793,nan,nan
0,5010,2018-11-27,0.21199999749660492,1.07551109790802,0.00019344378961250186,0.018743982538580894,nan,nan
0,5010,2018-11-28,0.15199999511241913,1.009010672569275,0.00018059706781059504,0.05433479696512222,nan,nan
0,5010,2018-11-29,0.10000000149011612,0.9766840934753418,0.00016056984895840287,0.057237327098846436,nan,nan
0,5010,2018-11-30,0.10000000149011612,0.9229481816291809,0.00014364189701154828,0.05462437868118286,nan,nan
0,5010,2018-12-01,0.09399999678134918,0.9502723813056946,0.00013225493603385985,0.04455839470028877,nan,nan
0,5010,2018-12-02,2.128999948501587,1.011159896850586,0.0001289418141823262,0.023261841386556625,nan,nan
0,5010,2018-12-03,8.878999710083008,1.8861610889434814,0.002654928946867585,0.6031915545463562,nan,nan
0,5010,2018-12-04,14.76099967956543,3.41278076171875,0.011422920040786266,1.8537898063659668,nan,nan
0,5010,2018-12-05,6.810999870300293,5.038884162902832,0.02715044468641281,2.329251766204834,nan,nan
0,5010,2018-12-06,5.243000030517578,4.681361675262451,0.036159906536340714,0.003568846732378006,nan,nan
0,5010,2018-12-07,4.618000030517578,4.216587543487549,0.02756606414914131,0.005506082903593779,nan,nan
0,5010,2018-12-08,4.699999809265137,4.175163269042969,0.024323083460330963,0.0028906927909702063,nan,nan
0,5010,2018-12-09,15.315999984741211,4.6884894371032715,0.036191195249557495,0.008682304061949253,nan,nan
0,5010,2018-12-10,14.71299934387207,11.387972831726074,0.3583824634552002,0.40915682911872864,nan,nan
0,5010,2018-12-11,7.026000022888184,7.97792387008667,0.5648903250694275,0.5460867881774902,nan,nan
0,5010,2018-12-12,4.761000156402588,5.327142715454102,0.5571233034133911,0.04848857969045639,nan,nan
0,5010,2018-12-13,3.2839999198913574,3.8460397720336914,0.46827760338783264,0.04558853432536125,nan,nan
0,5010,2018-12-14,2.4049999713897705,3.5385994911193848,0.38204947113990784,0.15082614123821259,nan,nan
0,5010,2018-12-15,1.8559999465942383,3.0119307041168213,0.30596762895584106,0.15909384191036224,nan,nan
0,5010,2018-12-16,3.496000051498413,2.967378854751587,0.31479743123054504,0.012265506200492382,nan,nan
0,5010,2018-12-17,3.493000030517578,2.832886219024658,0.2775176167488098,0.01396222598850727,nan,nan
0,5010,2018-12-18,2.490000009536743,2.814403533935547,0.21729137003421783,0.01586502604186535,nan,nan
0,5010,2018-12-19,2.2950000762939453,2.403285503387451,0.16524066030979156,0.04588879272341728,nan,nan
0,5010,2018-12-20,2.75,2.931762218475342,0.16976431012153625,0.00234952918253839,nan,nan
0,5010,2018-12-21,8.475000381469727,2.607790946960449,0.14387419819831848,0.04927526041865349,nan,nan
0,5010,2018-12-22,18.773000717163086,10.034836769104004,0.5311593413352966,0.10928481072187424,nan,nan
0,5010,2018-12-23,13.13599967956543,8.892086029052734,0.7995925545692444,0.928022563457489,nan,nan
0,5010,2018-12-24,18.305999755859375,12.050681114196777,0.8857575058937073,0.17167070508003235,nan,nan
0,5010,2018-12-25,11.012999534606934,10.59790325164795,0.9331523776054382,0.22402682900428772,nan,nan
0,5010,2018-12-26,5.560999870300293,4.515734672546387,0.933336079120636,0.4879593551158905,nan,nan
0,5010,2018-12-27,4.074999809265137,3.016977310180664,0.9095950126647949,0.023159854114055634,nan,nan
0,5010,2018-12-28,3.072000026702881,2.0217697620391846,0.8708615899085999,0.026558198034763336,nan,nan
0,5010,2018-12-29,2.3529999256134033,3.353515386581421,0.8190722465515137,0.14069443941116333,nan,nan
0,5010,2018-12-30,1.9259999990463257,2.6480607986450195,0.7534835338592529,0.09543399512767792,nan,nan
0,5010,2018-12-31,1.6100000143051147,3.7266645431518555,0.6777152419090271,0.458676815032959,nan,nan
0,5010,2019-01-01,1.3799999952316284,2.7527759075164795,0.5161838531494141,0.21853835880756378,nan,nan
0,5010,2019-01-02,1.1740000247955322,2.240312099456787,0.4061959683895111,0.12092925608158112,nan,nan
0,5010,2019-01-03,1.0010000467300415,2.2445755004882812,0.27358803153038025,0.1644042432308197,nan,nan
0,5010,2019-01-04,0.8980000019073486,1.9916086196899414,0.18534298241138458,0.1346105933189392,nan,nan
0,5010,2019-01-05,0.7940000295639038,1.8032196760177612,0.1400221288204193,0.11131802201271057,nan,nan
0,5010,2019-01-06,0.7519999742507935,1.7396348714828491,0.10689050704240799,0.10560756176710129,nan,nan
0,5010,2019-01-07,0.6639999747276306,1.7866051197052002,0.08113962411880493,0.1257956624031067,nan,nan
0,5010,2019-01-08,0.6340000033378601,1.7612837553024292,0.03523900732398033,0.12264300137758255,nan,nan
0,5010,2019-01-09,0.6129999756813049,2.0360894203186035,0.03551049530506134,0.00045239870087243617,nan,nan
0,5010,2019-01-10,0.531000018119812,2.113064765930176,0.02851061336696148,0.04334481060504913,nan,nan
0,5010,2019-01-11,0.46699997782707214,1.935836911201477,0.023601341992616653,0.1833314299583435,nan,nan
0,5010,2019-01-12,0.39399999380111694,1.8301081657409668,0.01900675520300865,0.14793899655342102,nan,nan
0,5010,2019-01-13,0.531000018119812,2.141880989074707,0.02301384136080742,0.026061367243528366,nan,nan
0,5010,2019-01-14,4.068999767303467,2.75901198387146,0.04494977369904518,0.002193319145590067,nan,nan
0,5010,2019-01-15,2.385999917984009,2.737313985824585,0.05361194163560867,0.010707587003707886,nan,nan
0,5010,2019-01-16,1.5529999732971191,2.335444688796997,0.04213158041238785,0.04592297971248627,nan,nan
0,5010,2019-01-17,1.2860000133514404,2.1723620891571045,0.03253444656729698,0.1011909693479538,nan,nan
0,5010,2019-01-18,1.0950000286102295,2.0901973247528076,0.024199137464165688,0.05340226739645004,nan,nan
0,5010,2019-01-19,1.034000039100647,1.996713399887085,0.01601411961019039,0.12354335188865662,nan,nan
0,5010,2019-01-20,0.8949999809265137,1.7455261945724487,0.005865944549441338,0.08651501685380936,nan,nan
0,5010,2019-01-21,0.6909999847412109,1.6039892435073853,0.0014163129962980747,0.07836585491895676,nan,nan
0,5010,2019-01-22,0.609000027179718,1.3473271131515503,0.0006904746405780315,0.06041010469198227,nan,nan
0,5010,2019-01-23,0.6060000061988831,1.1880967617034912,0.00039162999019026756,0.03974860906600952,nan,nan
0,5010,2019-01-24,0.503000020980835,1.2186354398727417,0.00030616746516898274,0.01110148336738348,nan,nan
0,5010,2019-01-25,0.4580000042915344,1.1438292264938354,0.00024234878947027028,0.04774979129433632,nan,nan
0,5010,2019-01-26,0.4000000059604645,1.0026339292526245,0.0002108820335706696,0.03532944247126579,nan,nan
0,5010,2019-01-27,0.4790000021457672,0.9855235815048218,0.0001916647161124274,0.022621652111411095,nan,nan
0,5010,2019-01-28,0.4909999966621399,1.4844835996627808,0.0010900524212047458,0.1157592236995697,nan,nan
0,5010,2019-01-29,0.4309999942779541,1.5128952264785767,0.0017085715662688017,0.028455721214413643,nan,nan
0,5010,2019-01-30,0.39399999380111694,1.4639325141906738,0.0015834550140425563,0.03485891595482826,nan,nan
0,5010,2019-01-31,0.4309999942779541,1.5015181303024292,0.0015529283555224538,0.02222662977874279,nan,nan
0,5010,2019-02-01,0.7580000162124634,1.4981768131256104,0.001524088904261589,0.020175844430923462,nan,nan
0,5010,2019-02-02,0.9369999766349792,1.9468117952346802,0.002968012820929289,0.012743843719363213,nan,nan
0,5010,2019-02-03,0.7490000128746033,1.8982610702514648,0.0033212658017873764,0.0362485907971859,nan,nan
0,5010,2019-02-04,0.625,1.7460448741912842,0.0027686830144375563,0.0888250544667244,nan,nan
0,5010,2019-02-05,0.5490000247955322,1.548579454421997,0.002258884022012353,0.09720402210950851,nan,nan
0,5010,2019-02-06,0.49399998784065247,1.3825925588607788,0.0018553617410361767,0.07796058803796768,nan,nan
0,5010,2019-02-07,0.593999981880188,1.2641751766204834,0.0013114173198118806,0.06637514382600784,nan,nan
0,5010,2019-02-08,0.7850000262260437,1.422808051109314,0.0013646477600559592,0.0031850121449679136,nan,nan
0,5010,2019-02-09,1.2829999923706055,1.3675949573516846,0.0011599913705140352,0.0330832339823246,nan,nan
0,5010,2019-02-10,4.120999813079834,1.3788090944290161,0.0009505783091299236,0.00996424537152052,nan,nan
0,5010,2019-02-11,5.052000045776367,2.0778589248657227,0.0017835056642070413,0.47111043334007263,nan,nan
0,5010,2019-02-12,2.9749999046325684,2.245339870452881,0.0018054678803309798,0.14471298456192017,nan,nan
0,5010,2019-02-13,2.1500000953674316,2.111422061920166,0.0011204732581973076,0.002661242848262191,nan,nan
0,5010,2019-02-14,1.75600004196167,1.9096804857254028,0.0009161726338788867,0.0202914010733366,nan,nan
0,5010,2019-02-15,1.5800000429153442,1.7350702285766602,0.0007695191306993365,0.02719534933567047,nan,nan
0,5010,2019-02-16,1.8070000410079956,1.7228208780288696,0.0006385676097124815,0.03674865886569023,nan,nan
0,5010,2019-02-17,2.3289999961853027,1.7207099199295044,0.0005324025987647474,0.023126600310206413,nan,nan
0,5010,2019-02-18,2.6500000953674316,1.688105583190918,0.00044679551501758397,0.002686267951503396,nan,nan
0,5010,2019-02-19,2.507999897003174,1.7402300834655762,0.00037387970951385796,9.662386582931504e-05,nan,nan
0,5010,2019-02-20,2.2799999713897705,1.7075115442276,0.000314392673317343,0.0006645811372436583,nan,nan
0,5010,2019-02-21,2.2039999961853027,1.6996021270751953,0.0002638353034853935,0.0040367525070905685,nan,nan
0,5010,2019-02-22,2.6649999618530273,1.7409412860870361,0.0002148064086213708,0.007759978529065847,nan,nan
0,5010,2019-02-23,3.615000009536743,1.7760626077651978,0.00017486867727711797,0.00028756188112311065,nan,nan
0,5010,2019-02-24,3.302000045776367,1.7633798122406006,0.00015155422443058342,0.02334221452474594,nan,nan
0,5010,2019-02-25,3.0230000019073486,1.8493001461029053,0.0001300305884797126,0.005566243547946215,nan,nan
0,5010,2019-02-26,3.3570001125335693,1.874458909034729,5.989158671582118e-05,0.00035809006658382714,nan,nan
0,5010,2019-02-27,4.2820000648498535,1.91824209690094,3.59064360964112e-05,0.004286154638975859,nan,nan
0,5010,2019-02-28,5.197000026702881,2.1137027740478516,3.3230036933673546e-05,0.030337348580360413,nan,nan
0,5010,2019-03-01,8.736000061035156,2.3718490600585938,3.101906622759998e-05,0.06973326951265335,nan,nan
0,5010,2019-03-02,8.324000358581543,3.788229465484619,0.00017094398208428174,0.9452656507492065,nan,nan
0,5010,2019-03-03,6.571000099182129,3.9479479789733887,0.0002636776480358094,0.1462375819683075,nan,nan
0,5010,2019-03-04,6.224999904632568,3.806185483932495,0.00022919662296772003,0.013031133450567722,nan,nan
0,5010,2019-03-05,5.554999828338623,4.067921161651611,0.00022958923364058137,0.014990194700658321,nan,nan
0,5010,2019-03-06,4.464000225067139,3.7875633239746094,0.00022730395721737295,0.0034359246492385864,nan,nan
0,5010,2019-03-07,8.071999549865723,4.108574867248535,0.00026852762675844133,0.002461387310177088,nan,nan
0,5010,2019-03-08,6.870999813079834,4.2820024490356445,0.0003624343662522733,0.08917601406574249,nan,nan
0,5010,2019-03-09,5.284999847412109,4.297794818878174,0.0003344503929838538,0.003145605558529496,nan,nan
0,5010,2019-03-10,12.980999946594238,4.747855186462402,0.0004588800948113203,0.00504542700946331,nan,nan
0,5010,2019-03-11,10.633999824523926,5.792470932006836,0.001299127354286611,0.6483045816421509,nan,nan
0,5010,2019-03-12,5.685999870300293,6.823368072509766,0.00229644519276917,0.19005435705184937,nan,nan
0,5010,2019-03-13,4.900000095367432,6.169968128204346,0.002562944544479251,0.3061462640762329,nan,nan
0,5010,2019-03-14,4.2820000648498535,5.794394016265869,0.0033084952738136053,0.13790057599544525,nan,nan
0,5010,2019-03-15,16.31399917602539,6.777966022491455,0.025595135986804962,0.017394613474607468,nan,nan
0,5010,2019-03-16,19.53700065612793,8.277384757995605,0.1595662534236908,0.6833623647689819,nan,nan
0,5010,2019-03-17,13.027000427246094,9.21134090423584,0.26761510968208313,0.8325645923614502,nan,nan
0,5010,2019-03-18,8.305000305175781,7.757867336273193,0.33216720819473267,0.10411672294139862,nan,nan
0,5010,2019-03-19,5.7220001220703125,6.480072975158691,0.3038182258605957,0.09513556212186813,nan,nan
0,5010,2019-03-20,4.564000129699707,5.820137977600098,0.25037017464637756,0.33947309851646423,nan,nan
0,5010,2019-03-21,3.7960000038146973,5.1270270347595215,0.20225997269153595,0.3560228943824768,nan,nan
0,5010,2019-03-22,3.3450000286102295,4.680393218994141,0.16012951731681824,0.37153252959251404,nan,nan
0,5010,2019-03-23,3.302000045776367,4.01003360748291,0.1269337385892868,0.2560444176197052,nan,nan
0,5010,2019-03-24,3.5869998931884766,3.813093423843384,0.10256893932819366,0.21153445541858673,nan,nan
0,5010,2019-03-25,3.687000274658203,3.7231082916259766,0.08110002428293228,0.14864811301231384,nan,nan
0,5010,2019-03-26,2.9019999504089355,3.6864216327667236,0.061388082802295685,0.12820641696453094,nan,nan
0,5010,2019-03-27,2.428999900817871,3.3682217597961426,0.04655689373612404,0.16716013848781586,nan,nan
0,5010,2019-03-28,2.2799999713897705,2.8528759479522705,0.03555135056376457,0.12346140295267105,nan,nan
0,5010,2019-03-29,2.4590001106262207,2.58599591255188,0.027661427855491638,0.09290789067745209,nan,nan
0,5010,2019-03-30,2.8320000171661377,2.760608196258545,0.021649030968546867,0.10304403305053711,nan,nan
0,5010,2019-03-31,2.996000051498413,2.718169689178467,0.013339756056666374,0.059615857899188995,nan,nan
0,5010,2019-04-01,3.2230000495910645,2.72685170173645,0.009442223235964775,0.04744572937488556,nan,nan
0,5010,2019-04-02,3.2990000247955322,2.7414278984069824,0.007733207195997238,0.03314370661973953,nan,nan
0,5010,2019-04-03,3.3989999294281006,2.6918225288391113,0.006339456420391798,0.024102186784148216,nan,nan
0,5010,2019-04-04,2.6530001163482666,4.3439717292785645,0.047130193561315536,0.07335337996482849,nan,nan
0,5010,2019-04-05,1.8980000019073486,3.9052317142486572,0.0610603392124176,0.1301780343055725,nan,nan
0,5010,2019-04-06,2.0260000228881836,3.2108466625213623,0.043552566319704056,0.2865060865879059,nan,nan
0,5010,2019-04-07,3.747999906539917,2.966897487640381,0.03272390738129616,0.17652325332164764,nan,nan
0,5010,2019-04-08,3.9059998989105225,2.9442365169525146,0.024614907801151276,0.00025176064809784293,nan,nan
0,5010,2019-04-09,3.4539999961853027,2.879040002822876,0.01488320529460907,0.009991992264986038,nan,nan
0,5010,2019-04-10,4.178999900817871,2.657313823699951,0.010027378797531128,0.014095541089773178,nan,nan
0,5010,2019-04-11,4.630000114440918,2.6009109020233154,0.006516874767839909,0.0005537194665521383,nan,nan
0,5010,2019-04-12,4.0,2.8362526893615723,0.005156153347343206,0.0014756995951756835,nan,nan
0,5010,2019-04-13,2.9230000972747803,2.6899192333221436,0.0025538248009979725,0.001025818637572229,nan,nan
0,5010,2019-04-14,2.197999954223633,2.450554609298706,0.000862967106513679,0.02414647676050663,nan,nan
0,5010,2019-04-15,1.7680000066757202,2.396498918533325,0.0005423219408839941,0.0715995505452156,nan,nan
0,5010,2019-04-16,2.000999927520752,2.142475128173828,0.00037616834742948413,0.07491359859704971,nan,nan
0,5010,2019-04-17,2.6019999980926514,1.9756433963775635,0.0002815966436173767,0.03515946492552757,nan,nan
0,5010,2019-04-18,3.1080000400543213,1.880595326423645,0.0002453074848745018,0.003185297828167677,nan,nan
0,5010,2019-04-19,2.822999954223633,1.9646116495132446,0.00025053121498785913,8.579239511163905e-05,nan,nan
0,5010,2019-04-20,2.5959999561309814,1.9786161184310913,0.0002473580534569919,0.0019745288882404566,nan,nan
0,5010,2019-04-21,2.134999990463257,1.9791332483291626,0.0003147876705043018,0.007108225487172604,nan,nan
0,5010,2019-04-22,1.8920000791549683,1.9856903553009033,0.0003549373068381101,0.027818260714411736,nan,nan
0,5010,2019-04-23,1.7799999713897705,1.9796910285949707,0.0004936885088682175,0.04313495010137558,nan,nan
0,5010,2019-04-24,1.5460000038146973,2.0425221920013428,0.0005327711114659905,0.05972954258322716,nan,nan
0,5010,2019-04-25,1.315999984741211,2.1616034507751465,0.00045522977598011494,0.06567279994487762,nan,nan
0,5010,2019-04-26,1.965000033378601,2.7647616863250732,0.0007307915948331356,0.001206011394970119,nan,nan
0,5010,2019-04-27,2.3469998836517334,2.3703532218933105,0.0009599847253412008,0.05962793156504631,nan,nan
0,5010,2019-04-28,2.9779999256134033,2.5183377265930176,0.0012088536750525236,0.0026663541793823242,nan,nan
0,5010,2019-04-29,2.6410000324249268,2.269362211227417,0.0011294864816591144,0.00035660326830111444,nan,nan
0,5010,2019-04-30,2.740999937057495,1.9328850507736206,0.0009368181927129626,0.004076177719980478,nan,nan
0,5010,2019-05-01,2.2290000915527344,1.8464274406433105,0.0007812804542481899,0.0005201910389587283,nan,nan
0,5010,2019-05-02,1.6369999647140503,1.7447153329849243,0.0007691840291954577,0.007181211840361357,nan,nan
0,5010,2019-05-03,1.812999963760376,1.921960711479187,0.0002916727098636329,0.005421514622867107,nan,nan
0,5010,2019-05-04,1.63100004196167,1.7603477239608765,0.0001872190332505852,0.026183560490608215,nan,nan
0,5010,2019-05-05,1.4559999704360962,1.7702467441558838,0.00018698230269365013,0.00044457390322349966,nan,nan
0,5010,2019-05-06,1.2949999570846558,1.5814968347549438,0.00017566313908901066,0.030842317268252373,nan,nan
0,5010,2019-05-07,1.218999981880188,1.4614008665084839,0.00015834846999496222,0.02927914820611477,nan,nan
0,5010,2019-05-08,2.3289999961853027,1.3868433237075806,0.00015447998885065317,0.026935439556837082,nan,nan
0,5010,2019-05-09,4.821000099182129,2.3274405002593994,0.0012147276429459453,0.2074340432882309,nan,nan
0,5010,2019-05-10,4.0329999923706055,2.6415855884552,0.0018723781686276197,0.1175285279750824,nan,nan
0,5010,2019-05-11,3.553999900817871,2.605661630630493,0.0015887952176854014,0.003385396208614111,nan,nan
0,5010,2019-05-12,3.942000150680542,2.861847162246704,0.0015794939827173948,0.008688708767294884,nan,nan
0,5010,2019-05-13,2.6989998817443848,2.6908328533172607,0.001652177656069398,0.0018002510769292712,nan,nan
0,5010,2019-05-14,1.8589999675750732,2.466378927230835,0.001601915922947228,0.039564166218042374,nan,nan
0,5010,2019-05-15,1.3980000019073486,2.086214303970337,0.0018581704935058951,0.05878734216094017,nan,nan
0,5010,2019-05-16,1.1069999933242798,1.8639891147613525,0.0016602450050413609,0.06899303197860718,nan,nan
0,5010,2019-05-17,1.1160000562667847,1.6834248304367065,0.0014669271185994148,0.06993527710437775,nan,nan
0,5010,2019-05-18,0.9039999842643738,1.603730320930481,0.0012162992497906089,0.05460074916481972,nan,nan
0,5010,2019-05-19,0.8100000023841858,1.4867371320724487,0.001011517713777721,0.06073669344186783,nan,nan
0,5010,2019-05-20,2.6989998817443848,1.6726670265197754,0.0008819981012493372,0.04597807303071022,nan,nan
0,5010,2019-05-21,3.88700008392334,1.9647234678268433,0.000982845202088356,0.03947443515062332,nan,nan
0,5010,2019-05-22,2.0769999027252197,1.9306272268295288,0.0009952764958143234,0.023984160274267197,nan,nan
0,5010,2019-05-23,1.3309999704360962,1.7551171779632568,0.001031380263157189,0.013036918826401234,nan,nan
0,5010,2019-05-24,1.0729999542236328,1.7472820281982422,0.0011701994808390737,0.058867231011390686,nan,nan
0,5010,2019-05-25,0.8949999809265137,1.7321103811264038,0.0008034713100641966,0.0804607942700386,nan,nan
0,5010,2019-05-26,0.7400000095367432,1.970725655555725,0.000525229552295059,0.05310744419693947,nan,nan
0,5010,2019-05-27,0.6370000243186951,1.6938978433609009,0.0005096257664263248,0.10992062091827393,nan,nan
0,5010,2019-05-28,0.9399999380111694,1.6347997188568115,0.0004297890409361571,0.11121261119842529,nan,nan
0,5010,2019-05-29,1.628000020980835,2.008854389190674,0.0005119589040987194,0.011715978384017944,nan,nan
0,5010,2019-05-30,0.9700000286102295,1.8292286396026611,0.0005379766225814819,0.04534541442990303,nan,nan
0,5010,2019-05-31,0.7070000171661377,1.6457093954086304,0.0005541164427995682,0.07737695425748825,nan,nan
0,5010,2019-06-01,0.5910000205039978,1.4164990186691284,0.0007071165018714964,0.06854569911956787,nan,nan
0,5010,2019-06-02,0.49399998784065247,1.2722810506820679,0.0010283543961122632,0.058981627225875854,nan,nan
0,5010,2019-06-03,0.46399998664855957,1.1781437397003174,0.0015690319705754519,0.05485730618238449,nan,nan
0,5010,2019-06-04,0.46699997782707214,1.2344826459884644,0.0017649611691012979,0.06492443382740021,nan,nan
0,5010,2019-06-05,0.5640000104904175,1.1607880592346191,0.004098915029317141,0.054858189076185226,nan,nan
0,5010,2019-06-06,0.5400000214576721,1.3582409620285034,0.005313898902386427,0.0734330341219902,nan,nan
0,5010,2019-06-07,0.40299999713897705,1.3694547414779663,0.002454059664160013,0.07741671800613403,nan,nan
0,5010,2019-06-08,0.3400000035762787,1.1537288427352905,0.002046738751232624,0.05929189175367355,nan,nan
0,5010,2019-06-09,0.5849999785423279,0.9927470684051514,0.0029217228293418884,0.04439793899655342,nan,nan
0,5010,2019-06-10,3.436000108718872,1.7346625328063965,0.023621151223778725,0.20674772560596466,nan,nan
0,5010,2019-06-11,5.4070000648498535,3.220407724380493,0.08073464035987854,0.5093168020248413,nan,nan
0,5010,2019-06-12,10.015999794006348,3.5704915523529053,0.10950116068124771,0.26567548513412476,nan,nan
0,5010,2019-06-13,4.709000110626221,3.2212743759155273,0.14517386257648468,0.76803058385849,nan,nan
0,5010,2019-06-14,2.9140000343322754,2.4063684940338135,0.1696815937757492,0.02864743210375309,nan,nan
0,5010,2019-06-15,3.4690001010894775,2.8501689434051514,0.13928520679473877,0.0022153176832944155,nan,nan
0,5010,2019-06-16,4.599999904632568,3.3961293697357178,0.11429783701896667,0.003241505241021514,nan,nan
0,5010,2019-06-17,2.7290000915527344,2.7806477546691895,0.11445479840040207,0.0023327991366386414,nan,nan
0,5010,2019-06-18,1.8739999532699585,2.206480026245117,0.11530298739671707,0.015107578597962856,nan,nan
0,5010,2019-06-19,1.440000057220459,1.8309046030044556,0.12033463269472122,0.02901613712310791,nan,nan
0,5010,2019-06-20,1.1890000104904175,1.5995657444000244,0.14016403257846832,0.03361307829618454,nan,nan
0,5010,2019-06-21,1.0549999475479126,1.8775298595428467,0.10619963705539703,0.037745121866464615,nan,nan
0,5010,2019-06-22,1.7070000171661377,1.9578818082809448,0.07926224172115326,0.0069658393040299416,nan,nan
0,5010,2019-06-23,1.3830000162124634,1.8909268379211426,0.0600334070622921,0.042577676475048065,nan,nan
0,5010,2019-06-24,0.9279999732971191,1.3507858514785767,0.056402478367090225,0.01577514223754406,nan,nan
0,5010,2019-06-25,0.7519999742507935,1.2255562543869019,0.06671532243490219,0.029294004663825035,nan,nan
0,5010,2019-06-26,0.6340000033378601,1.2614279985427856,0.09588069468736649,0.04482785984873772,nan,nan
0,5010,2019-06-27,0.5609999895095825,1.1987128257751465,0.1366715282201767,0.046358272433280945,nan,nan
0,5010,2019-06-28,0.4909999966621399,1.0278390645980835,0.22274257242679596,0.03297001123428345,nan,nan
0,5010,2019-06-29,0.45500001311302185,1.0591673851013184,0.3318190574645996,0.04094820097088814,nan,nan
0,5010,2019-06-30,0.41200000047683716,1.1666938066482544,0.4408243000507355,0.056608896702528,nan,nan
0,5016,2018-10-19,0.5009999871253967,0.9491888880729675,2.5451496185269207e-05,0.028949474915862083,nan,nan
0,5016,2018-10-20,0.492000013589859,1.0123425722122192,2.22992202907335e-05,0.035291653126478195,nan,nan
0,5016,2018-10-21,0.4869999885559082,0.9773193597793579,1.9852839614031836e-05,0.03236505389213562,nan,nan
0,5016,2018-10-22,0.48899996280670166,0.9602189064025879,1.946321572177112e-05,0.031019460409879684,nan,nan
0,5016,2018-10-23,0.48399999737739563,0.8799760937690735,1.613159474800341e-05,0.023694943636655807,nan,nan
0,5016,2018-10-24,0.48100000619888306,0.8445419669151306,1.549274929857347e-05,0.021071946248412132,nan,nan
0,5016,2018-10-25,0.48399999737739563,0.8386150598526001,1.4294239917944651e-05,0.02075720764696598,nan,nan
0,5016,2018-10-26,0.48100000619888306,0.8411056995391846,1.2897245142085012e-05,0.020801272243261337,nan,nan
0,5016,2018-10-27,0.5350000262260437,0.9184653162956238,1.2583943316712976e-05,0.022119037806987762,nan,nan
0,5016,2018-10-28,0.5799999833106995,1.4389963150024414,9.028796193888411e-05,0.06755569577217102,nan,nan
0,5016,2018-10-29,0.5630000233650208,1.4084222316741943,0.00014079781249165535,0.01113844197243452,nan,nan
0,5016,2018-10-30,0.5830000042915344,1.2866225242614746,0.00013709593622479588,0.017990710213780403,nan,nan
0,5016,2018-10-31,0.5889999866485596,1.0760157108306885,0.0001227148313773796,0.03589978069067001,nan,nan
0,5016,2018-11-01,0.5659999847412109,0.9853289127349854,0.00010321663285139948,0.027259429916739464,nan,nan
0,5016,2018-11-02,0.5740000009536743,1.0417773723602295,9.206866525346413e-05,0.01730155572295189,nan,nan
0,5016,2018-11-03,0.5400000214576721,1.0030262470245361,8.099366095848382e-05,0.029772471636533737,nan,nan
0,5016,2018-11-04,0.5230000019073486,0.988824188709259,7.044600351946428e-05,0.030496543273329735,nan,nan
0,5016,2018-11-05,0.5090000033378601,0.9977823495864868,6.076516001485288e-05,0.03241679072380066,nan,nan
0,5016,2018-11-06,0.5120000243186951,1.0154680013656616,5.401288944995031e-05,0.03508545830845833,nan,nan
0,5016,2018-11-07,0.5230000019073486,1.0970189571380615,4.699911005445756e-05,0.04367424547672272,nan,nan
0,5016,2018-11-08,0.6510000228881836,1.575027585029602,8.882416295818985e-05,0.0003058920556213707,nan,nan
0,5016,2018-11-09,0.6729999780654907,1.4380801916122437,0.00010944867244688794,0.07700002938508987,nan,nan
0,5016,2018-11-10,0.6029999852180481,1.2863755226135254,9.370943735120818e-05,0.053984012454748154,nan,nan
0,5016,2018-11-11,0.5659999847412109,1.3658902645111084,8.782584336586297e-05,0.024726353585720062,nan,nan
0,5016,2018-11-12,0.5379999876022339,1.3523739576339722,7.833525160094723e-05,0.06714817136526108,nan,nan
0,5016,2018-11-13,0.5799999833106995,1.324725866317749,7.208049646578729e-05,0.07097623497247696,nan,nan
0,5016,2018-11-14,0.6309999823570251,1.476359486579895,8.114866795949638e-05,0.020790738984942436,nan,nan
0,5016,2018-11-15,0.621999979019165,1.3404252529144287,7.642203127034009e-05,0.06472359597682953,nan,nan
0,5016,2018-11-16,0.5720000267028809,1.2855349779129028,6.684477557428181e-05,0.058101627975702286,nan,nan
0,5016,2018-11-17,0.5519999861717224,1.2145296335220337,5.909735773457214e-05,0.05311521142721176,nan,nan
0,5016,2018-11-18,0.5400000214576721,1.1381279230117798,5.2619900088757277e-05,0.045442283153533936,nan,nan
0,5016,2018-11-19,0.5379999876022339,1.0764302015304565,4.7161909606074914e-05,0.03939374163746834,nan,nan
0,5016,2018-11-20,0.5350000262260437,1.017149806022644,5.0284746976103634e-05,0.005281367339193821,nan,nan
0,5016,2018-11-21,0.5230000019073486,0.9028162956237793,4.817260196432471e-05,0.02100227400660515,nan,nan
0,5016,2018-11-22,0.5090000033378601,0.9134107828140259,4.416715819388628e-05,0.024034610018134117,nan,nan
0,5016,2018-11-23,0.6790000200271606,0.967170774936676,3.955755164497532e-05,0.030333394184708595,nan,nan
0,5016,2018-11-24,3.049999952316284,1.4685757160186768,0.00016907911049202085,0.06168678030371666,nan,nan
0,5016,2018-11-25,2.2070000171661377,1.64937424659729,0.0003116662264801562,0.007210793439298868,nan,nan
0,5016,2018-11-26,1.350000023841858,1.602762222290039,0.00019614616758190095,0.002495389198884368,nan,nan
0,5016,2018-11-27,1.0640000104904175,1.67190420627594,0.00016888124810066074,0.012279456481337547,nan,nan
0,5016,2018-11-28,0.8709999918937683,1.5648034811019897,0.00015736467321403325,0.055181656032800674,nan,nan
0,5016,2018-11-29,0.8259999752044678,1.5063732862472534,0.00013966482947580516,0.06634195148944855,nan,nan
0,5016,2018-11-30,0.8740000128746033,1.4112271070480347,0.00012426695320755243,0.05738309398293495,nan,nan
0,5016,2018-12-01,0.890999972820282,1.4562300443649292,0.0001128982039517723,0.04742363467812538,nan,nan
0,5016,2018-12-02,3.134999990463257,1.555626392364502,0.00010817873408086598,0.025989850983023643,nan,nan
0,5016,2018-12-03,19.308000564575195,2.8684802055358887,0.0016907548997551203,0.3943321406841278,nan,nan
0,5016,2018-12-04,29.566999435424805,7.635070323944092,0.05555405467748642,4.142611026763916,nan,nan
0,5016,2018-12-05,20.410999298095703,18.549293518066406,0.448896586894989,0.1935991793870926,nan,nan
0,5016,2018-12-06,14.800000190734863,17.23571014404297,0.702637255191803,0.942489743232727,nan,nan
0,5016,2018-12-07,12.427000045776367,11.626379013061523,0.718058168888092,0.1769549697637558,nan,nan
0,5016,2018-12-08,10.739999771118164,10.627751350402832,0.7139654755592346,0.19920814037322998,nan,nan
0,5016,2018-12-09,30.1299991607666,12.476999282836914,0.783540666103363,0.8565651178359985,nan,nan
0,5016,2018-12-10,32.6879997253418,31.85504913330078,0.9959307312965393,5.260643005371094,nan,nan
0,5016,2018-12-11,21.07900047302246,19.45784568786621,0.9993775486946106,0.6545391082763672,nan,nan
0,5016,2018-12-12,13.105999946594238,13.910970687866211,0.9996435642242432,0.009381678886711597,nan,nan
0,5016,2018-12-13,9.26099967956543,9.966885566711426,0.9995410442352295,0.1754622459411621,nan,nan
0,5016,2018-12-14,6.776000022888184,6.796163558959961,0.9992799162864685,0.05237243324518204,nan,nan
0,5016,2018-12-15,5.0929999351501465,4.922557353973389,0.9988177418708801,0.023350747302174568,nan,nan
0,5016,2018-12-16,6.788000106811523,4.807010173797607,0.9984694123268127,0.001500639133155346,nan,nan
0,5016,2018-12-17,8.295999526977539,6.392280101776123,0.9977370500564575,0.2626495659351349,nan,nan
0,5016,2018-12-18,6.085999965667725,9.415260314941406,0.9964243769645691,1.1654866933822632,nan,nan
0,5016,2018-12-19,5.324999809265137,6.458899974822998,0.9941188097000122,0.4710150957107544,nan,nan
0,5016,2018-12-20,6.068999767303467,6.058531284332275,0.99224454164505,0.13935059309005737,nan,nan
0,5016,2018-12-21,12.52299976348877,3.8812448978424072,0.9883014559745789,0.00018802200793288648,nan,nan
0,5016,2018-12-22,32.41899871826172,18.12354850769043,0.99613356590271,3.4951119422912598,nan,nan
0,5016,2018-12-23,28.40399932861328,16.54690170288086,0.9997156262397766,1.563010811805725,nan,nan
0,5016,2018-12-24,37.064998626708984,18.263778686523438,0.9999074935913086,0.3038967251777649,nan,nan
0,5016,2018-12-25,29.94900131225586,23.94082260131836,0.999984860420227,0.010917208157479763,nan,nan
0,5016,2018-12-26,20.65999984741211,13.380794525146484,0.9999926090240479,2.5601541996002197,nan,nan
0,5016,2018-12-27,14.269000053405762,8.012004852294922,0.9999924898147583,2.0605812072753906,nan,nan
0,5016,2018-12-28,10.366999626159668,7.068243980407715,0.9999884366989136,0.329115629196167,nan,nan
0,5016,2018-12-29,7.973000526428223,6.633433818817139,0.9999791383743286,8.167030318873003e-05,nan,nan
0,5016,2018-12-30,5.96999979019165,7.931517124176025,0.9999600648880005,0.5826859474182129,nan,nan
0,5016,2018-12-31,4.900000095367432,10.190914154052734,0.9999222755432129,2.9892332553863525,nan,nan
0,5016,2019-01-01,4.315000057220459,8.84044361114502,0.9998225569725037,2.3982839584350586,nan,nan
0,5016,2019-01-02,3.6470000743865967,5.3447346687316895,0.9995588660240173,0.46758681535720825,nan,nan
0,5016,2019-01-03,3.203000068664551,4.419508457183838,0.9987962245941162,0.31877753138542175,nan,nan
0,5016,2019-01-04,2.818000078201294,4.590487003326416,0.9973130822181702,0.4745291769504547,nan,nan
0,5016,2019-01-05,2.5290000438690186,3.213063955307007,0.9946278929710388,0.1454066038131714,nan,nan
0,5016,2019-01-06,2.3510000705718994,2.617668628692627,0.9899911880493164,0.07043856382369995,nan,nan
0,5016,2019-01-07,1.9639999866485596,1.2994991540908813,0.9809030294418335,0.003340683178976178,nan,nan
0,5016,2019-01-08,1.9919999837875366,1.214399814605713,0.9263836741447449,0.00045892063644714653,nan,nan
0,5016,2019-01-09,1.8140000104904175,1.6380176544189453,0.8848187327384949,0.10861646384000778,nan,nan
0,5016,2019-01-10,1.649999976158142,1.956881046295166,0.7984334230422974,0.001106554176658392,nan,nan
0,5016,2019-01-11,1.5019999742507935,2.5099148750305176,0.6888504028320312,0.15151433646678925,nan,nan
0,5016,2019-01-12,1.3639999628067017,2.486077070236206,0.5738046169281006,0.14855757355690002,nan,nan
0,5016,2019-01-13,1.6779999732971191,5.232827663421631,0.5402365326881409,0.6690520644187927,nan,nan
0,5016,2019-01-14,8.559000015258789,10.673011779785156,0.6305757164955139,3.4067392349243164,nan,nan
0,5016,2019-01-15,6.513000011444092,6.9352803230285645,0.6695259213447571,0.050736766308546066,nan,nan
0,5016,2019-01-16,4.534999847412109,5.683291435241699,0.5746098756790161,0.1620035171508789,nan,nan
0,5016,2019-01-17,3.3610000610351562,4.579660415649414,0.4615374803543091,0.2040662169456482,nan,nan
0,5016,2019-01-18,2.7639999389648438,4.80148458480835,0.344974160194397,0.36296677589416504,nan,nan
0,5016,2019-01-19,2.506999969482422,3.9198527336120605,0.22900427877902985,0.339676171541214,nan,nan
0,5016,2019-01-20,2.299999952316284,3.5080337524414062,0.1072615385055542,0.2663063406944275,nan,nan
0,5016,2019-01-21,1.937999963760376,3.2633166313171387,0.013463899493217468,0.23587627708911896,nan,nan
0,5016,2019-01-22,1.6859999895095825,2.8306827545166016,0.005432260222733021,0.18599729239940643,nan,nan
0,5016,2019-01-23,1.6299999952316284,2.4646542072296143,0.0019181015668436885,0.1286431849002838,nan,nan
0,5016,2019-01-24,1.5110000371932983,2.4929354190826416,0.0011334734736010432,0.0726657286286354,nan,nan
0,5016,2019-01-25,1.347000002861023,2.3117213249206543,0.0006434761453419924,0.12859857082366943,nan,nan
0,5016,2019-01-26,1.2649999856948853,1.9389783143997192,0.00044382386840879917,0.08269199728965759,nan,nan
0,5016,2019-01-27,1.3380000591278076,1.8196648359298706,0.00035968743031844497,0.050788260996341705,nan,nan
0,5016,2019-01-28,1.375,2.848851203918457,0.0033466394525021315,0.06723905354738235,nan,nan
0,5016,2019-01-29,1.2730000019073486,2.7677204608917236,0.006213785614818335,0.14112848043441772,nan,nan
0,5016,2019-01-30,1.2730000019073486,2.619523286819458,0.00551353394985199,0.12692198157310486,nan,nan
0,5016,2019-01-31,1.2480000257492065,2.657982587814331,0.0051312497816979885,0.09995808452367783,nan,nan
0,5016,2019-02-01,1.371999979019165,2.5788304805755615,0.004796978551894426,0.08797204494476318,nan,nan
0,5016,2019-02-02,1.555999994277954,3.405359983444214,0.010634370148181915,0.009087618440389633,nan,nan
0,5016,2019-02-03,1.4769999980926514,3.197002649307251,0.012376287020742893,0.20580938458442688,nan,nan
0,5016,2019-02-04,1.3240000009536743,2.9241158962249756,0.009961499832570553,0.2522113025188446,nan,nan
0,5016,2019-02-05,1.2960000038146973,2.5858800411224365,0.00794771034270525,0.22289134562015533,nan,nan
0,5016,2019-02-06,1.3020000457763672,2.281273603439331,0.006369214504957199,0.15450967848300934,nan,nan
0,5016,2019-02-07,1.434000015258789,2.0910942554473877,0.004422027617692947,0.1164761558175087,nan,nan
0,5016,2019-02-08,2.015000104904175,2.367647409439087,0.0042595756240189075,0.03054964542388916,nan,nan
0,5016,2019-02-09,2.742000102996826,2.3038833141326904,0.0035292659886181355,0.04547274485230446,nan,nan
0,5016,2019-02-10,6.173999786376953,2.3668270111083984,0.002825245726853609,0.014041894115507603,nan,nan
0,5016,2019-02-11,9.472999572753906,3.6266098022460938,0.004885729867964983,0.3739621639251709,nan,nan
0,5016,2019-02-12,6.072000026702881,4.296858310699463,0.0056797475554049015,0.34814244508743286,nan,nan
0,5016,2019-02-13,4.793000221252441,4.20501184463501,0.003462182590737939,0.006189634092152119,nan,nan
0,5016,2019-02-14,3.769000291824341,3.8980188369750977,0.0028250981122255325,0.048857297748327255,nan,nan
0,5016,2019-02-15,3.3299999237060547,3.5212607383728027,0.002329173730686307,0.08925153315067291,nan,nan
0,5016,2019-02-16,3.6500000953674316,3.4568755626678467,0.001892939442768693,0.12821176648139954,nan,nan
0,5016,2019-02-17,4.572000026702881,3.450962543487549,0.0015477880369871855,0.09026703238487244,nan,nan
0,5016,2019-02-18,5.124000072479248,3.415322780609131,0.0013111550360918045,0.016733443364501,nan,nan
0,5016,2019-02-19,5.245999813079834,3.5589118003845215,0.00111855857539922,0.005158194340765476,nan,nan
0,5016,2019-02-20,5.135000228881836,3.56392502784729,0.0009597620228305459,0.0026863939128816128,nan,nan
0,5016,2019-02-21,5.138000011444092,3.638045310974121,0.0008236332796514034,0.008360343985259533,nan,nan
0,5016,2019-02-22,5.551000118255615,3.8142001628875732,0.0006890288786962628,0.0192816611379385,nan,nan
0,5016,2019-02-23,7.0960001945495605,3.9552810192108154,0.0005814864416606724,0.01101846806704998,nan,nan
0,5016,2019-02-24,6.382999897003174,4.039196968078613,0.0005690307589247823,0.02034183219075203,nan,nan
0,5016,2019-02-25,5.638999938964844,4.364200592041016,0.0005183034227229655,0.004990382120013237,nan,nan
0,5016,2019-02-26,5.7129998207092285,4.422715663909912,0.0002078236429952085,0.04700187221169472,nan,nan
0,5016,2019-02-27,7.526000499725342,4.53519344329834,0.00011031771282432601,0.0549725741147995,nan,nan
0,5016,2019-02-28,10.14900016784668,5.036896705627441,0.00011655245180008933,0.0028813318349421024,nan,nan
0,5016,2019-03-01,16.73900032043457,5.867805480957031,0.00015272246673703194,0.03214114159345627,nan,nan
0,5016,2019-03-02,17.62700080871582,9.145773887634277,0.0016713301884010434,0.8601200580596924,nan,nan
0,5016,2019-03-03,14.085000038146973,10.208337783813477,0.004723798017948866,0.09409376978874207,nan,nan
0,5016,2019-03-04,14.166999816894531,10.366929054260254,0.006257439963519573,0.12702736258506775,nan,nan
0,5016,2019-03-05,12.536999702453613,11.151914596557617,0.008880935609340668,0.17963899672031403,nan,nan
0,5016,2019-03-06,9.394000053405762,10.858316421508789,0.010919608175754547,0.5793081521987915,nan,nan
0,5016,2019-03-07,16.452999114990234,11.180038452148438,0.01256896648555994,1.2248032093048096,nan,nan
0,5016,2019-03-08,16.985000610351562,11.825181007385254,0.030067043378949165,0.0889156237244606,nan,nan
0,5016,2019-03-09,13.829999923706055,12.340999603271484,0.04524637758731842,0.13418452441692352,nan,nan
0,5016,2019-03-10,27.246999740600586,12.965996742248535,0.06732282042503357,0.690656840801239,nan,nan
0,5016,2019-03-11,27.170000076293945,17.743141174316406,0.4820594787597656,0.0009765787981450558,nan,nan
0,5016,2019-03-12,18.547000885009766,19.647642135620117,0.8178039193153381,0.014729155227541924,nan,nan
0,5016,2019-03-13,13.291999816894531,11.028244018554688,0.8877755403518677,0.145894855260849,nan,nan
0,5016,2019-03-14,11.42199993133545,10.830859184265137,0.9092183113098145,0.04049462452530861,nan,nan
0,5016,2019-03-15,28.690000534057617,16.08527946472168,0.981404721736908,1.4504945278167725,nan,nan
0,5016,2019-03-16,36.66299819946289,21.715097427368164,0.9987969398498535,0.4714392423629761,nan,nan
0,5016,2019-03-17,31.428998947143555,24.528568267822266,0.9997945427894592,0.06714104861021042,nan,nan
0,5016,2019-03-18,25.16200065612793,20.48126792907715,0.9999290704727173,0.005834509618580341,nan,nan
0,5016,2019-03-19,18.863000869750977,14.96055793762207,0.9999510049819946,0.11213485151529312,nan,nan
0,5016,2019-03-20,13.970999717712402,10.047438621520996,0.9999456405639648,0.3213657736778259,nan,nan
0,5016,2019-03-21,11.246999740600586,10.0477933883667,0.9999213218688965,0.08380801975727081,nan,nan
0,5016,2019-03-22,9.659000396728516,9.735749244689941,0.9998704195022583,0.46425861120224,nan,nan
0,5016,2019-03-23,9.763999938964844,5.278156757354736,0.9997774958610535,0.0645211935043335,nan,nan
0,5016,2019-03-24,10.720000267028809,7.4239044189453125,0.9996302127838135,0.09714064747095108,nan,nan
0,5016,2019-03-25,10.831000328063965,9.053304672241211,0.9993969202041626,0.34557026624679565,nan,nan
0,5016,2019-03-26,8.734000205993652,10.057653427124023,0.9989940524101257,0.7086310982704163,nan,nan
0,5016,2019-03-27,7.265999794006348,9.144412994384766,0.9982511401176453,0.9221357107162476,nan,nan
0,5016,2019-03-28,6.570000171661377,8.195985794067383,0.9968680739402771,0.9198316931724548,nan,nan
0,5016,2019-03-29,6.901000022888184,6.299607276916504,0.9943913817405701,0.3189082443714142,nan,nan
0,5016,2019-03-30,7.947999954223633,9.389142990112305,0.9901919364929199,1.8164029121398926,nan,nan
0,5016,2019-03-31,8.338000297546387,9.048900604248047,0.9799084067344666,1.1488873958587646,nan,nan
0,5016,2019-04-01,8.737000465393066,9.751936912536621,0.9639163017272949,1.4279288053512573,nan,nan
0,5016,2019-04-02,8.883999824523926,11.460460662841797,0.9416275024414062,2.52864670753479,nan,nan
0,5016,2019-04-03,8.880999565124512,6.998610019683838,0.9099916815757751,0.12246149033308029,nan,nan
0,5016,2019-04-04,6.669000148773193,16.199317932128906,0.9635980725288391,3.9835712909698486,nan,nan
0,5016,2019-04-05,5.019000053405762,10.903677940368652,0.9559566974639893,2.422070264816284,nan,nan
0,5016,2019-04-06,4.767000198364258,5.816766738891602,0.9167625308036804,0.48760348558425903,nan,nan
0,5016,2019-04-07,6.447999954223633,2.758661985397339,0.8593239784240723,0.014747945591807365,nan,nan
0,5016,2019-04-08,8.217000007629395,7.156113147735596,0.7687209248542786,0.4799598455429077,nan,nan
0,5016,2019-04-09,8.248000144958496,7.495645046234131,0.5794485807418823,0.3623879849910736,nan,nan
0,5016,2019-04-10,9.07699966430664,6.83491849899292,0.41884610056877136,0.17365017533302307,nan,nan
0,5016,2019-04-11,10.239999771118164,7.387091159820557,0.2705763280391693,0.17800411581993103,nan,nan
0,5016,2019-04-12,9.364999771118164,7.5453104972839355,0.20284594595432281,0.0683308094739914,nan,nan
0,5016,2019-04-13,7.446999549865723,7.230611324310303,0.09204182773828506,0.1081758663058281,nan,nan
0,5016,2019-04-14,5.874000072479248,6.779312610626221,0.022695302963256836,0.29353007674217224,nan,nan
0,5016,2019-04-15,4.829999923706055,6.763238430023193,0.009628594852983952,0.6605547070503235,nan,nan
0,5016,2019-04-16,4.953999996185303,6.708962440490723,0.00508071668446064,0.9617963433265686,nan,nan
0,5016,2019-04-17,5.945000171661377,6.546530246734619,0.00291696609929204,0.8368480205535889,nan,nan
0,5016,2019-04-18,6.590000152587891,6.462472915649414,0.0019941222853958607,0.516170859336853,nan,nan
0,5016,2019-04-19,6.372000217437744,6.653101921081543,0.001726105809211731,0.4322254955768585,nan,nan
0,5016,2019-04-20,5.870999813079834,6.631184101104736,0.0015739355003461242,0.4755909740924835,nan,nan
0,5016,2019-04-21,5.308000087738037,6.506009101867676,0.001789484522305429,0.5524259209632874,nan,nan
0,5016,2019-04-22,4.7820000648498535,6.383613586425781,0.0019554602913558483,0.6536479592323303,nan,nan
0,5016,2019-04-23,4.53000020980835,6.241524696350098,0.002492546336725354,0.7428362965583801,nan,nan
0,5016,2019-04-24,4.223999977111816,6.262799263000488,0.0024967812933027744,0.8313431143760681,nan,nan
0,5016,2019-04-25,3.7889997959136963,6.436318874359131,0.0019470535917207599,0.9234830141067505,nan,nan
0,5016,2019-04-26,4.093999862670898,7.515373706817627,0.002788808196783066,0.6590678095817566,nan,nan
0,5016,2019-04-27,5.5970001220703125,6.565831184387207,0.003353217151015997,1.043914794921875,nan,nan
0,5016,2019-04-28,8.006999969482422,6.911433696746826,0.0041288654319942,0.32584279775619507,nan,nan
0,5016,2019-04-29,7.602999687194824,6.791749954223633,0.004201425705105066,0.13084760308265686,nan,nan
0,5016,2019-04-30,7.593999862670898,6.331695079803467,0.0036421194672584534,0.15416499972343445,nan,nan
0,5016,2019-05-01,5.994999885559082,6.30841588973999,0.003138731699436903,0.15044885873794556,nan,nan
0,5016,2019-05-02,4.9029998779296875,6.000697135925293,0.0030271601863205433,0.34106191992759705,nan,nan
0,5016,2019-05-03,5.144000053405762,6.297224998474121,0.0012043695896863937,0.4963182508945465,nan,nan
0,5016,2019-05-04,5.135000228881836,5.978657245635986,0.0007700029527768493,0.5284766554832458,nan,nan
0,5016,2019-05-05,4.750999927520752,5.985345363616943,0.0007017108146101236,0.3242507874965668,nan,nan
0,5016,2019-05-06,4.36899995803833,5.495927810668945,0.0006163943908177316,0.4413708746433258,nan,nan
0,5016,2019-05-07,3.875999927520752,5.111021518707275,0.0005372320883907378,0.39244282245635986,nan,nan
0,5016,2019-05-08,4.311999797821045,4.797581672668457,0.0004924440290778875,0.39366820454597473,nan,nan
0,5016,2019-05-09,10.114999771118164,6.550908088684082,0.002455870620906353,0.14637695252895355,nan,nan
0,5016,2019-05-10,9.50100040435791,7.56763219833374,0.004977867938578129,0.007524392567574978,nan,nan
0,5016,2019-05-11,9.831999778747559,7.853331089019775,0.004846823401749134,0.1631111353635788,nan,nan
0,5016,2019-05-12,12.199999809265137,8.750539779663086,0.005490764044225216,0.17927652597427368,nan,nan
0,5016,2019-05-13,8.119999885559082,9.235569953918457,0.007735004182904959,0.14319142699241638,nan,nan
0,5016,2019-05-14,5.735000133514404,8.89350700378418,0.008612220175564289,0.9989152550697327,nan,nan
0,5016,2019-05-15,4.758999824523926,7.878225326538086,0.009507538750767708,1.3008999824523926,nan,nan
0,5016,2019-05-16,3.9549999237060547,7.084583282470703,0.00803897250443697,1.1998624801635742,nan,nan
0,5016,2019-05-17,3.2960000038146973,6.352299690246582,0.006633067969232798,1.0749320983886719,nan,nan
0,5016,2019-05-18,2.86299991607666,5.7894110679626465,0.005164711270481348,0.9944392442703247,nan,nan
0,5016,2019-05-19,2.5320000648498535,5.20150899887085,0.004016167484223843,0.8366605639457703,nan,nan
0,5016,2019-05-20,2.877000093460083,5.312690734863281,0.0031959416810423136,0.8619397878646851,nan,nan
0,5016,2019-05-21,4.414000034332275,5.362167835235596,0.003028788371011615,0.5320830345153809,nan,nan
0,5016,2019-05-22,4.3429999351501465,4.997354030609131,0.0027853704523295164,0.3453160524368286,nan,nan
0,5016,2019-05-23,3.240000009536743,4.65806245803833,0.0026488585863262415,0.25776955485343933,nan,nan
0,5016,2019-05-24,2.5490000247955322,4.60283088684082,0.002848171629011631,0.47024521231651306,nan,nan
0,5016,2019-05-25,2.313999891281128,4.52131462097168,0.0018889057682827115,0.6154525876045227,nan,nan
0,5016,2019-05-26,2.1640000343322754,4.981110572814941,0.001160036656074226,0.6739743947982788,nan,nan
0,5016,2019-05-27,1.8480000495910645,4.41216516494751,0.00101532565895468,0.6759927272796631,nan,nan
0,5016,2019-05-28,1.9750001430511475,4.198411464691162,0.0007906947284936905,0.6712808012962341,nan,nan
0,5016,2019-05-29,2.260999917984009,4.810761451721191,0.0008585757459513843,0.48998913168907166,nan,nan
0,5016,2019-05-30,2.1050000190734863,4.283606052398682,0.0008360815118066967,0.5932323932647705,nan,nan
0,5016,2019-05-31,1.7339999675750732,3.8925554752349854,0.0008020786917768419,0.47759103775024414,nan,nan
0,5016,2019-06-01,1.4709999561309814,3.4033095836639404,0.0010015382431447506,0.3879401981830597,nan,nan
0,5016,2019-06-02,1.3350000381469727,3.036855936050415,0.001420700689777732,0.32391655445098877,nan,nan
0,5016,2019-06-03,1.2760000228881836,2.7256019115448,0.00226202211342752,0.2582875192165375,nan,nan
0,5016,2019-06-04,1.225000023841858,2.801302433013916,0.002405863255262375,0.2906855642795563,nan,nan
0,5016,2019-06-05,1.1690000295639038,2.552781343460083,0.005927123595029116,0.23081611096858978,nan,nan
0,5016,2019-06-06,1.187999963760376,2.858915090560913,0.007665283977985382,0.3289753198623657,nan,nan
0,5016,2019-06-07,1.1180000305175781,2.852613687515259,0.0036318395286798477,0.32321810722351074,nan,nan
0,5016,2019-06-08,1.0160000324249268,2.4273149967193604,0.0026318493764847517,0.21623526513576508,nan,nan
0,5016,2019-06-09,1.3350000381469727,2.004340887069702,0.003644076641649008,0.1352277547121048,nan,nan
0,5016,2019-06-10,4.631999969482422,3.2968811988830566,0.0282126571983099,0.030181776732206345,nan,nan
0,5016,2019-06-11,13.652000427246094,5.70548152923584,0.08305076509714127,0.04325367510318756,nan,nan
0,5016,2019-06-12,20.424999237060547,7.936995983123779,0.19105717539787292,0.5988415479660034,nan,nan
0,5016,2019-06-13,13.303999900817871,9.009028434753418,0.40965336561203003,1.2610228061676025,nan,nan
0,5016,2019-06-14,7.449999809265137,7.666048526763916,0.5485150218009949,0.058589864522218704,nan,nan
0,5016,2019-06-15,7.189000129699707,9.033747673034668,0.5163654685020447,0.8746151328086853,nan,nan
0,5016,2019-06-16,11.284000396728516,11.133955001831055,0.4558146297931671,2.052436113357544,nan,nan
0,5016,2019-06-17,6.954999923706055,9.673715591430664,0.49060845375061035,0.43296846747398376,nan,nan
0,5016,2019-06-18,5.059000015258789,5.2007951736450195,0.5006514191627502,0.03929819166660309,nan,nan
0,5016,2019-06-19,4.079999923706055,3.3199546337127686,0.5032267570495605,0.00032960486714728177,nan,nan
0,5016,2019-06-20,3.197000026702881,2.867738962173462,0.5349527597427368,0.004412553273141384,nan,nan
0,5016,2019-06-21,2.681999921798706,3.924299716949463,0.44595158100128174,0.14682883024215698,nan,nan
0,5016,2019-06-22,3.059000015258789,5.086833953857422,0.36171868443489075,0.37591323256492615,nan,nan
0,5016,2019-06-23,3.007999897003174,4.776578903198242,0.2867787182331085,0.5548797845840454,nan,nan
0,5016,2019-06-24,2.4049999713897705,2.9465579986572266,0.25519222021102905,0.0759129598736763,nan,nan
0,5016,2019-06-25,1.9129999876022339,2.344574451446533,0.2807140350341797,0.047182027250528336,nan,nan
0,5016,2019-06-26,1.5390000343322754,2.5479516983032227,0.36591866612434387,0.12865979969501495,nan,nan
0,5016,2019-06-27,1.3949999809265137,2.1297855377197266,0.4640141725540161,0.09630680084228516,nan,nan
0,5016,2019-06-28,1.2480000257492065,2.2053616046905518,0.6233238577842712,0.12681467831134796,nan,nan
0,5016,2019-06-29,1.1690000295639038,2.150489568710327,0.7336497902870178,0.13461945950984955,nan,nan
0,5016,2019-06-30,1.1089999675750732,2.1084177494049072,0.8167170882225037,0.13636887073516846,nan,nan
