seed,basin_id,target_date,observed_mm_day,predicted_mm_day,complex_weight,physics_error,ood_score,ood_threshold
0,2011,2018-10-19,1.5499999523162842,1.8543357849121094,2.5934168661478907e-05,0.03521976247429848,nan,nan
0,2011,2018-10-20,1.1380000114440918,1.8913483619689941,2.3328520910581574e-05,0.059481874108314514,nan,nan
0,2011,2018-10-21,0.9719999432563782,1.8712272644042969,2.1623138309223577e-05,0.09636463224887848,nan,nan
0,2011,2018-10-22,1.3949999809265137,1.8543671369552612,2.126250728906598e-05,0.11212638765573502,nan,nan
0,2011,2018-10-23,1.6390000581741333,1.7854918241500854,1.3789815056952648e-05,0.05864541605114937,nan,nan
0,2011,2018-10-24,1.5149999856948853,1.7534723281860352,1.0537849448155612e-05,0.03640590235590935,nan,nan
0,2011,2018-10-25,1.6610000133514404,1.729689121246338,1.2352148587524425e-05,0.0424375906586647,nan,nan
0,2011,2018-10-26,1.8589999675750732,1.7680755853652954,1.2400752893881872e-05,0.036455344408750534,nan,nan
0,2011,2018-10-27,1.253000020980835,1.8701369762420654,1.1328086657158565e-05,0.03118940070271492,nan,nan
0,2011,2018-10-28,1.1050000190734863,2.666940927505493,0.0043126377277076244,0.4058893322944641,nan,nan
0,2011,2018-10-29,2.4649999141693115,3.0061283111572266,0.01808120124042034,0.049886416643857956,nan,nan
0,2011,2018-10-30,2.740000009536743,19.38274383544922,0.9998890161514282,3.127769708633423,nan,nan
0,2011,2018-10-31,2.055999994277954,2.682359218597412,0.999998927116394,0.016594216227531433,nan,nan
0,2011,2018-11-01,1.4980000257492065,3.2086174488067627,0.9999990463256836,0.01714920625090599,nan,nan
0,2011,2018-11-02,1.5789999961853027,2.4241204261779785,0.9999988079071045,0.004580456297844648,nan,nan
0,2011,2018-11-03,1.3459999561309814,1.836147427558899,0.9999979734420776,0.03637748211622238,nan,nan
0,2011,2018-11-04,1.2209999561309814,1.70783531665802,0.9999967813491821,0.05271396413445473,nan,nan
0,2011,2018-11-05,1.5199999809265137,1.9229106903076172,0.9999947547912598,0.03532520681619644,nan,nan
0,2011,2018-11-06,1.6799999475479126,1.7963509559631348,0.9999915361404419,0.0259963758289814,nan,nan
0,2011,2018-11-07,2.434999942779541,3.143759250640869,0.9999953508377075,0.17527519166469574,nan,nan
0,2011,2018-11-08,2.0369999408721924,2.00516676902771,0.9999954700469971,0.006892738863825798,nan,nan
0,2011,2018-11-09,1.7350000143051147,1.7613974809646606,0.9999924898147583,0.01522589847445488,nan,nan
0,2011,2018-11-10,1.2949999570846558,1.6559146642684937,0.9999877214431763,0.021746955811977386,nan,nan
0,2011,2018-11-11,1.2369999885559082,1.6022776365280151,0.9999797344207764,0.03597283735871315,nan,nan
0,2011,2018-11-12,1.38100004196167,1.5445970296859741,0.9999667406082153,0.04170367866754532,nan,nan
0,2011,2018-11-13,1.3660000562667847,1.5447096824645996,0.9999456405639648,0.03206799179315567,nan,nan
0,2011,2018-11-14,1.4270000457763672,1.5493813753128052,0.9999115467071533,0.03347760811448097,nan,nan
0,2011,2018-11-15,1.246999979019165,1.5206342935562134,0.9998565912246704,0.027054239064455032,nan,nan
0,2011,2018-11-16,1.184000015258789,1.481341004371643,0.9997687935829163,0.03431713581085205,nan,nan
0,2011,2018-11-17,1.1670000553131104,1.4804781675338745,0.9996289014816284,0.038426149636507034,nan,nan
0,2011,2018-11-18,0.984000027179718,1.7184792757034302,0.9994082450866699,0.06957999616861343,nan,nan
0,2011,2018-11-19,1.3079999685287476,1.6429563760757446,0.9990641474723816,0.07574063539505005,nan,nan
0,2011,2018-11-20,1.3680000305175781,1.6641249656677246,0.9985419511795044,0.03580738604068756,nan,nan
0,2011,2018-11-21,1.5509999990463257,1.5754214525222778,0.9977266192436218,0.035988856106996536,nan,nan
0,2011,2018-11-22,1.4889999628067017,1.5880951881408691,0.9964650869369507,0.025975795462727547,nan,nan
0,2011,2018-11-23,1.4390000104904175,1.50963294506073,0.9945571422576904,0.022695457562804222,nan,nan
0,2011,2018-11-24,1.0640000104904175,1.6157028675079346,0.991689145565033,0.019180113449692726,nan,nan
0,2011,2018-11-25,0.9120000004768372,1.3740006685256958,0.9877316355705261,0.03535085543990135,nan,nan
0,2011,2018-11-26,1.2690000534057617,1.369395136833191,0.9707990884780884,0.03759821131825447,nan,nan
0,2011,2018-11-27,1.4279999732971191,1.3186531066894531,0.9480845928192139,0.0009888621279969811,nan,nan
0,2011,2018-11-28,1.1059999465942383,1.5861618518829346,0.22725029289722443,0.017522891983389854,nan,nan
0,2011,2018-11-29,1.0169999599456787,1.6603182554244995,0.0003325018333271146,0.06687984615564346,nan,nan
0,2011,2018-11-30,1.0880000591278076,1.6175233125686646,0.0001998857333092019,0.06891636550426483,nan,nan
0,2011,2018-12-01,0.9629999995231628,1.6381124258041382,0.00016842022887431085,0.039110150188207626,nan,nan
0,2011,2018-12-02,0.9200000166893005,1.6168104410171509,0.00013832964759785682,0.06893782317638397,nan,nan
0,2011,2018-12-03,1.2999999523162842,2.3987491130828857,0.10804881900548935,0.9354909062385559,nan,nan
0,2011,2018-12-04,1.465000033378601,2.457911252975464,0.3819381892681122,0.3178786039352417,nan,nan
0,2011,2018-12-05,1.2879999876022339,2.3983068466186523,0.45766711235046387,0.10155417770147324,nan,nan
0,2011,2018-12-06,1.1180000305175781,2.1461288928985596,0.2527432143688202,0.10382521152496338,nan,nan
0,2011,2018-12-07,1.0499999523162842,2.0477652549743652,0.14164404571056366,0.09263847768306732,nan,nan
0,2011,2018-12-08,0.9049999713897705,2.0563743114471436,0.123049795627594,0.031495101749897,nan,nan
0,2011,2018-12-09,0.950999915599823,1.9833266735076904,0.10918836295604706,0.014614184387028217,nan,nan
0,2011,2018-12-10,1.1480000019073486,1.9413464069366455,0.34744155406951904,0.34958383440971375,nan,nan
0,2011,2018-12-11,1.2339999675750732,1.6763793230056763,0.4254319667816162,0.018320446833968163,nan,nan
0,2011,2018-12-12,1.5889999866485596,1.9374735355377197,0.36374300718307495,0.07021292299032211,nan,nan
0,2011,2018-12-13,1.4880000352859497,1.8453515768051147,0.2934028208255768,0.050423622131347656,nan,nan
0,2011,2018-12-14,1.746999979019165,1.7867904901504517,0.23255261778831482,0.05119628831744194,nan,nan
0,2011,2018-12-15,1.1959999799728394,1.7062946557998657,0.18128998577594757,0.02530778758227825,nan,nan
0,2011,2018-12-16,0.8460000157356262,1.4333142042160034,0.25685915350914,0.12732461094856262,nan,nan
0,2011,2018-12-17,1.2369999885559082,1.4383268356323242,0.24699616432189941,0.000775739667005837,nan,nan
0,2011,2018-12-18,1.2209999561309814,1.56941819190979,0.19619879126548767,0.03526539355516434,nan,nan
0,2011,2018-12-19,1.128000020980835,1.536934733390808,0.14985211193561554,0.04199459031224251,nan,nan
0,2011,2018-12-20,1.0460000038146973,1.5216912031173706,0.11859173327684402,0.010857507586479187,nan,nan
0,2011,2018-12-21,1.0199999809265137,1.584296703338623,0.0909438282251358,0.06136737018823624,nan,nan
0,2011,2018-12-22,1.1059999465942383,1.7250477075576782,0.6642657518386841,0.8481009006500244,nan,nan
0,2011,2018-12-23,0.9779999256134033,1.7011780738830566,0.844592273235321,0.04145360365509987,nan,nan
0,2011,2018-12-24,1.7100000381469727,1.5473792552947998,0.9806367754936218,0.7994278073310852,nan,nan
0,2011,2018-12-25,1.315999984741211,1.6595145463943481,0.98857182264328,0.4977723956108093,nan,nan
0,2011,2018-12-26,1.0670000314712524,2.3030383586883545,0.988757312297821,0.15749043226242065,nan,nan
0,2011,2018-12-27,1.1119999885559082,1.6415687799453735,0.9832768440246582,0.06776896119117737,nan,nan
0,2011,2018-12-28,1.1160000562667847,1.5055629014968872,0.9752911329269409,0.04641391336917877,nan,nan
0,2011,2018-12-29,0.8730000257492065,1.487208604812622,0.963570773601532,0.04399243742227554,nan,nan
0,2011,2018-12-30,0.8379999995231628,1.4020090103149414,0.9467966556549072,0.05245349183678627,nan,nan
0,2011,2018-12-31,0.9529999494552612,1.4622265100479126,0.9219048619270325,0.06327032297849655,nan,nan
0,2011,2019-01-01,0.9179999828338623,1.383876085281372,0.7566015720367432,0.044145457446575165,nan,nan
0,2011,2019-01-02,0.9270000457763672,1.4467196464538574,0.6610273718833923,0.05444367229938507,nan,nan
0,2011,2019-01-03,1.1729999780654907,1.5384845733642578,0.4836847186088562,0.059929776936769485,nan,nan
0,2011,2019-01-04,1.2860000133514404,1.5504628419876099,0.40664586424827576,0.04708818718791008,nan,nan
0,2011,2019-01-05,1.0870000123977661,1.4402532577514648,0.3355562388896942,0.027971912175416946,nan,nan
0,2011,2019-01-06,0.9240000247955322,1.3635555505752563,0.2711779475212097,0.02024758793413639,nan,nan
0,2011,2019-01-07,1.1959999799728394,1.3494725227355957,0.21837981045246124,0.04069178178906441,nan,nan
0,2011,2019-01-08,1.284999966621399,1.3958182334899902,0.12866079807281494,0.02335316687822342,nan,nan
0,2011,2019-01-09,1.2790000438690186,1.4332764148712158,0.09654948115348816,0.0008088169852271676,nan,nan
0,2011,2019-01-10,1.524999976158142,1.4939836263656616,0.0810784175992012,0.005669178906828165,nan,nan
0,2011,2019-01-11,1.5199999809265137,1.542030692100525,0.06768332421779633,0.021122483536601067,nan,nan
0,2011,2019-01-12,1.1160000562667847,1.491834282875061,0.05347008258104324,0.012872476130723953,nan,nan
0,2011,2019-01-13,0.9390000104904175,1.646586537361145,0.06969062238931656,0.028408709913492203,nan,nan
0,2011,2019-01-14,1.2799999713897705,1.8975622653961182,0.7747470736503601,1.447399616241455,nan,nan
0,2011,2019-01-15,1.3519999980926514,1.2258851528167725,0.9255144000053406,0.02593926526606083,nan,nan
0,2011,2019-01-16,1.3519999980926514,1.6334030628204346,0.8934614658355713,0.038154859095811844,nan,nan
0,2011,2019-01-17,1.2970000505447388,1.571835994720459,0.8555482625961304,0.03668298199772835,nan,nan
0,2011,2019-01-18,1.4119999408721924,1.2736682891845703,0.8112084269523621,0.0022120345383882523,nan,nan
0,2011,2019-01-19,1.378000020980835,1.5689992904663086,0.7473709583282471,0.03249668329954147,nan,nan
0,2011,2019-01-20,1.1019999980926514,1.512915849685669,0.44411832094192505,0.029222408309578896,nan,nan
0,2011,2019-01-21,1.402999997138977,1.5481770038604736,0.17223121225833893,0.05234310403466225,nan,nan
0,2011,2019-01-22,1.4140000343322754,1.519676685333252,0.07398688048124313,0.02836398221552372,nan,nan
0,2011,2019-01-23,1.5820000171661377,1.4245376586914062,0.05333852767944336,0.019480982795357704,nan,nan
0,2011,2019-01-24,1.8660000562667847,1.4173108339309692,0.026970498263835907,0.01091865636408329,nan,nan
0,2011,2019-01-25,1.4950000047683716,1.4873052835464478,0.021252011880278587,0.006189911626279354,nan,nan
0,2011,2019-01-26,0.9369999766349792,1.4395450353622437,0.016731832176446915,0.017036443576216698,nan,nan
0,2011,2019-01-27,0.824999988079071,1.3968160152435303,0.013243562541902065,0.04684067890048027,nan,nan
0,2011,2019-01-28,1.1740000247955322,1.5309745073318481,0.015074405819177628,0.004043855704367161,nan,nan
0,2011,2019-01-29,1.3220000267028809,1.582584023475647,0.013622835278511047,0.017467355355620384,nan,nan
0,2011,2019-01-30,1.2740000486373901,1.539052128791809,0.010818789713084698,0.02871004119515419,nan,nan
0,2011,2019-01-31,1.3229999542236328,1.528433918952942,0.008687090128660202,0.021305765956640244,nan,nan
0,2011,2019-02-01,1.2899999618530273,1.526887059211731,0.007023362442851067,0.01667681708931923,nan,nan
0,2011,2019-02-02,0.9330000281333923,1.7139016389846802,0.008004728704690933,0.007084481883794069,nan,nan
0,2011,2019-02-03,0.9139999747276306,1.8276845216751099,0.0077500129118561745,0.010388362221419811,nan,nan
0,2011,2019-02-04,1.2510000467300415,1.7868033647537231,0.006397032178938389,0.07053367048501968,nan,nan
0,2011,2019-02-05,1.3270000219345093,1.742057204246521,0.005041440017521381,0.06442005187273026,nan,nan
0,2011,2019-02-06,1.2070000171661377,1.7125098705291748,0.003981664776802063,0.054525453597307205,nan,nan
0,2011,2019-02-07,1.2079999446868896,1.7162275314331055,0.0030854151118546724,0.06562595814466476,nan,nan
0,2011,2019-02-08,1.1679999828338623,1.7559713125228882,0.0024944916367530823,0.025857841596007347,nan,nan
0,2011,2019-02-09,0.8349999785423279,1.7315210103988647,0.0019208741141483188,0.07137198001146317,nan,nan
0,2011,2019-02-10,0.6909999847412109,1.6624256372451782,0.0015254863537847996,0.09397514909505844,nan,nan
0,2011,2019-02-11,0.9799999594688416,2.0301342010498047,0.007040222175419331,0.07856591045856476,nan,nan
0,2011,2019-02-12,1.2009999752044678,1.8531055450439453,0.002690321998670697,0.06964922696352005,nan,nan
0,2011,2019-02-13,1.1740000247955322,1.774820327758789,0.000606020272243768,0.07462354004383087,nan,nan
0,2011,2019-02-14,1.1640000343322754,1.7519598007202148,0.0004992668400518596,0.07380454987287521,nan,nan
0,2011,2019-02-15,1.159000039100647,1.7285056114196777,0.00043674721382558346,0.07130701094865799,nan,nan
0,2011,2019-02-16,0.8949999809265137,1.7557498216629028,0.0003746981092263013,0.0758030042052269,nan,nan
0,2011,2019-02-17,0.7720000147819519,1.7437677383422852,0.0003228132554795593,0.10125575214624405,nan,nan
0,2011,2019-02-18,1.0429999828338623,1.715785026550293,0.00027998958830721676,0.11028360575437546,nan,nan
0,2011,2019-02-19,1.1970000267028809,1.713104009628296,0.00024196668528020382,0.08065105974674225,nan,nan
0,2011,2019-02-20,1.190000057220459,1.667957067489624,0.0002103400620399043,0.05991947650909424,nan,nan
0,2011,2019-02-21,1.222000002861023,1.6385024785995483,0.00018351402832195163,0.05663955584168434,nan,nan
0,2011,2019-02-22,1.1679999828338623,1.6837533712387085,0.00015940482262521982,0.05988514795899391,nan,nan
0,2011,2019-02-23,0.8259999752044678,1.6842436790466309,0.00013812653196509928,0.06466169655323029,nan,nan
0,2011,2019-02-24,0.7329999804496765,1.642452597618103,0.00012091568351024762,0.09162136167287827,nan,nan
0,2011,2019-02-25,1.0369999408721924,1.6505407094955444,0.00010607566218823195,0.10313566029071808,nan,nan
0,2011,2019-02-26,1.090999960899353,1.662993311882019,7.802445907145739e-05,0.0736580565571785,nan,nan
0,2011,2019-02-27,1.2430000305175781,1.6439207792282104,6.597722676815465e-05,0.0659307911992073,nan,nan
0,2011,2019-02-28,1.0829999446868896,1.6994003057479858,5.763389708590694e-05,0.06017347052693367,nan,nan
0,2011,2019-03-01,1.340000033378601,1.6816364526748657,5.2082628826610744e-05,0.07205697894096375,nan,nan
0,2011,2019-03-02,1.1349999904632568,1.7975385189056396,6.602211215067655e-05,0.0015969945816323161,nan,nan
0,2011,2019-03-03,0.8240000009536743,1.7135838270187378,6.174156442284584e-05,0.07184600085020065,nan,nan
0,2011,2019-03-04,0.8830000162124634,1.6384212970733643,5.387615237850696e-05,0.09116925299167633,nan,nan
0,2011,2019-03-05,0.9139999747276306,1.7547105550765991,7.924316741991788e-05,0.00030658082687295973,nan,nan
0,2011,2019-03-06,0.8880000114440918,1.646401047706604,9.371649503009394e-05,0.08316489309072495,nan,nan
0,2011,2019-03-07,0.7900000214576721,1.6034362316131592,8.52435186970979e-05,0.06836220622062683,nan,nan
0,2011,2019-03-08,0.9430000185966492,1.6764057874679565,9.695541666587815e-05,0.016039548441767693,nan,nan
0,2011,2019-03-09,0.7409999966621399,1.624843716621399,9.447136108065024e-05,0.07697654515504837,nan,nan
0,2011,2019-03-10,0.7720000147819519,1.805501103401184,0.0001836243027355522,3.2535026548430324e-05,nan,nan
0,2011,2019-03-11,1.0049999952316284,1.869850754737854,0.00020175668760202825,0.03353669494390488,nan,nan
0,2011,2019-03-12,1.1319999694824219,1.9394267797470093,0.00016165411216206849,0.004450220614671707,nan,nan
0,2011,2019-03-13,0.965999960899353,1.8605128526687622,0.0001257361436728388,0.05503099784255028,nan,nan
0,2011,2019-03-14,0.8809999823570251,1.7880369424819946,0.00012646106188185513,0.03063059039413929,nan,nan
0,2011,2019-03-15,1.031000018119812,2.383775472640991,0.009492427110671997,0.41962486505508423,nan,nan
0,2011,2019-03-16,0.847000002861023,2.3341383934020996,0.027602389454841614,0.02251192182302475,nan,nan
0,2011,2019-03-17,0.8149999976158142,2.127805471420288,0.022981440648436546,0.18587350845336914,nan,nan
0,2011,2019-03-18,1.11899995803833,2.0623295307159424,0.019404416903853416,0.09853889048099518,nan,nan
0,2011,2019-03-19,1.1970000267028809,1.9155340194702148,0.016052771359682083,0.10615064948797226,nan,nan
0,2011,2019-03-20,1.218999981880188,1.8478124141693115,0.013058862648904324,0.08628341555595398,nan,nan
0,2011,2019-03-21,1.0880000591278076,1.7360460758209229,0.010568867437541485,0.06732604652643204,nan,nan
0,2011,2019-03-22,1.1920000314712524,1.6714768409729004,0.00872671976685524,0.07011634856462479,nan,nan
0,2011,2019-03-23,0.9359999895095825,1.6980149745941162,0.007168158423155546,0.06443480402231216,nan,nan
0,2011,2019-03-24,0.8410000205039978,1.6424663066864014,0.005956685170531273,0.08035343885421753,nan,nan
0,2011,2019-03-25,1.0429999828338623,1.6233311891555786,0.004956705961376429,0.08694451302289963,nan,nan
0,2011,2019-03-26,1.184999942779541,1.7133080959320068,0.004074193071573973,0.0623089037835598,nan,nan
0,2011,2019-03-27,1.2630000114440918,1.6937992572784424,0.003327883081510663,0.06447343528270721,nan,nan
0,2011,2019-03-28,1.4240000247955322,1.6121214628219604,0.0027094108518213034,0.04754582419991493,nan,nan
0,2011,2019-03-29,1.25,1.5965471267700195,0.0022023606579750776,0.03447306901216507,nan,nan
0,2011,2019-03-30,1.055999994277954,1.6425747871398926,0.0018075532279908657,0.05226326361298561,nan,nan
0,2011,2019-03-31,0.931999921798706,1.6150989532470703,0.0014136112295091152,0.06504666060209274,nan,nan
0,2011,2019-04-01,1.1440000534057617,1.6057933568954468,0.001139774452894926,0.07517673075199127,nan,nan
0,2011,2019-04-02,1.2139999866485596,1.6235389709472656,0.0009874870302155614,0.05854372680187225,nan,nan
0,2011,2019-04-03,1.4859999418258667,1.6801613569259644,0.0007159382221288979,0.04497333988547325,nan,nan
0,2011,2019-04-04,1.8939999341964722,2.4978561401367188,0.03506478667259216,0.6037648916244507,nan,nan
0,2011,2019-04-05,1.5779999494552612,2.821084499359131,0.11219756305217743,0.17710264027118683,nan,nan
0,2011,2019-04-06,1.3450000286102295,2.3591787815093994,0.14365606009960175,0.13072846829891205,nan,nan
0,2011,2019-04-07,1.1160000562667847,2.2320187091827393,0.10846616327762604,0.12801538407802582,nan,nan
0,2011,2019-04-08,1.430999994277954,2.155050277709961,0.0849890261888504,0.055574748665094376,nan,nan
0,2011,2019-04-09,1.4140000343322754,2.0903849601745605,0.06556471437215805,0.10167566686868668,nan,nan
0,2011,2019-04-10,1.36899995803833,1.988272786140442,0.04769862815737724,0.0864613950252533,nan,nan
0,2011,2019-04-11,1.3600000143051147,1.875801682472229,0.03373337164521217,0.07360082119703293,nan,nan
0,2011,2019-04-12,1.4140000343322754,1.9350297451019287,0.02649313397705555,0.08351490646600723,nan,nan
0,2011,2019-04-13,1.159000039100647,1.872076392173767,0.008517997339367867,0.06886165589094162,nan,nan
0,2011,2019-04-14,1.034999966621399,1.8028396368026733,0.004282618407160044,0.08302527666091919,nan,nan
0,2011,2019-04-15,1.5679999589920044,1.878690242767334,0.0030969029758125544,0.10920482128858566,nan,nan
0,2011,2019-04-16,1.4229999780654907,1.914770245552063,0.0024200284387916327,0.061067383736371994,nan,nan
0,2011,2019-04-17,1.2120000123977661,1.808691382408142,0.0019165455596521497,0.05933550000190735,nan,nan
0,2011,2019-04-18,1.1080000400543213,1.7327533960342407,0.0015382167184725404,0.06749600172042847,nan,nan
0,2011,2019-04-19,1.1490000486373901,1.7776191234588623,0.0012538699666038156,0.08421055227518082,nan,nan
0,2011,2019-04-20,1.149999976158142,1.7906091213226318,0.001030492945574224,0.08211658149957657,nan,nan
0,2011,2019-04-21,1.1759999990463257,1.784860610961914,0.0008811404695734382,0.08112266659736633,nan,nan
0,2011,2019-04-22,1.1820000410079956,1.788260817527771,0.0008868487202562392,0.0790741890668869,nan,nan
0,2011,2019-04-23,1.3539999723434448,1.8631671667099,0.0008074885699898005,0.09032533317804337,nan,nan
0,2011,2019-04-24,1.5870000123977661,2.0533926486968994,0.0006667232955805957,0.05554097518324852,nan,nan
0,2011,2019-04-25,1.8899999856948853,2.487678289413452,0.001282630953937769,0.021720880642533302,nan,nan
0,2011,2019-04-26,1.996000051498413,2.805263042449951,0.0015903746243566275,0.03658714517951012,nan,nan
0,2011,2019-04-27,1.6030000448226929,2.989839553833008,0.00259627983905375,0.017232151702046394,nan,nan
0,2011,2019-04-28,1.340000033378601,2.720954418182373,0.002744071651250124,0.11222141236066818,nan,nan
0,2011,2019-04-29,1.531000018119812,2.42514967918396,0.0021226590033620596,0.15032270550727844,nan,nan
0,2011,2019-04-30,1.5369999408721924,2.238233804702759,0.00164805690292269,0.11671161651611328,nan,nan
0,2011,2019-05-01,1.2940000295639038,2.1346042156219482,0.0012802149867638946,0.09757786989212036,nan,nan
0,2011,2019-05-02,1.3919999599456787,2.1251211166381836,0.0010736493859440088,0.12409256398677826,nan,nan
0,2011,2019-05-03,1.4479999542236328,2.142921209335327,0.00024177598243113607,0.052218616008758545,nan,nan
0,2011,2019-05-04,1.2619999647140503,2.0730180740356445,0.0001770539820427075,0.07639547437429428,nan,nan
0,2011,2019-05-05,1.1679999828338623,2.1071019172668457,6.810155900893733e-05,0.0470644049346447,nan,nan
0,2011,2019-05-06,1.3949999809265137,2.031665325164795,6.131967529654503e-05,0.12169864028692245,nan,nan
0,2011,2019-05-07,1.5420000553131104,1.9788650274276733,5.054079520050436e-05,0.08690912276506424,nan,nan
0,2011,2019-05-08,1.6859999895095825,2.002159595489502,4.298251587897539e-05,0.07587254792451859,nan,nan
0,2011,2019-05-09,1.656000018119812,2.513488531112671,0.0005115679232403636,0.11080499738454819,nan,nan
0,2011,2019-05-10,1.5609999895095825,2.356257915496826,0.001126265386119485,0.10253135859966278,nan,nan
0,2011,2019-05-11,1.3949999809265137,2.242506980895996,0.0009377116803079844,0.11394013464450836,nan,nan
0,2011,2019-05-12,1.3819999694824219,2.462770462036133,0.001230979454703629,0.0037322237621992826,nan,nan
0,2011,2019-05-13,1.5779999494552612,2.2740142345428467,0.0014824026729911566,0.14244143664836884,nan,nan
0,2011,2019-05-14,1.5520000457763672,2.2621395587921143,0.0012727221474051476,0.11554741859436035,nan,nan
0,2011,2019-05-15,1.6460000276565552,2.1862118244171143,0.001150011783465743,0.10484645515680313,nan,nan
0,2011,2019-05-16,1.6119999885559082,2.1538443565368652,0.001023146789520979,0.08913764357566833,nan,nan
0,2011,2019-05-17,1.8250000476837158,2.190462112426758,0.0008734604925848544,0.09889101982116699,nan,nan
0,2011,2019-05-18,1.503000020980835,2.1567044258117676,0.0007328936480917037,0.07185081392526627,nan,nan
0,2011,2019-05-19,1.3300000429153442,2.1079909801483154,0.0006121373153291643,0.09676669538021088,nan,nan
0,2011,2019-05-20,2.252000093460083,2.513176679611206,0.0011772968573495746,0.0002929018810391426,nan,nan
0,2011,2019-05-21,2.1480000019073486,2.6306872367858887,0.0012725717388093472,0.0015064975013956428,nan,nan
0,2011,2019-05-22,2.0999999046325684,2.450439691543579,0.0011831800220534205,0.08499886840581894,nan,nan
0,2011,2019-05-23,2.319000005722046,2.451183557510376,0.0010418429737910628,0.09008290618658066,nan,nan
0,2011,2019-05-24,2.805000066757202,2.442826509475708,0.0008629279909655452,0.0673837959766388,nan,nan
0,2011,2019-05-25,2.424999952316284,2.4627256393432617,0.0007744365721009672,0.03241850063204765,nan,nan
0,2011,2019-05-26,2.3010001182556152,2.5634210109710693,0.0006829854100942612,0.028064683079719543,nan,nan
0,2011,2019-05-27,2.6740000247955322,2.488679885864258,0.0005158405983820558,0.0757412314414978,nan,nan
0,2011,2019-05-28,3.197999954223633,2.538234233856201,0.0004470782005228102,0.03972026705741882,nan,nan
0,2011,2019-05-29,2.8989999294281006,2.846956253051758,0.00047744359471835196,0.0029941184911876917,nan,nan
0,2011,2019-05-30,2.242000102996826,2.717852830886841,0.0005223719635978341,0.054319512099027634,nan,nan
0,2011,2019-05-31,2.316999912261963,2.6684272289276123,0.00048695324221625924,0.1118570864200592,nan,nan
0,2011,2019-06-01,2.9040000438690186,2.5894017219543457,0.00047339044976979494,0.08989843726158142,nan,nan
0,2011,2019-06-02,3.5380001068115234,2.5604195594787598,0.0005082190036773682,0.0358491986989975,nan,nan
0,2011,2019-06-03,4.626999855041504,2.5794079303741455,0.0006142043857835233,0.007003881968557835,nan,nan
0,2011,2019-06-04,5.449999809265137,2.7193939685821533,0.0007611183682456613,0.004699891898781061,nan,nan
0,2011,2019-06-05,6.048999786376953,2.8483753204345703,0.0010618662927299738,0.03143581002950668,nan,nan
0,2011,2019-06-06,6.531000137329102,3.308454751968384,0.0010708387708291411,0.030806900933384895,nan,nan
0,2011,2019-06-07,5.604000091552734,3.449367046356201,0.0004873623256571591,0.04107287898659706,nan,nan
0,2011,2019-06-08,4.6479997634887695,3.4037554264068604,0.00035349317477084696,0.002814030973240733,nan,nan
0,2011,2019-06-09,5.066999912261963,3.4215433597564697,0.00041470120777375996,0.014136175625026226,nan,nan
0,2011,2019-06-10,7.644000053405762,3.7190475463867188,0.00036815155181102455,0.007292012218385935,nan,nan
0,2011,2019-06-11,12.041999816894531,8.080265045166016,0.3752916157245636,0.8138572573661804,nan,nan
0,2011,2019-06-12,7.896999359130859,10.221526145935059,0.9038224220275879,0.3057931363582611,nan,nan
0,2011,2019-06-13,6.553999900817871,7.489480972290039,0.887894868850708,0.41731494665145874,nan,nan
0,2011,2019-06-14,6.776000022888184,6.7174153327941895,0.8786718249320984,0.4663030803203583,nan,nan
0,2011,2019-06-15,7.647000312805176,8.531820297241211,0.8767308592796326,1.2948918342590332,nan,nan
0,2011,2019-06-16,7.822000026702881,8.343701362609863,0.8512633442878723,0.5687514543533325,nan,nan
0,2011,2019-06-17,7.322999954223633,7.388922691345215,0.846316933631897,0.4147475063800812,nan,nan
0,2011,2019-06-18,7.815000534057617,7.9375,0.8280700445175171,0.7753691673278809,nan,nan
0,2011,2019-06-19,8.208999633789062,8.4147310256958,0.801629900932312,0.8546133637428284,nan,nan
0,2011,2019-06-20,7.937999725341797,8.486284255981445,0.7844367623329163,0.7657326459884644,nan,nan
0,2011,2019-06-21,7.395999908447266,7.522674560546875,0.7392053008079529,0.37421852350234985,nan,nan
0,2011,2019-06-22,6.901000022888184,7.606075286865234,0.7223532795906067,0.14087575674057007,nan,nan
0,2011,2019-06-23,6.923999786376953,6.592245101928711,0.6949681639671326,0.3459089398384094,nan,nan
0,2011,2019-06-24,7.76900053024292,7.203185558319092,0.6829535365104675,0.563123345375061,nan,nan
0,2011,2019-06-25,8.70300006866455,9.316766738891602,0.7219789028167725,1.3877395391464233,nan,nan
0,2011,2019-06-26,9.61299991607666,11.958657264709473,0.7981956601142883,3.0063366889953613,nan,nan
0,2011,2019-06-27,10.170000076293945,14.277777671813965,0.8651137948036194,4.866757392883301,nan,nan
0,2011,2019-06-28,10.107999801635742,15.852818489074707,0.9331018328666687,6.438564777374268,nan,nan
0,2011,2019-06-29,10.04800033569336,15.096938133239746,0.9647531509399414,5.487412452697754,nan,nan
0,2011,2019-06-30,9.741000175476074,13.429393768310547,0.9716978073120117,3.6066253185272217,nan,nan
0,2011,2019-07-01,9.901000022888184,13.666752815246582,0.9757577776908875,4.069826126098633,nan,nan
0,2011,2019-07-02,11.402000427246094,17.090599060058594,0.9714986085891724,6.5189056396484375,nan,nan
0,2011,2019-07-03,10.496000289916992,12.619135856628418,0.964647650718689,1.740224838256836,nan,nan
0,2011,2019-07-04,9.142000198364258,10.805014610290527,0.9513905048370361,1.120200753211975,nan,nan
0,2011,2019-07-05,7.852000713348389,9.646556854248047,0.9396451711654663,1.0563759803771973,nan,nan
0,2011,2019-07-06,7.981999397277832,9.765412330627441,0.9432448744773865,1.6528578996658325,nan,nan
0,2011,2019-07-07,7.764999866485596,9.561572074890137,0.932941734790802,1.457882285118103,nan,nan
0,2011,2019-07-08,7.488999366760254,8.507721900939941,0.906494140625,0.8825002908706665,nan,nan
0,2011,2019-07-09,6.860000133514404,7.7761406898498535,0.8933133482933044,0.6522400379180908,nan,nan
0,2011,2019-07-10,6.548999786376953,6.155787467956543,0.5646933317184448,0.2270568609237671,nan,nan
0,2011,2019-07-11,6.333000183105469,5.084484577178955,0.22838713228702545,0.05724595487117767,nan,nan
0,2011,2019-07-12,5.988999843597412,4.87200927734375,0.17661824822425842,0.04804050549864769,nan,nan
0,2011,2019-07-13,4.923999786376953,4.786766052246094,0.14004065096378326,0.06559084355831146,nan,nan
0,2011,2019-07-14,4.52400016784668,4.414778232574463,0.1328568160533905,0.11628593504428864,nan,nan
0,2011,2019-07-15,5.39300012588501,4.822705268859863,0.13135579228401184,6.800470146117732e-05,nan,nan
0,2011,2019-07-16,4.8979997634887695,4.4355387687683105,0.1280733346939087,0.07005583494901657,nan,nan
0,2011,2019-07-17,5.14300012588501,4.257571220397949,0.1114320233464241,0.09166409075260162,nan,nan
0,2011,2019-07-18,5.195000171661377,4.198375701904297,0.09266471862792969,0.05945008620619774,nan,nan
0,2011,2019-07-19,5.2220001220703125,4.14080810546875,0.08058296144008636,0.047989483922719955,nan,nan
0,2011,2019-07-20,4.85099983215332,4.169106483459473,0.07158975303173065,0.04930546507239342,nan,nan
0,2011,2019-07-21,5.429999828338623,4.065313339233398,0.05169304832816124,0.06689683347940445,nan,nan
0,2011,2019-07-22,6.317999839782715,4.038302421569824,0.05387754738330841,0.0225262101739645,nan,nan
0,2011,2019-07-23,6.372000217437744,4.200724124908447,0.061989083886146545,0.001527436077594757,nan,nan
0,2011,2019-07-24,6.810999870300293,4.362536430358887,0.08006706833839417,0.005429954268038273,nan,nan
0,2011,2019-07-25,7.288000106811523,4.561180114746094,0.10448132455348969,0.0026034980546683073,nan,nan
0,2011,2019-07-26,7.238999843597412,4.80048942565918,0.08676975220441818,0.0010750263463705778,nan,nan
0,2011,2019-07-27,7.139999866485596,5.115901947021484,0.061728209257125854,0.012412866577506065,nan,nan
0,2011,2019-07-28,6.2789998054504395,5.157744884490967,0.04191629961133003,0.008958658203482628,nan,nan
0,2011,2019-07-29,5.99399995803833,5.03698205947876,0.028066756203770638,0.006384413223713636,nan,nan
0,2011,2019-07-30,6.176000118255615,4.69978666305542,0.028197478502988815,0.053618982434272766,nan,nan
0,2011,2019-07-31,5.97599983215332,4.393087863922119,0.021353261545300484,0.013517189770936966,nan,nan
0,2011,2019-08-01,5.760000228881836,4.283333778381348,0.01815820299088955,0.01472516916692257,nan,nan
0,2011,2019-08-02,5.835999965667725,4.071826934814453,0.017713410779833794,0.010308563709259033,nan,nan
0,2011,2019-08-03,4.706999778747559,4.068553447723389,0.012613184750080109,0.0019415970891714096,nan,nan
0,2011,2019-08-04,4.211999893188477,3.819038152694702,0.013766661286354065,0.046993255615234375,nan,nan
0,2011,2019-08-05,5.126999855041504,3.668788433074951,0.016705447807908058,0.06885585933923721,nan,nan
0,2011,2019-08-06,5.243000030517578,3.732133150100708,0.016074523329734802,0.014330819249153137,nan,nan
0,2011,2019-08-07,5.821000099182129,4.28981876373291,0.014309611171483994,0.004555205348879099,nan,nan
0,2011,2019-08-08,5.51200008392334,4.50056791305542,0.0112907188013196,0.0008215657435357571,nan,nan
0,2011,2019-08-09,6.033999919891357,4.121621608734131,0.013064204715192318,0.02510116808116436,nan,nan
0,2011,2019-08-10,6.083000183105469,4.250677585601807,0.012460364028811455,0.003364634234458208,nan,nan
0,2011,2019-08-11,6.183000087738037,4.260225296020508,0.009978655725717545,0.009284189902245998,nan,nan
0,2011,2019-08-12,7.796000003814697,4.834277153015137,0.008362173102796078,0.0032499833032488823,nan,nan
0,2011,2019-08-13,6.263999938964844,5.101771354675293,0.005170486867427826,0.10196240246295929,nan,nan
0,2011,2019-08-14,5.077000141143799,4.589057922363281,0.004355153534561396,0.023785045370459557,nan,nan
0,2011,2019-08-15,4.039000034332275,4.254248142242432,0.003942216746509075,0.07320724427700043,nan,nan
0,2011,2019-08-16,4.560999870300293,3.971686840057373,0.003590080188587308,0.14069300889968872,nan,nan
0,2011,2019-08-17,4.10699987411499,3.8804407119750977,0.0034382459707558155,0.06708742678165436,nan,nan
0,2011,2019-08-18,3.678999662399292,3.693979024887085,0.004201529081910849,0.08272179216146469,nan,nan
0,2011,2019-08-19,5.73799991607666,3.93380069732666,0.00401033740490675,0.009886578656733036,nan,nan
0,2011,2019-08-20,6.479000091552734,4.214306831359863,0.0033167372457683086,0.026340151205658913,nan,nan
0,2011,2019-08-21,6.678999900817871,4.931061744689941,0.00822486449033022,0.24625104665756226,nan,nan
0,2011,2019-08-22,5.59499979019165,4.646669387817383,0.016987690702080727,0.00948031060397625,nan,nan
0,2011,2019-08-23,5.570000171661377,4.37800407409668,0.014028726145625114,0.04567280411720276,nan,nan
0,2011,2019-08-24,5.302000045776367,4.362678050994873,0.011354688555002213,0.04575749859213829,nan,nan
0,2011,2019-08-25,4.697000026702881,4.126340389251709,0.009569951333105564,0.038582488894462585,nan,nan
0,2011,2019-08-26,5.178999900817871,3.8578383922576904,0.009883005172014236,0.05248148739337921,nan,nan
0,2011,2019-08-27,4.736999988555908,3.774317502975464,0.010754382237792015,0.014909536577761173,nan,nan
0,2011,2019-08-28,4.820000171661377,3.7585830688476562,0.009281398728489876,0.0380561538040638,nan,nan
0,2011,2019-08-29,4.599999904632568,3.7724955081939697,0.007409459911286831,0.03398823365569115,nan,nan
0,2011,2019-08-30,4.414000034332275,3.7277791500091553,0.006442972458899021,0.04436991736292839,nan,nan
0,2011,2019-08-31,3.869000196456909,3.647035598754883,0.005966784432530403,0.048918355256319046,nan,nan
0,2011,2019-09-01,3.4010000228881836,3.702920436859131,0.004723836202174425,0.10999056696891785,nan,nan
0,2011,2019-09-02,3.933000087738037,3.6411516666412354,0.0035352143459022045,0.10699262470006943,nan,nan
0,2011,2019-09-03,3.4079999923706055,3.4114937782287598,0.0027260647621005774,0.05814680829644203,nan,nan
0,2011,2019-09-04,4.064000129699707,3.1542866230010986,0.0026070496533066034,0.06911203265190125,nan,nan
0,2011,2019-09-05,3.8980000019073486,3.105109930038452,0.0022170732263475657,0.018182456493377686,nan,nan
0,2011,2019-09-06,3.499000072479248,3.3879342079162598,0.0030389504972845316,0.015863580629229546,nan,nan
0,2011,2019-09-07,2.4179999828338623,3.360373020172119,0.0024528505746275187,0.037371259182691574,nan,nan
0,2011,2019-09-08,1.8170000314712524,3.200403928756714,0.0017925756983458996,0.13822758197784424,nan,nan
0,2011,2019-09-09,2.688999891281128,3.1268045902252197,0.0013311489019542933,0.18626199662685394,nan,nan
0,2011,2019-09-10,2.4159998893737793,2.9941864013671875,0.0009754907805472612,0.11901716142892838,nan,nan
0,2011,2019-09-11,2.2130000591278076,2.8104007244110107,0.0007543237297795713,0.11743038147687912,nan,nan
0,2011,2019-09-12,2.2309999465942383,2.643594980239868,0.0005392493330873549,0.11072932183742523,nan,nan
0,2011,2019-09-13,2.055000066757202,2.5414066314697266,0.0004864318179897964,0.09108247607946396,nan,nan
0,2011,2019-09-14,1.9040000438690186,2.536038637161255,0.000501099566463381,0.10962783545255661,nan,nan
0,2011,2019-09-15,1.8410000801086426,2.5314040184020996,0.0004920428618788719,0.12690196931362152,nan,nan
0,2011,2019-09-16,3.38700008392334,2.617326498031616,0.0004766698693856597,0.15259389579296112,nan,nan
0,2011,2019-09-17,3.306999921798706,2.7850348949432373,0.00037556549068540335,0.027573786675930023,nan,nan
0,2011,2019-09-18,3.2899999618530273,2.865654945373535,0.0003845621831715107,0.040796488523483276,nan,nan
0,2011,2019-09-19,3.3329999446868896,2.8140459060668945,0.00024130458768922836,0.03644475340843201,nan,nan
0,2011,2019-09-20,3.25,2.787566900253296,0.00010872363054659218,0.031039945781230927,nan,nan
0,2011,2019-09-21,2.1470000743865967,2.7170519828796387,9.670362487668172e-05,0.029410695657134056,nan,nan
0,2011,2019-09-22,1.6990000009536743,2.541565179824829,0.0001024119119392708,0.10018768906593323,nan,nan
0,2011,2019-09-23,2.8289999961853027,2.6578867435455322,0.0001050251885317266,0.041851919144392014,nan,nan
0,2011,2019-09-24,2.7290000915527344,2.532397508621216,0.00010160201782127842,0.037955142557621,nan,nan
0,2011,2019-09-25,2.061000108718872,2.4396731853485107,8.406567212659866e-05,0.03499174490571022,nan,nan
0,2011,2019-09-26,2.6080000400543213,2.410416841506958,6.790889165131375e-05,0.06798917800188065,nan,nan
0,2011,2019-09-27,2.0799999237060547,2.3641605377197266,5.658690497511998e-05,0.03521494194865227,nan,nan
0,2011,2019-09-28,1.3849999904632568,2.282283067703247,5.4761283536208794e-05,0.06638867408037186,nan,nan
0,2011,2019-09-29,1.2380000352859497,2.157463788986206,5.255415817373432e-05,0.11913903057575226,nan,nan
0,2011,2019-09-30,1.5390000343322754,2.070458173751831,6.126496737124398e-05,0.12053195387125015,nan,nan
0,2011,2019-10-01,1.9930000305175781,2.047621726989746,6.91243403707631e-05,0.08314499258995056,nan,nan
0,2011,2019-10-02,2.1489999294281006,2.27551531791687,7.123454997781664e-05,0.0051765115931630135,nan,nan
0,2011,2019-10-03,1.8839999437332153,2.393044948577881,6.267743447097018e-05,0.019335856661200523,nan,nan
0,2011,2019-10-04,1.5720000267028809,2.3272976875305176,5.745549060520716e-05,0.09252063184976578,nan,nan
0,2011,2019-10-05,1.1380000114440918,2.2587811946868896,3.516931246849708e-05,0.10236484557390213,nan,nan
0,2011,2019-10-06,0.9559999704360962,2.1303811073303223,2.8338741685729474e-05,0.14513590931892395,nan,nan
0,2011,2019-10-07,1.4259999990463257,2.4288482666015625,9.222489461535588e-05,4.2973566451109946e-05,nan,nan
0,2011,2019-10-08,1.4459999799728394,2.1918931007385254,0.00015918290591798723,0.12066610157489777,nan,nan
0,2011,2019-10-09,1.6699999570846558,2.0313761234283447,0.00014139153063297272,0.09010947495698929,nan,nan
0,2011,2019-10-10,1.8429999351501465,2.3795485496520996,0.0004430083208717406,0.021211495622992516,nan,nan
0,2011,2019-10-11,1.7389999628067017,2.1577579975128174,0.0007272307411767542,0.07032600790262222,nan,nan
0,2011,2019-10-12,1.2740000486373901,2.082329034805298,0.0006558525492437184,0.0690835490822792,nan,nan
0,2011,2019-10-13,1.1330000162124634,2.0538806915283203,0.0006172654102556407,0.11314629763364792,nan,nan
0,2011,2019-10-14,1.5609999895095825,2.040266275405884,0.0005715623847208917,0.1276719868183136,nan,nan
0,2011,2019-10-15,2.312999963760376,2.061316967010498,0.000523171154782176,0.08307715505361557,nan,nan
0,2011,2019-10-16,2.3550000190734863,3.8116836547851562,0.32299715280532837,0.8454819917678833,nan,nan
0,2011,2019-10-17,1.9420000314712524,2.2427332401275635,0.8382754325866699,0.039532121270895004,nan,nan
0,2011,2019-10-18,1.5670000314712524,2.1962530612945557,0.7983574867248535,0.0667521059513092,nan,nan
0,2011,2019-10-19,1.2400000095367432,2.229092597961426,0.7528616189956665,0.094423308968544,nan,nan
0,2011,2019-10-20,1.3669999837875366,2.343747854232788,0.7035223245620728,0.10391543805599213,nan,nan
0,2011,2019-10-21,3.3889999389648438,3.0648715496063232,0.66475510597229,0.07839185744524002,nan,nan
0,2011,2019-10-22,4.964000225067139,4.54486608505249,0.6655516028404236,0.034302614629268646,nan,nan
0,2011,2019-10-23,3.384000062942505,3.228311538696289,0.6472315192222595,0.00012242092634551227,nan,nan
0,2011,2019-10-24,3.1700000762939453,3.2341649532318115,0.5943662524223328,0.026694191619753838,nan,nan
0,2011,2019-10-25,2.7269999980926514,2.5052294731140137,0.5304238200187683,0.00703040324151516,nan,nan
0,2011,2019-10-26,1.7860000133514404,2.265613079071045,0.46374380588531494,0.019608963280916214,nan,nan
0,2011,2019-10-27,1.402999997138977,2.275336265563965,0.40332406759262085,0.09434601664543152,nan,nan
0,2011,2019-10-28,1.7309999465942383,2.1538469791412354,0.34228816628456116,0.11630453169345856,nan,nan
0,2011,2019-10-29,2.4619998931884766,2.7856180667877197,0.37592613697052,0.003466628724709153,nan,nan
0,2011,2019-10-30,2.5439999103546143,2.393618106842041,0.3460629880428314,0.01303170621395111,nan,nan
0,2011,2019-10-31,2.3359999656677246,2.2541797161102295,0.27902472019195557,0.020254364237189293,nan,nan
0,2011,2019-11-01,1.6019999980926514,2.1064069271087646,0.23052547872066498,0.02723836898803711,nan,nan
0,2011,2019-11-02,1.3480000495910645,2.287540912628174,0.2123030424118042,0.010891690850257874,nan,nan
0,2011,2019-11-03,1.3609999418258667,2.1828227043151855,0.1858752965927124,0.02371729351580143,nan,nan
0,2011,2019-11-04,1.5950000286102295,2.2331671714782715,0.17161592841148376,0.009327066130936146,nan,nan
0,2011,2019-11-05,1.8860000371932983,2.502751350402832,0.17866094410419464,0.013944434002041817,nan,nan
0,2011,2019-11-06,1.9170000553131104,2.2663142681121826,0.15299981832504272,0.023801671341061592,nan,nan
0,2011,2019-11-07,1.7669999599456787,2.128253221511841,0.12349237501621246,0.03768053278326988,nan,nan
0,2011,2019-11-08,1.7699999809265137,2.2115299701690674,0.1182808130979538,0.015155867673456669,nan,nan
0,2011,2019-11-09,1.3760000467300415,2.2832629680633545,0.12004396319389343,0.025932569056749344,nan,nan
0,2011,2019-11-10,1.2480000257492065,2.073652982711792,0.11514641344547272,0.1042661964893341,nan,nan
0,2011,2019-11-11,1.2869999408721924,1.9305534362792969,0.09084367007017136,0.09446261823177338,nan,nan
0,2011,2019-11-12,1.4299999475479126,1.847075343132019,0.07468807697296143,0.031658802181482315,nan,nan
0,2011,2019-11-13,1.496999979019165,1.9339394569396973,0.0599726103246212,0.07033529877662659,nan,nan
0,2011,2019-11-14,1.472000002861023,1.7680187225341797,0.004751058295369148,0.0457054004073143,nan,nan
0,2011,2019-11-15,1.6729999780654907,2.5001065731048584,0.09671812504529953,0.9106723070144653,nan,nan
0,2011,2019-11-16,1.3300000429153442,2.268611431121826,0.40505942702293396,0.07081235945224762,nan,nan
0,2011,2019-11-17,1.190999984741211,1.9978920221328735,0.35072338581085205,0.06507501006126404,nan,nan
0,2011,2019-11-18,1.6039999723434448,1.594538688659668,0.6931741833686829,0.4312572479248047,nan,nan
0,2011,2019-11-19,1.7289999723434448,2.002393960952759,0.7752814292907715,0.04387059062719345,nan,nan
0,2011,2019-11-20,1.863999843597412,1.8078261613845825,0.7200613617897034,0.021684417501091957,nan,nan
0,2011,2019-11-21,1.687000036239624,1.7413737773895264,0.6318579316139221,0.019504861906170845,nan,nan
0,2011,2019-11-22,1.434000015258789,1.673111081123352,0.5647265315055847,0.014722802676260471,nan,nan
0,2011,2019-11-23,1.13100004196167,1.704564094543457,0.5046659111976624,0.01023576594889164,nan,nan
0,2011,2019-11-24,1.4259999990463257,1.9009827375411987,0.7506659030914307,0.2911912798881531,nan,nan
0,2011,2019-11-25,1.6950000524520874,1.731984257698059,0.8063611388206482,0.01838744431734085,nan,nan
0,2011,2019-11-26,1.628000020980835,1.7033685445785522,0.7539459466934204,0.027673743665218353,nan,nan
0,2011,2019-11-27,1.409999966621399,1.6791943311691284,0.6748307943344116,0.016873303800821304,nan,nan
0,2011,2019-11-28,1.402999997138977,1.621553897857666,0.6535016894340515,0.01457725279033184,nan,nan
0,2011,2019-11-29,1.565999984741211,1.589837670326233,0.6296698451042175,0.016861068084836006,nan,nan
0,2011,2019-11-30,1.2599999904632568,1.5527933835983276,0.6656154990196228,0.1350572258234024,nan,nan
0,2011,2019-12-01,1.1009999513626099,1.7121334075927734,0.6442075371742249,0.05924893915653229,nan,nan
0,2011,2019-12-02,1.524999976158142,1.4177091121673584,0.6217723488807678,0.0032606616150587797,nan,nan
0,2011,2019-12-03,1.6699999570846558,1.6490575075149536,0.5650432109832764,0.02914472669363022,nan,nan
0,2011,2019-12-04,1.680999994277954,1.624672770500183,0.47554877400398254,0.02259792760014534,nan,nan
0,2011,2019-12-05,1.7589999437332153,1.7249085903167725,0.3833319842815399,0.030865969136357307,nan,nan
0,2011,2019-12-06,1.6330000162124634,1.6954060792922974,0.31439241766929626,0.023723049089312553,nan,nan
0,2011,2019-12-07,1.281999945640564,1.6746222972869873,0.2456977367401123,0.02903255820274353,nan,nan
0,2011,2019-12-08,1.0770000219345093,1.615930438041687,0.19453446567058563,0.04655488207936287,nan,nan
0,2011,2019-12-09,1.3170000314712524,1.6448639631271362,0.14069509506225586,0.05407663807272911,nan,nan
0,2011,2019-12-10,1.809999942779541,1.6239867210388184,0.26813259720802307,0.19806432723999023,nan,nan
0,2011,2019-12-11,1.6150000095367432,1.8667219877243042,0.31031182408332825,0.03676420822739601,nan,nan
0,2011,2019-12-12,1.6030000448226929,1.6848175525665283,0.27847185730934143,5.349408638721798e-06,nan,nan
0,2011,2019-12-13,1.6019999980926514,1.7055941820144653,0.25185394287109375,0.0027573525439947844,nan,nan
0,2011,2019-12-14,1.149999976158142,1.6754428148269653,0.43980395793914795,0.9140263199806213,nan,nan
0,2011,2019-12-15,0.9810000658035278,1.9072743654251099,0.4555934965610504,0.058129653334617615,nan,nan
0,2011,2019-12-16,1.5399999618530273,1.81440007686615,0.3816487193107605,0.10394224524497986,nan,nan
0,2011,2019-12-17,1.6299999952316284,1.865376591682434,0.21769127249717712,0.056914497166872025,nan,nan
0,2011,2019-12-18,1.475000023841858,1.8543086051940918,0.12750400602817535,0.029501110315322876,nan,nan
0,2011,2019-12-19,1.3109999895095825,1.8482320308685303,0.1018441915512085,0.05208352580666542,nan,nan
0,2011,2019-12-20,1.156000018119812,1.8099701404571533,0.08084326237440109,0.05357854813337326,nan,nan
0,2011,2019-12-21,1.1720000505447388,1.9734692573547363,0.12607410550117493,0.04788561910390854,nan,nan
0,2011,2019-12-22,1.1430000066757202,2.0093581676483154,0.14775840938091278,0.012845944613218307,nan,nan
0,2011,2019-12-23,1.1419999599456787,2.0045382976531982,0.1878504455089569,0.16028626263141632,nan,nan
0,2011,2019-12-24,0.9819999933242798,1.9909162521362305,0.16333894431591034,0.00025484166690148413,nan,nan
0,2011,2019-12-25,0.9220000505447388,1.981283187866211,0.3505780100822449,0.22987037897109985,nan,nan
0,2011,2019-12-26,0.8690000176429749,2.142315626144409,0.45668721199035645,0.17805929481983185,nan,nan
0,2011,2019-12-27,1.0920000076293945,1.60994553565979,0.411892831325531,0.009435159154236317,nan,nan
0,2011,2019-12-28,1.1399999856948853,1.3904229402542114,0.47415077686309814,0.12177213281393051,nan,nan
0,2011,2019-12-29,0.9829999804496765,1.8089531660079956,0.4552162289619446,0.0859229639172554,nan,nan
0,2011,2019-12-30,1.0,1.7038456201553345,0.34180158376693726,0.08523990958929062,nan,nan
0,2011,2019-12-31,0.984000027179718,1.642210841178894,0.2692832946777344,0.0740986093878746,nan,nan
0,2011,2020-01-01,0.9279999732971191,1.624770998954773,0.20944547653198242,0.07304056733846664,nan,nan
0,2011,2020-01-02,1.2130000591278076,1.631951928138733,0.16410838067531586,0.07952578365802765,nan,nan
0,2011,2020-01-03,1.1160000562667847,1.6253907680511475,0.12701024115085602,0.0530848503112793,nan,nan
0,2011,2020-01-04,0.8640000224113464,1.5803693532943726,0.09744174033403397,0.05527281016111374,nan,nan
0,2011,2020-01-05,0.8330000042915344,1.5725809335708618,0.07484941184520721,0.07674524933099747,nan,nan
0,2011,2020-01-06,1.0850000381469727,1.4929970502853394,0.05770806595683098,0.06800907105207443,nan,nan
0,2011,2020-01-07,1.4160000085830688,1.5353564023971558,0.04477686434984207,0.05210624635219574,nan,nan
0,2011,2020-01-08,1.4620000123977661,1.5073801279067993,0.02404206432402134,0.02650277316570282,nan,nan
0,2011,2020-01-09,1.7269999980926514,1.5599212646484375,0.013362720608711243,0.028580525889992714,nan,nan
0,2011,2020-01-10,1.6119999885559082,1.543160080909729,0.01010538637638092,0.013965453952550888,nan,nan
0,2011,2020-01-11,1.3530000448226929,1.5839300155639648,0.00793389417231083,0.022312594577670097,nan,nan
0,2011,2020-01-12,1.0119999647140503,1.5150279998779297,0.0024545476771891117,0.03093741275370121,nan,nan
0,2011,2020-01-13,1.4019999504089355,1.5008665323257446,0.0008033257909119129,0.05365697667002678,nan,nan
0,2011,2020-01-14,1.524999976158142,1.50272536277771,0.0006417835829779506,0.026888396590948105,nan,nan
0,2011,2020-01-15,1.5119999647140503,1.4968632459640503,0.000517867156304419,0.01984766684472561,nan,nan
0,2011,2020-01-16,1.5379999876022339,1.5240905284881592,0.00042021810077130795,0.022669877856969833,nan,nan
0,2011,2020-01-17,1.5490000247955322,1.532042384147644,0.00034586514811962843,0.021958807483315468,nan,nan
0,2011,2020-01-18,1.3650000095367432,1.6698176860809326,0.000369670131476596,0.0004747781786136329,nan,nan
0,2011,2020-01-19,1.246000051498413,1.5939916372299194,0.00026097946101799607,0.03773840144276619,nan,nan
0,2011,2020-01-20,1.3910000324249268,1.5450003147125244,0.0002043628628598526,0.041108135133981705,nan,nan
0,2011,2020-01-21,1.6169999837875366,1.4541336297988892,0.0001430171832907945,0.02330906130373478,nan,nan
0,2011,2020-01-22,1.8519999980926514,1.4818776845932007,8.494935900671408e-05,0.014573769643902779,nan,nan
0,2011,2020-01-23,1.7079999446868896,1.4944467544555664,3.9607868529856205e-05,0.006900119129568338,nan,nan
0,2011,2020-01-24,1.690999984741211,1.5261387825012207,9.362714990857057e-06,0.013657069765031338,nan,nan
0,2011,2020-01-25,1.5190000534057617,1.5798768997192383,8.599922693974804e-06,0.018080085515975952,nan,nan
0,2011,2020-01-26,1.2549999952316284,1.5573060512542725,5.3147032303968444e-06,0.025085099041461945,nan,nan
0,2011,2020-01-27,1.434999942779541,1.5433692932128906,2.520395355531946e-06,0.040294285863637924,nan,nan
0,2011,2020-01-28,1.4199999570846558,1.722107172012329,8.549231097276788e-06,0.010718664154410362,nan,nan
0,2011,2020-01-29,1.496000051498413,2.109321355819702,0.00011316238669678569,0.16478437185287476,nan,nan
0,2011,2020-01-30,1.3660000562667847,2.0845608711242676,0.00023074333148542792,0.0007516653276979923,nan,nan
0,2011,2020-01-31,1.3140000104904175,2.0197105407714844,0.0002361369552090764,0.019658038392663002,nan,nan
0,2011,2020-02-01,1.190000057220459,1.9219410419464111,0.00021557479340117425,0.08572331070899963,nan,nan
0,2011,2020-02-02,1.2280000448226929,1.881941318511963,0.00019132766465190798,0.07502937316894531,nan,nan
0,2011,2020-02-03,2.2139999866485596,2.653324842453003,0.2168310284614563,1.134061336517334,nan,nan
0,2011,2020-02-04,2.0250000953674316,2.6084678173065186,0.5936338305473328,0.0011712408158928156,nan,nan
0,2011,2020-02-05,1.7730000019073486,1.9733060598373413,0.6171509027481079,0.0972152054309845,nan,nan
0,2011,2020-02-06,1.7610000371932983,2.1927294731140137,0.5979658365249634,0.08175162225961685,nan,nan
0,2011,2020-02-07,1.9580000638961792,2.0068037509918213,0.5280553698539734,0.05685095861554146,nan,nan
0,2011,2020-02-08,1.38100004196167,2.0423667430877686,0.45735201239585876,0.04565933346748352,nan,nan
0,2011,2020-02-09,1.2139999866485596,1.8501819372177124,0.3890935480594635,0.06876121461391449,nan,nan
0,2011,2020-02-10,1.440999984741211,1.7755608558654785,0.325458824634552,0.053936105221509933,nan,nan
0,2011,2020-02-11,1.4670000076293945,1.818135380744934,0.2801945209503174,6.0880625824211165e-05,nan,nan
0,2011,2020-02-12,1.4229999780654907,1.7863672971725464,0.23421822488307953,0.0335330031812191,nan,nan
0,2011,2020-02-13,1.4789999723434448,1.7253385782241821,0.1870107501745224,0.048797041177749634,nan,nan
0,2011,2020-02-14,1.687999963760376,1.905674934387207,0.35528454184532166,0.20422223210334778,nan,nan
0,2011,2020-02-15,1.2280000448226929,1.9951341152191162,0.42145130038261414,0.061175111681222916,nan,nan
0,2011,2020-02-16,1.1080000400543213,1.8547461032867432,0.34610992670059204,0.08422134816646576,nan,nan
0,2011,2020-02-17,1.3680000305175781,1.814278244972229,0.2823726534843445,0.09010142087936401,nan,nan
0,2011,2020-02-18,1.3530000448226929,1.8180863857269287,0.23355929553508759,0.02691621147096157,nan,nan
0,2011,2020-02-19,1.4229999780654907,1.7655378580093384,0.18890929222106934,0.05957408249378204,nan,nan
0,2011,2020-02-20,1.465999960899353,1.710147500038147,0.15588608384132385,0.011522205546498299,nan,nan
0,2011,2020-02-21,1.3539999723434448,1.6734968423843384,0.12494512647390366,0.03970987722277641,nan,nan
0,2011,2020-02-22,1.2489999532699585,1.695369005203247,0.09767357259988785,0.050536658614873886,nan,nan
0,2011,2020-02-23,1.0980000495910645,1.7474757432937622,0.07621713727712631,0.0662238821387291,nan,nan
0,2011,2020-02-24,1.2039999961853027,1.7333184480667114,0.060597751289606094,0.0783328264951706,nan,nan
0,2011,2020-02-25,1.277999997138977,1.8088390827178955,0.047529444098472595,0.0794723778963089,nan,nan
0,2011,2020-02-26,1.409000039100647,1.8493255376815796,0.03810512647032738,0.026149163022637367,nan,nan
0,2011,2020-02-27,1.6109999418258667,1.8878874778747559,0.03888630121946335,0.02448224648833275,nan,nan
0,2011,2020-02-28,1.5119999647140503,2.0716583728790283,0.06644698232412338,0.1867866963148117,nan,nan
0,2011,2020-02-29,1.0230000019073486,1.9231210947036743,0.08700487017631531,0.06717406213283539,nan,nan
0,2011,2020-03-01,0.968999981880188,1.8992063999176025,0.08986466377973557,0.0020234216935932636,nan,nan
0,2011,2020-03-02,1.3819999694824219,1.9951057434082031,0.08142600953578949,0.03885125741362572,nan,nan
0,2011,2020-03-03,1.6410000324249268,2.121567964553833,0.020404111593961716,0.0410788357257843,nan,nan
0,2011,2020-03-04,1.6200000047683716,1.9831587076187134,0.008058647625148296,0.06347916275262833,nan,nan
0,2011,2020-03-05,1.6859999895095825,1.8524657487869263,0.006630199961364269,0.022652287036180496,nan,nan
0,2011,2020-03-06,1.600000023841858,2.3137893676757812,0.035965446382761,0.2666962742805481,nan,nan
0,2011,2020-03-07,1.3320000171661377,2.047734022140503,0.06894724816083908,0.06444237381219864,nan,nan
0,2011,2020-03-08,1.0219999551773071,1.9125316143035889,0.055690910667181015,0.08008184283971786,nan,nan
0,2011,2020-03-09,1.3350000381469727,1.8825702667236328,0.04613155871629715,0.0710945576429367,nan,nan
0,2011,2020-03-10,1.496000051498413,1.888382077217102,0.03820669278502464,0.045149870216846466,nan,nan
0,2011,2020-03-11,1.4279999732971191,2.3891279697418213,0.2300838828086853,0.3443237841129303,nan,nan
0,2011,2020-03-12,1.503000020980835,2.169255256652832,0.40259143710136414,0.11618468910455704,nan,nan
0,2011,2020-03-13,1.8200000524520874,2.2357518672943115,0.3771514296531677,0.01452617160975933,nan,nan
0,2011,2020-03-14,1.7450000047683716,2.1830639839172363,0.25123968720436096,0.07623062282800674,nan,nan
0,2011,2020-03-15,1.2519999742507935,2.019876480102539,0.16563044488430023,0.05992185324430466,nan,nan
0,2011,2020-03-16,1.371999979019165,1.9444857835769653,0.13382628560066223,0.096373550593853,nan,nan
0,2011,2020-03-17,1.597000002861023,1.935207724571228,0.1073969230055809,0.08233479410409927,nan,nan
0,2011,2020-03-18,1.5240000486373901,1.9553760290145874,0.08444730192422867,0.06406056135892868,nan,nan
0,2011,2020-03-19,1.61899995803833,1.8980668783187866,0.06645573675632477,0.0626312717795372,nan,nan
0,2011,2020-03-20,1.746999979019165,1.8155680894851685,0.052045706659555435,0.04460601881146431,nan,nan
0,2011,2020-03-21,1.4329999685287476,1.8239316940307617,0.040932174772024155,0.03652093559503555,nan,nan
0,2011,2020-03-22,1.312000036239624,1.852370262145996,0.03253541886806488,0.06437893956899643,nan,nan
0,2011,2020-03-23,1.5540000200271606,1.8267213106155396,0.025973742827773094,0.07176954299211502,nan,nan
0,2011,2020-03-24,1.8890000581741333,1.7618426084518433,0.020653439685702324,0.043238621205091476,nan,nan
0,2011,2020-03-25,1.7879999876022339,1.7343120574951172,0.01639285683631897,0.020132755860686302,nan,nan
0,2011,2020-03-26,1.7580000162124634,1.7403241395950317,0.013089700601994991,0.025979124009609222,nan,nan
0,2011,2020-03-27,1.8329999446868896,1.7031351327896118,0.010256924666464329,0.024430153891444206,nan,nan
0,2011,2020-03-28,1.4110000133514404,1.689466118812561,0.007073745131492615,0.019452283158898354,nan,nan
0,2011,2020-03-29,1.1239999532699585,1.7150546312332153,0.003652618732303381,0.048487503081560135,nan,nan
0,2011,2020-03-30,1.5420000553131104,1.81947660446167,0.0031054753344506025,0.02295985072851181,nan,nan
0,2011,2020-03-31,1.7580000162124634,1.8906500339508057,0.0025902155321091413,0.048643894493579865,nan,nan
0,2011,2020-04-01,1.5570000410079956,1.8753474950790405,0.0017831790028139949,0.04128086939454079,nan,nan
0,2011,2020-04-02,1.5,1.861713171005249,0.0011540629202499986,0.05503666028380394,nan,nan
0,2011,2020-04-03,1.5080000162124634,1.8886300325393677,0.0009951626416295767,0.06344794481992722,nan,nan
0,2011,2020-04-04,1.3700000047683716,1.835537314414978,0.00037086798693053424,0.05571432411670685,nan,nan
0,2011,2020-04-05,1.2259999513626099,1.8103011846542358,0.00016013957792893052,0.06415630877017975,nan,nan
0,2011,2020-04-06,1.2730000019073486,1.8234748840332031,0.0001484856620663777,0.07955043017864227,nan,nan
0,2011,2020-04-07,1.7979999780654907,1.8304564952850342,0.000136889677378349,0.07602812349796295,nan,nan
0,2011,2020-04-08,1.805999994277954,1.949833869934082,0.0001316951820626855,0.04685499146580696,nan,nan
0,2011,2020-04-09,1.9550000429153442,1.9215683937072754,2.6209429051959887e-05,0.04300151392817497,nan,nan
0,2011,2020-04-10,1.8570001125335693,2.013885259628296,3.4697302453423617e-06,0.04262254387140274,nan,nan
0,2011,2020-04-11,1.805999994277954,2.0237903594970703,3.2729983558965614e-06,0.051201749593019485,nan,nan
0,2011,2020-04-12,1.7430000305175781,2.017932653427124,3.434618747633067e-06,0.05456802248954773,nan,nan
0,2011,2020-04-13,1.6549999713897705,1.989452838897705,4.191130301478552e-06,0.05610162392258644,nan,nan
0,2011,2020-04-14,1.933000087738037,1.9718098640441895,4.573208570946008e-06,0.06122515723109245,nan,nan
0,2011,2020-04-15,1.96999990940094,1.9388850927352905,4.8751276153780054e-06,0.0360555499792099,nan,nan
0,2011,2020-04-16,2.3380000591278076,1.9420884847640991,5.189870535105001e-06,0.03396192938089371,nan,nan
0,2011,2020-04-17,2.578000068664551,1.9703481197357178,5.670817245118087e-06,0.016296125948429108,nan,nan
0,2011,2020-04-18,2.368000030517578,2.0284295082092285,6.435231625800952e-06,0.01030543353408575,nan,nan
0,2011,2020-04-19,2.3239998817443848,2.0929248332977295,6.90058959662565e-06,0.02426658757030964,nan,nan
0,2011,2020-04-20,2.2260000705718994,2.1444456577301025,6.64604385747225e-06,0.03150340914726257,nan,nan
0,2011,2020-04-21,2.437000036239624,2.154080629348755,6.150147783046123e-06,0.03890526667237282,nan,nan
0,2011,2020-04-22,2.4739999771118164,2.1487038135528564,5.627438895317027e-06,0.025249050930142403,nan,nan
0,2011,2020-04-23,2.822999954223633,2.1053662300109863,6.615614893235033e-06,0.019778458401560783,nan,nan
0,2011,2020-04-24,2.947000026702881,2.1109349727630615,7.810776878613979e-06,0.006585205439478159,nan,nan
0,2011,2020-04-25,2.49399995803833,2.1479969024658203,9.14388510864228e-06,0.004839031025767326,nan,nan
0,2011,2020-04-26,2.3610000610351562,2.193713665008545,9.19076228456106e-06,0.02598152495920658,nan,nan
0,2011,2020-04-27,2.864000082015991,2.4517674446105957,1.3529910575016402e-05,9.177867468679324e-05,nan,nan
0,2011,2020-04-28,3.5859999656677246,2.5058095455169678,1.255328425031621e-05,0.010342656634747982,nan,nan
0,2011,2020-04-29,3.4539999961853027,3.1222667694091797,0.00014794197340961546,0.22182083129882812,nan,nan
0,2011,2020-04-30,2.822999954223633,2.8737611770629883,0.0004281425499357283,0.03185989707708359,nan,nan
0,2011,2020-05-01,2.3440001010894775,2.969343900680542,0.0006218864000402391,0.0007716951658949256,nan,nan
0,2011,2020-05-02,2.125,3.4485995769500732,0.00271530169993639,0.0636688843369484,nan,nan
0,2011,2020-05-03,2.1029999256134033,3.516204595565796,0.004750979598611593,5.15647952852305e-05,nan,nan
0,2011,2020-05-04,2.444999933242798,3.0642948150634766,0.005995940417051315,0.21762226521968842,nan,nan
0,2011,2020-05-05,2.8919999599456787,2.957313060760498,0.005139884073287249,0.07712942361831665,nan,nan
0,2011,2020-05-06,3.1630001068115234,3.0712738037109375,0.00441338075324893,0.019296376034617424,nan,nan
0,2011,2020-05-07,3.4019999504089355,2.945477247238159,0.004177655093371868,0.06194061040878296,nan,nan
0,2011,2020-05-08,3.5199999809265137,2.8945796489715576,0.003668555524200201,0.03734530508518219,nan,nan
0,2011,2020-05-09,3.5899999141693115,2.8429760932922363,0.003291935659945011,0.025146853178739548,nan,nan
0,2011,2020-05-10,3.9070000648498535,3.0770699977874756,0.0027996182907372713,0.025584466755390167,nan,nan
0,2011,2020-05-11,4.839000225067139,3.365386724472046,0.002641167724505067,0.005326616577804089,nan,nan
0,2011,2020-05-12,5.02400016784668,3.427211284637451,0.0023590310011059046,0.009085973724722862,nan,nan
0,2011,2020-05-13,4.86299991607666,3.4058680534362793,0.0020108886528760195,0.0014181111473590136,nan,nan
0,2011,2020-05-14,4.303999900817871,3.49067759513855,0.0017196816625073552,5.000995588488877e-05,nan,nan
0,2011,2020-05-15,4.125,3.2519044876098633,0.0014461204409599304,0.01764889433979988,nan,nan
0,2011,2020-05-16,3.5429999828338623,3.1656036376953125,0.0011848525609821081,0.017009282484650612,nan,nan
0,2011,2020-05-17,3.5769999027252197,3.190511465072632,0.0009805640438571572,0.028117764741182327,nan,nan
0,2011,2020-05-18,4.456999778747559,3.0170674324035645,0.0009121265611611307,0.038416530936956406,nan,nan
0,2011,2020-05-19,4.867000102996826,2.987640619277954,0.0008658039732836187,0.0011678963201120496,nan,nan
0,2011,2020-05-20,5.455999851226807,2.997081995010376,0.0010005611693486571,0.0012194354785606265,nan,nan
0,2011,2020-05-21,5.224999904632568,3.1071972846984863,0.0012267143465578556,0.011642412282526493,nan,nan
0,2011,2020-05-22,5.28000020980835,3.2581193447113037,0.0015474682440981269,0.0006992178969085217,nan,nan
0,2011,2020-05-23,4.867000102996826,3.3577167987823486,0.0019667765591293573,8.003698894754052e-05,nan,nan
0,2011,2020-05-24,4.76200008392334,3.791611433029175,0.002168901264667511,0.01616806909441948,nan,nan
0,2011,2020-05-25,4.861999988555908,3.6517813205718994,0.0031149357091635466,0.026127181947231293,nan,nan
0,2011,2020-05-26,4.875999927520752,3.4739770889282227,0.0032618867699056864,0.009170422330498695,nan,nan
0,2011,2020-05-27,4.511000156402588,3.4597368240356445,0.0037643425166606903,0.007999356836080551,nan,nan
0,2011,2020-05-28,4.473999977111816,3.322179079055786,0.002693955088034272,0.013408615253865719,nan,nan
0,2011,2020-05-29,4.285999774932861,3.303403377532959,0.0017971787601709366,0.013724646531045437,nan,nan
0,2011,2020-05-30,3.9680001735687256,3.2049498558044434,0.001800143625587225,0.0151818310841918,nan,nan
0,2011,2020-05-31,3.4820001125335693,3.1585512161254883,0.0011793727753683925,0.0276121124625206,nan,nan
0,2011,2020-06-01,3.63100004196167,3.034273862838745,0.00107598549220711,0.04721497744321823,nan,nan
0,2011,2020-06-02,3.9160001277923584,3.001681089401245,0.0007464986992999911,0.03326043859124184,nan,nan
0,2011,2020-06-03,4.853000164031982,2.9852211475372314,0.0008345783571712673,0.016404077410697937,nan,nan
0,2011,2020-06-04,5.214000225067139,3.1854517459869385,0.0007879230543039739,0.00035344355273991823,nan,nan
0,2011,2020-06-05,4.4029998779296875,4.20121955871582,0.006772768683731556,0.3521655797958374,nan,nan
0,2011,2020-06-06,3.2249999046325684,3.7868363857269287,0.017209205776453018,0.0681997761130333,nan,nan
0,2011,2020-06-07,3.3380000591278076,3.788902997970581,0.016282493248581886,0.06104159727692604,nan,nan
0,2011,2020-06-08,3.8499999046325684,4.049391746520996,0.015316282398998737,0.032008297741413116,nan,nan
0,2011,2020-06-09,3.9089996814727783,4.326897621154785,0.016928112134337425,0.0006517358124256134,nan,nan
0,2011,2020-06-10,4.22599983215332,4.736860752105713,0.02637903206050396,0.0035184596199542284,nan,nan
0,2011,2020-06-11,3.500999927520752,4.407896518707275,0.027218807488679886,0.05690186843276024,nan,nan
0,2011,2020-06-12,3.365999937057495,3.9872937202453613,0.02150370180606842,0.2240857183933258,nan,nan
0,2011,2020-06-13,3.0759999752044678,3.764678955078125,0.017276357859373093,0.19042672216892242,nan,nan
0,2011,2020-06-14,3.0920000076293945,3.743364095687866,0.013659391552209854,0.13599497079849243,nan,nan
0,2011,2020-06-15,3.740999937057495,3.5886518955230713,0.010686087422072887,0.19040857255458832,nan,nan
0,2011,2020-06-16,3.9019999504089355,3.6093876361846924,0.008227836340665817,0.1079532727599144,nan,nan
0,2011,2020-06-17,4.668000221252441,3.9852135181427,0.009823763743042946,0.003225526539608836,nan,nan
0,2011,2020-06-18,4.61899995803833,3.9957265853881836,0.009211084805428982,0.013041891157627106,nan,nan
0,2011,2020-06-19,4.553999900817871,4.038383483886719,0.007089601363986731,0.0281513724476099,nan,nan
0,2011,2020-06-20,3.5169999599456787,3.939893960952759,0.005668999627232552,0.07640738785266876,nan,nan
0,2011,2020-06-21,3.312000036239624,3.7232115268707275,0.00491709029302001,0.1589602679014206,nan,nan
0,2011,2020-06-22,4.620999813079834,3.483445644378662,0.004030298907309771,0.13635839521884918,nan,nan
0,2011,2020-06-23,5.151000022888184,3.3567585945129395,0.003963584080338478,0.011231948621571064,nan,nan
0,2011,2020-06-24,5.52400016784668,3.4416556358337402,0.0048549058847129345,0.0013285763561725616,nan,nan
0,2011,2020-06-25,5.696000099182129,3.685648202896118,0.00516579719260335,0.0014187197666615248,nan,nan
0,2011,2020-06-26,5.767000198364258,3.7550952434539795,0.005248046480119228,0.0007025062805041671,nan,nan
0,2011,2020-06-27,5.218999862670898,3.8914456367492676,0.004833057057112455,0.0026223203167319298,nan,nan
0,2011,2020-06-28,4.289999961853027,3.99804425239563,0.004030149430036545,0.03097965568304062,nan,nan
0,2011,2020-06-29,6.23799991607666,4.4193339347839355,0.0040535349398851395,0.00658695911988616,nan,nan
0,2011,2020-06-30,6.735000133514404,4.313466548919678,0.005340012721717358,0.007014699280261993,nan,nan
0,2011,2020-07-01,6.830999851226807,4.154396057128906,0.006964217405766249,0.0021544622723013163,nan,nan
0,2011,2020-07-02,6.935999870300293,4.324731349945068,0.006581504829227924,0.001915076980367303,nan,nan
0,2011,2020-07-03,6.515999794006348,4.50848913192749,0.006081521511077881,0.0005136598483659327,nan,nan
0,2011,2020-07-04,5.875,4.3166584968566895,0.0027872943319380283,0.0012981948675587773,nan,nan
0,2011,2020-07-05,5.453000068664551,4.154403209686279,0.0017044967971742153,0.010796655900776386,nan,nan
0,2011,2020-07-06,6.040999889373779,4.0543036460876465,0.0024480249267071486,0.02262694574892521,nan,nan
0,2011,2020-07-07,5.9019999504089355,4.070899486541748,0.003952757455408573,0.0027208870742470026,nan,nan
0,2011,2020-07-08,5.613999843597412,4.061400413513184,0.005437255371361971,0.005457170307636261,nan,nan
0,2011,2020-07-09,5.501999855041504,3.9301695823669434,0.007150496356189251,0.007830885238945484,nan,nan
0,2011,2020-07-10,5.315000057220459,3.8714241981506348,0.011293689720332623,0.008478503674268723,nan,nan
0,2011,2020-07-11,5.9070000648498535,4.3545355796813965,0.011401068419218063,0.0036501302383840084,nan,nan
0,2011,2020-07-12,4.676000118255615,4.281353950500488,0.011546056717634201,0.0176541805267334,nan,nan
0,2011,2020-07-13,5.203000068664551,3.986809492111206,0.012539533898234367,0.07175134122371674,nan,nan
0,2011,2020-07-14,5.139999866485596,3.9201667308807373,0.011149448342621326,0.02484063059091568,nan,nan
0,2011,2020-07-15,5.041999816894531,3.896279811859131,0.009224161505699158,0.02628260850906372,nan,nan
0,2011,2020-07-16,4.539999961853027,3.8617541790008545,0.005784531123936176,0.028849368914961815,nan,nan
0,2011,2020-07-17,3.806999683380127,3.70381498336792,0.004286730196326971,0.04605584964156151,nan,nan
0,2011,2020-07-18,4.25,3.4884557723999023,0.004033144097775221,0.08071793615818024,nan,nan
0,2011,2020-07-19,3.615000009536743,3.4106194972991943,0.00409762654453516,0.03440632298588753,nan,nan
0,2011,2020-07-20,4.660999774932861,3.3322231769561768,0.0046549574472010136,0.07570381462574005,nan,nan
0,2011,2020-07-21,4.709000110626221,3.3421595096588135,0.006370950024574995,0.00902792438864708,nan,nan
0,2011,2020-07-22,5.666999816894531,3.8305342197418213,0.005536912474781275,0.0005546024767681956,nan,nan
0,2011,2020-07-23,6.1529998779296875,4.373655319213867,0.004159084986895323,0.01386776752769947,nan,nan
0,2011,2020-07-24,5.672999858856201,4.186083793640137,0.006177903153002262,0.004088081885129213,nan,nan
0,2011,2020-07-25,4.940999984741211,4.351464748382568,0.005245022941380739,0.004590000957250595,nan,nan
0,2011,2020-07-26,4.309000015258789,4.064911842346191,0.006142369471490383,0.05895361304283142,nan,nan
0,2011,2020-07-27,4.65500020980835,3.8838953971862793,0.006476860027760267,0.0924161970615387,nan,nan
0,2011,2020-07-28,5.386000156402588,3.727754592895508,0.006993184797465801,0.040409598499536514,nan,nan
0,2011,2020-07-29,6.172999858856201,3.970627784729004,0.00589600158855319,0.0014268542872741818,nan,nan
0,2011,2020-07-30,6.229000091552734,3.9834296703338623,0.007187646813690662,2.788571873679757e-05,nan,nan
0,2011,2020-07-31,6.443999767303467,4.1293487548828125,0.006889001466333866,0.0012398024555295706,nan,nan
0,2011,2020-08-01,6.4710001945495605,4.049940586090088,0.012894902378320694,0.000575228885281831,nan,nan
0,2011,2020-08-02,5.929999828338623,4.330949783325195,0.012698784470558167,0.0011201701126992702,nan,nan
0,2011,2020-08-03,6.334000110626221,4.763345718383789,0.010188572108745575,0.00036632930277846754,nan,nan
0,2011,2020-08-04,5.1519999504089355,4.9931511878967285,0.010402976535260677,0.03474385291337967,nan,nan
0,2011,2020-08-05,4.243000030517578,4.347030162811279,0.010540209710597992,0.07992714643478394,nan,nan
0,2011,2020-08-06,3.94599986076355,3.8742876052856445,0.009761638939380646,0.09791982173919678,nan,nan
0,2011,2020-08-07,4.156000137329102,3.592468738555908,0.010672223754227161,0.08301588147878647,nan,nan
0,2011,2020-08-08,4.4770002365112305,3.544896364212036,0.012687682174146175,0.05686767399311066,nan,nan
0,2011,2020-08-09,4.105000019073486,3.4831316471099854,0.012611172161996365,0.027406495064496994,nan,nan
0,2011,2020-08-10,5.073999881744385,3.36798095703125,0.015076076611876488,0.03969189152121544,nan,nan
0,2011,2020-08-11,4.8979997634887695,3.692356824874878,0.012099326588213444,0.00015560431347694248,nan,nan
0,2011,2020-08-12,5.040999889373779,3.7043607234954834,0.012207862921059132,0.023158535361289978,nan,nan
0,2011,2020-08-13,5.474999904632568,4.084099292755127,0.010153418406844139,0.0012889450881630182,nan,nan
0,2011,2020-08-14,5.560999870300293,4.325071811676025,0.007522479631006718,3.77377091353992e-07,nan,nan
0,2011,2020-08-15,4.960000038146973,4.120798110961914,0.006656613666564226,0.022393492981791496,nan,nan
0,2011,2020-08-16,4.4720001220703125,3.7680270671844482,0.0064384047873318195,0.025176743045449257,nan,nan
0,2011,2020-08-17,5.318999767303467,3.7899134159088135,0.005130239762365818,0.009987684898078442,nan,nan
0,2011,2020-08-18,5.124000072479248,3.849161148071289,0.003915401641279459,0.0089919064193964,nan,nan
0,2011,2020-08-19,4.7829999923706055,3.800877571105957,0.003255888121202588,0.019306452944874763,nan,nan
0,2011,2020-08-20,4.771999835968018,3.5966720581054688,0.003094938350841403,0.020439831539988518,nan,nan
0,2011,2020-08-21,5.068999767303467,3.4846231937408447,0.0032261917367577553,0.013085409998893738,nan,nan
0,2011,2020-08-22,4.817999839782715,3.6018049716949463,0.0031799462158232927,0.008906565606594086,nan,nan
0,2011,2020-08-23,3.8980000019073486,3.6134111881256104,0.002717279363423586,0.019995812326669693,nan,nan
0,2011,2020-08-24,4.11899995803833,3.5006680488586426,0.002425974467769265,0.07372693717479706,nan,nan
0,2011,2020-08-25,4.066999912261963,3.3461363315582275,0.0020884908735752106,0.036418065428733826,nan,nan
0,2011,2020-08-26,3.4140000343322754,3.1767847537994385,0.002026498783379793,0.023662928491830826,nan,nan
0,2011,2020-08-27,3.497999906539917,2.958706855773926,0.0028905083891004324,0.043516855686903,nan,nan
0,2011,2020-08-28,3.5950000286102295,2.9578258991241455,0.003361055627465248,0.037513744086027145,nan,nan
0,2011,2020-08-29,3.0899999141693115,3.3522660732269287,0.003303142497316003,1.7878241123980843e-05,nan,nan
0,2011,2020-08-30,3.1600000858306885,4.104649066925049,0.013395211659371853,0.07360492646694183,nan,nan
0,2011,2020-08-31,3.4769999980926514,4.527573585510254,0.028290050104260445,0.03816142678260803,nan,nan
0,2011,2020-09-01,2.7090001106262207,3.812932252883911,0.047228921204805374,0.18499590456485748,nan,nan
0,2011,2020-09-02,3.0399999618530273,3.388249635696411,0.03394949436187744,0.20138107240200043,nan,nan
0,2011,2020-09-03,2.63700008392334,3.191634178161621,0.022001679986715317,0.11382593959569931,nan,nan
0,2011,2020-09-04,2.509999990463257,2.93051815032959,0.01704886555671692,0.11339891701936722,nan,nan
0,2011,2020-09-05,2.065000057220459,2.790881633758545,0.014267669059336185,0.10300102084875107,nan,nan
0,2011,2020-09-06,1.9059998989105225,2.68135929107666,0.011758532375097275,0.1360936164855957,nan,nan
0,2011,2020-09-07,2.8350000381469727,2.6914331912994385,0.008658241480588913,0.15955446660518646,nan,nan
0,2011,2020-09-08,3.0280001163482666,2.7227752208709717,0.006411319132894278,0.060315437614917755,nan,nan
0,2011,2020-09-09,3.240999937057495,2.685901641845703,0.004771489184349775,0.040731433779001236,nan,nan
0,2011,2020-09-10,3.381999969482422,2.7937300205230713,0.0038692899979650974,0.03761272877454758,nan,nan
0,2011,2020-09-11,3.513000011444092,2.952805757522583,0.0027873883955180645,0.04519623517990112,nan,nan
0,2011,2020-09-12,2.621999979019165,2.843817949295044,0.0021860795095562935,0.025609685108065605,nan,nan
0,2011,2020-09-13,2.180999994277954,2.677905559539795,0.0016657391097396612,0.07322945445775986,nan,nan
0,2011,2020-09-14,3.3499999046325684,2.601029872894287,0.001474071410484612,0.10677698254585266,nan,nan
0,2011,2020-09-15,3.9809999465942383,2.5928988456726074,0.0012700519291684031,0.014453408308327198,nan,nan
0,2011,2020-09-16,3.8320000171661377,2.59049916267395,0.0012004736345261335,8.603119931649417e-05,nan,nan
0,2011,2020-09-17,3.322000026702881,2.6956470012664795,0.0009726018761284649,0.0040883393958210945,nan,nan
0,2011,2020-09-18,2.6640000343322754,2.6816036701202393,0.0008888189913704991,0.022279005497694016,nan,nan
0,2011,2020-09-19,1.8509998321533203,2.6775665283203125,0.0007706621545366943,0.06926152855157852,nan,nan
0,2011,2020-09-20,1.7339999675750732,2.649996280670166,0.0005749204428866506,0.15822678804397583,nan,nan
0,2011,2020-09-21,2.2669999599456787,2.56754207611084,0.0004235862288624048,0.13230760395526886,nan,nan
0,2011,2020-09-22,2.690999984741211,2.4301910400390625,0.00031831010710448027,0.07034896314144135,nan,nan
0,2011,2020-09-23,2.433000087738037,2.3955612182617188,0.00024637114256620407,0.012199406512081623,nan,nan
0,2011,2020-09-24,2.2209999561309814,2.3248565196990967,0.0001902265939861536,0.04307561740279198,nan,nan
0,2011,2020-09-25,2.2119998931884766,2.4512155055999756,0.00017486185242887586,0.004715709947049618,nan,nan
0,2011,2020-09-26,1.4270000457763672,2.850937843322754,0.0003919059527106583,0.037457842379808426,nan,nan
0,2011,2020-09-27,1.0329999923706055,2.5259668827056885,0.0005582042504101992,0.19165834784507751,nan,nan
0,2011,2020-09-28,1.5829999446868896,2.284655809402466,0.00035010851570405066,0.19475729763507843,nan,nan
0,2011,2020-09-29,2.3580000400543213,2.2815370559692383,0.00033686653478071094,0.011684617027640343,nan,nan
0,2011,2020-09-30,2.052999973297119,2.2825493812561035,0.00013967922131996602,0.02464425191283226,nan,nan
0,2011,2020-10-01,1.74399995803833,2.2823164463043213,0.0001180588296847418,0.06884770840406418,nan,nan
0,2011,2020-10-02,1.8980000019073486,2.2524287700653076,0.00010059556370833889,0.08362183719873428,nan,nan
0,2011,2020-10-03,10.85099983215332,15.773767471313477,0.9999006986618042,0.7741459608078003,nan,nan
0,2011,2020-10-04,3.811000108718872,5.503969669342041,0.9999982118606567,1.2517178058624268,nan,nan
0,2011,2020-10-05,2.812999963760376,3.0661566257476807,0.9999974966049194,0.0028712074272334576,nan,nan
0,2011,2020-10-06,2.6029999256134033,2.5958714485168457,0.9999960660934448,0.02162625640630722,nan,nan
0,2011,2020-10-07,2.5420000553131104,4.5187859535217285,0.9999951124191284,0.09215253591537476,nan,nan
0,2011,2020-10-08,2.177000045776367,2.260504722595215,0.999993085861206,0.026170877739787102,nan,nan
0,2011,2020-10-09,2.1689999103546143,2.157214641571045,0.9999890327453613,0.04270921275019646,nan,nan
0,2011,2020-10-10,1.6380000114440918,2.140153408050537,0.9999823570251465,0.04137824848294258,nan,nan
0,2011,2020-10-11,1.565000057220459,2.754216432571411,0.9999740123748779,0.0666484609246254,nan,nan
0,2011,2020-10-12,1.9939998388290405,2.276376247406006,0.9999597072601318,0.10713930428028107,nan,nan
0,2011,2020-10-13,1.8229999542236328,2.2224581241607666,0.9999361038208008,0.06574507802724838,nan,nan
0,2011,2020-10-14,1.6549999713897705,2.2539963722229004,0.99989914894104,0.0698029175400734,nan,nan
0,2011,2020-10-15,1.565000057220459,2.064025402069092,0.9998410940170288,0.0742768868803978,nan,nan
0,2011,2020-10-16,1.784999966621399,2.566831588745117,0.9997815489768982,0.027462255209684372,nan,nan
0,2011,2020-10-17,1.3459999561309814,2.0175390243530273,0.9996755123138428,0.05624556541442871,nan,nan
0,2011,2020-10-18,1.3300000429153442,1.9516438245773315,0.9994943141937256,0.08759161829948425,nan,nan
0,2011,2020-10-19,1.7059999704360962,1.92240309715271,0.9992139339447021,0.08456247299909592,nan,nan
0,2011,2020-10-20,1.437999963760376,1.850228190422058,0.9987791180610657,0.04220098257064819,nan,nan
0,2011,2020-10-21,1.378999948501587,1.7641359567642212,0.9981327652931213,0.05236734822392464,nan,nan
0,2011,2020-10-22,1.3569999933242798,1.7559667825698853,0.997133731842041,0.056134991347789764,nan,nan
0,2011,2020-10-23,2.0810000896453857,2.3507912158966064,0.9957647323608398,0.06611298769712448,nan,nan
0,2011,2020-10-24,2.134000062942505,3.974573850631714,0.9955853223800659,0.040674351155757904,nan,nan
0,2011,2020-10-25,1.7109999656677246,1.8972864151000977,0.994023859500885,0.02057124488055706,nan,nan
0,2011,2020-10-26,1.7940000295639038,2.1835906505584717,0.9901553392410278,0.035312388092279434,nan,nan
0,2011,2020-10-27,1.7380000352859497,3.2537121772766113,0.9941278696060181,0.03987770900130272,nan,nan
0,2011,2020-10-28,1.5570000410079956,1.9861841201782227,0.9942684173583984,0.05609414353966713,nan,nan
0,2011,2020-10-29,1.5360000133514404,1.9683116674423218,0.9915215969085693,0.035964302718639374,nan,nan
0,2011,2020-10-30,1.5920000076293945,1.8528079986572266,0.9873364567756653,0.0413966104388237,nan,nan
0,2011,2020-10-31,1.3669999837875366,1.9250470399856567,0.981810986995697,0.060378529131412506,nan,nan
0,2011,2020-11-01,1.2760000228881836,2.061551332473755,0.12248536199331284,0.10381577908992767,nan,nan
0,2011,2020-11-02,1.465999960899353,2.021657705307007,0.002831293735653162,0.1070936992764473,nan,nan
0,2011,2020-11-03,1.684000015258789,2.004148244857788,0.0014862508978694677,0.0836801752448082,nan,nan
0,2011,2020-11-04,1.8950001001358032,2.178276538848877,0.001359513495117426,0.028341561555862427,nan,nan
0,2011,2020-11-05,1.7879999876022339,2.0540521144866943,0.0009668316342867911,0.04977390542626381,nan,nan
0,2011,2020-11-06,1.7640000581741333,1.9569966793060303,0.0006850900826975703,0.0484694242477417,nan,nan
0,2011,2020-11-07,1.4160000085830688,1.9823033809661865,0.0005811919108964503,0.053472455590963364,nan,nan
0,2011,2020-11-08,1.2829999923706055,1.9367600679397583,0.0004972289316356182,0.07821645587682724,nan,nan
0,2011,2020-11-09,1.6540000438690186,1.845763921737671,0.00039568758802488446,0.07736779749393463,nan,nan
0,2011,2020-11-10,1.7410000562667847,1.8041735887527466,0.00032833372824825346,0.04079676792025566,nan,nan
0,2011,2020-11-11,1.7039999961853027,1.7974932193756104,0.0002800253569148481,0.03420902043581009,nan,nan
0,2011,2020-11-12,1.5269999504089355,1.765196442604065,0.00023952532501425594,0.03335484489798546,nan,nan
0,2011,2020-11-13,1.4859999418258667,1.7838975191116333,0.00020382848742883652,0.04781291261315346,nan,nan
0,2011,2020-11-14,1.2569999694824219,1.7303327322006226,0.00015720840019639581,0.044625721871852875,nan,nan
0,2011,2020-11-15,1.0700000524520874,1.7175849676132202,0.00012572114064823836,0.06140756979584694,nan,nan
0,2011,2020-11-16,1.3569999933242798,1.7790342569351196,0.00011912633635802194,0.03045000694692135,nan,nan
0,2011,2020-11-17,1.4390000104904175,1.7215874195098877,0.00010891736746998504,0.04817356541752815,nan,nan
0,2011,2020-11-18,1.3700000047683716,1.6935625076293945,9.53076159930788e-05,0.0438712015748024,nan,nan
0,2011,2020-11-19,1.3869999647140503,1.7107635736465454,8.335029997397214e-05,0.05116519331932068,nan,nan
0,2011,2020-11-20,1.5440000295639038,1.7610089778900146,7.538891077274457e-05,0.028009990230202675,nan,nan
0,2011,2020-11-21,1.2000000476837158,1.7573589086532593,6.782779382774606e-05,0.04345826804637909,nan,nan
0,2011,2020-11-22,1.1089999675750732,1.6894917488098145,4.518980495049618e-05,0.06256091594696045,nan,nan
0,2011,2020-11-23,1.465000033378601,1.675697922706604,2.5974615709856153e-05,0.06878727674484253,nan,nan
0,2011,2020-11-24,1.5540000200271606,1.7327992916107178,2.4575985662522726e-05,0.046479061245918274,nan,nan
0,2011,2020-11-25,1.6330000162124634,1.6824769973754883,7.2659581746847834e-06,0.03472111001610756,nan,nan
0,2011,2020-11-26,1.7000000476837158,1.651032567024231,1.3596192047771183e-06,0.026885641738772392,nan,nan
0,2011,2020-11-27,1.7649999856948853,1.619309425354004,1.2704713299172e-06,0.020627401769161224,nan,nan
0,2011,2020-11-28,1.3339999914169312,1.6015068292617798,1.2131528137615533e-06,0.0162346251308918,nan,nan
0,2011,2020-11-29,1.1649999618530273,1.5800620317459106,1.180327672045678e-06,0.03877487778663635,nan,nan
0,2011,2020-11-30,1.6059999465942383,1.5599826574325562,1.1673120070554432e-06,0.048835571855306625,nan,nan
0,2011,2020-12-01,1.5509999990463257,1.5725799798965454,1.1458690778454184e-06,0.021707111969590187,nan,nan
0,2011,2020-12-02,1.6649999618530273,1.6939982175827026,3.1740451049699914e-06,0.002998537849634886,nan,nan
0,2011,2020-12-03,1.5770000219345093,1.6304326057434082,4.061652361997403e-06,0.016093609854578972,nan,nan
0,2011,2020-12-04,1.4809999465942383,1.5706098079681396,4.056063062307658e-06,0.02006174810230732,nan,nan
0,2011,2020-12-05,1.2419999837875366,1.795502781867981,3.478104554233141e-05,0.07561923563480377,nan,nan
0,2011,2020-12-06,1.1579999923706055,2.1770126819610596,0.0003954460844397545,0.21572177112102509,nan,nan
0,2011,2020-12-07,1.38100004196167,2.143709897994995,0.00083884660853073,0.004462705459445715,nan,nan
0,2011,2020-12-08,1.3899999856948853,2.0907552242279053,0.0010034956503659487,0.0006595973973162472,nan,nan
0,2011,2020-12-09,1.5499999523162842,1.985514760017395,0.0009992641862481833,0.017919238656759262,nan,nan
0,2011,2020-12-10,1.6729999780654907,1.9187531471252441,0.00091972277732566,0.017978554591536522,nan,nan
0,2011,2020-12-11,1.468999981880188,1.829086184501648,0.0007903305813670158,0.03652876242995262,nan,nan
0,2011,2020-12-12,1.2330000400543213,1.7532081604003906,0.0006791227497160435,0.02729855105280876,nan,nan
0,2011,2020-12-13,1.0740000009536743,1.8729408979415894,0.0009218181949108839,0.0005807473207823932,nan,nan
0,2011,2020-12-14,1.3910000324249268,1.7739773988723755,0.0009301401441916823,0.08352465182542801,nan,nan
0,2011,2020-12-15,1.5130000114440918,1.717221975326538,0.000743543088901788,0.05030355602502823,nan,nan
0,2011,2020-12-16,1.5399999618530273,1.7559598684310913,0.0006137605523690581,0.040357381105422974,nan,nan
0,2011,2020-12-17,1.562000036239624,1.8040047883987427,0.0005116325337439775,0.04922294616699219,nan,nan
0,2011,2020-12-18,1.5080000162124634,1.7872363328933716,0.0004272891383152455,0.04556205868721008,nan,nan
0,2011,2020-12-19,1.246000051498413,1.7116599082946777,0.00035225317697040737,0.04093334823846817,nan,nan
0,2011,2020-12-20,1.065999984741211,1.6578770875930786,0.0002917102538049221,0.05451103299856186,nan,nan
0,2011,2020-12-21,1.2209999561309814,1.6309778690338135,0.00024279588251374662,0.06636638194322586,nan,nan
0,2011,2020-12-22,1.277999997138977,1.8512386083602905,0.0006008936325088143,0.03274861350655556,nan,nan
0,2011,2020-12-23,1.190999984741211,1.7829967737197876,0.0007849583635106683,0.06861239671707153,nan,nan
0,2011,2020-12-24,0.9549999833106995,1.872316837310791,0.0008247618097811937,0.0076358686201274395,nan,nan
0,2011,2020-12-25,0.8429999947547913,1.8800336122512817,0.0007735493127256632,0.04204457625746727,nan,nan
0,2011,2020-12-26,0.800000011920929,1.7709236145019531,0.0006679367506876588,0.06550712138414383,nan,nan
0,2011,2020-12-27,0.734000027179718,1.6698848009109497,0.0005623394390568137,0.09903716295957565,nan,nan
0,2011,2020-12-28,0.9670000672340393,1.5708835124969482,0.0004595266073010862,0.0895746648311615,nan,nan
0,2011,2020-12-29,1.027999997138977,1.555883765220642,0.0004185973375570029,0.023377543315291405,nan,nan
0,2011,2020-12-30,1.0880000591278076,1.523578405380249,0.00036407861625775695,0.03982943296432495,nan,nan
0,2011,2020-12-31,0.8899999856948853,1.4359498023986816,0.00028360661235637963,0.03838193789124489,nan,nan
0,2109,2018-10-19,1.3619999885559082,1.9303425550460815,0.0005933752399869263,0.08187638968229294,nan,nan
0,2109,2018-10-20,1.350000023841858,1.9624944925308228,0.000501392176374793,0.08768448978662491,nan,nan
0,2109,2018-10-21,1.2879999876022339,1.9574841260910034,0.0004234114312566817,0.08811952918767929,nan,nan
0,2109,2018-10-22,1.218999981880188,1.9523110389709473,0.0003596913884393871,0.0938064455986023,nan,nan
0,2109,2018-10-23,1.1239999532699585,1.7681159973144531,0.00014921762340236455,0.07193228602409363,nan,nan
0,2109,2018-10-24,1.090000033378601,1.6547772884368896,7.173134508775547e-05,0.06449409574270248,nan,nan
0,2109,2018-10-25,1.128999948501587,1.5699336528778076,5.8416640968061984e-05,0.05607696250081062,nan,nan
0,2109,2018-10-26,1.0399999618530273,1.5637564659118652,5.220375896897167e-05,0.05212429538369179,nan,nan
0,2109,2018-10-27,1.121000051498413,1.6853266954421997,4.648503818316385e-05,0.05459814891219139,nan,nan
0,2109,2018-10-28,1.159999966621399,2.8856747150421143,0.01075131818652153,0.3759106695652008,nan,nan
0,2109,2018-10-29,3.1410000324249268,3.2440643310546875,0.034820668399333954,3.589423795347102e-05,nan,nan
0,2109,2018-10-30,4.0229997634887695,7.509967803955078,0.9917490482330322,0.7123249173164368,nan,nan
0,2109,2018-10-31,1.946000099182129,3.329413414001465,0.9996434450149536,0.008265030570328236,nan,nan
0,2109,2018-11-01,1.687999963760376,2.4588818550109863,0.9994695782661438,0.03651661425828934,nan,nan
0,2109,2018-11-02,1.50600004196167,2.1826229095458984,0.9992339611053467,0.029667403548955917,nan,nan
0,2109,2018-11-03,1.3969999551773071,1.8489856719970703,0.9988799691200256,0.03992985934019089,nan,nan
0,2109,2018-11-04,1.4620000123977661,1.761569857597351,0.998344898223877,0.05536944419145584,nan,nan
0,2109,2018-11-05,1.534000039100647,1.8066401481628418,0.9975564479827881,0.04351475089788437,nan,nan
0,2109,2018-11-06,1.5180000066757202,1.7662657499313354,0.9963856935501099,0.038658324629068375,nan,nan
0,2109,2018-11-07,1.6749999523162842,2.6499099731445312,0.9955409169197083,0.012930240482091904,nan,nan
0,2109,2018-11-08,1.4160000085830688,1.8031150102615356,0.9939289093017578,0.019525041803717613,nan,nan
0,2109,2018-11-09,1.2359999418258667,1.6330608129501343,0.9910872578620911,0.03881154581904411,nan,nan
0,2109,2018-11-10,1.1260000467300415,1.5925530195236206,0.9869861006736755,0.04728145897388458,nan,nan
0,2109,2018-11-11,1.0520000457763672,1.5860834121704102,0.981156587600708,0.045991383492946625,nan,nan
0,2109,2018-11-12,1.0019999742507935,1.577143907546997,0.9727767705917358,0.05906078219413757,nan,nan
0,2109,2018-11-13,0.984000027179718,1.602243423461914,0.960787832736969,0.06811162084341049,nan,nan
0,2109,2018-11-14,0.9380000233650208,1.5850021839141846,0.9444531202316284,0.057602331042289734,nan,nan
0,2109,2018-11-15,0.8820000290870667,1.521575689315796,0.9217071533203125,0.06260570883750916,nan,nan
0,2109,2018-11-16,0.8489999771118164,1.489120602607727,0.8909124732017517,0.06308412551879883,nan,nan
0,2109,2018-11-17,0.8059999942779541,1.4806554317474365,0.8507899641990662,0.06483618170022964,nan,nan
0,2109,2018-11-18,0.7440000176429749,1.601791501045227,0.7997183203697205,0.08709479123353958,nan,nan
0,2109,2018-11-19,0.7319999933242798,1.5352104902267456,0.7386164665222168,0.08225975930690765,nan,nan
0,2109,2018-11-20,0.6890000104904175,1.4582487344741821,0.6710671782493591,0.05093542858958244,nan,nan
0,2109,2018-11-21,0.6899999976158142,1.3812360763549805,0.593993067741394,0.06529798358678818,nan,nan
0,2109,2018-11-22,0.6880000233650208,1.2992626428604126,0.5122281908988953,0.05431095138192177,nan,nan
0,2109,2018-11-23,0.6620000004768372,1.2722541093826294,0.43145477771759033,0.05109637603163719,nan,nan
0,2109,2018-11-24,0.6610000133514404,1.2761765718460083,0.3563927412033081,0.03333178162574768,nan,nan
0,2109,2018-11-25,0.6359999775886536,1.3559560775756836,0.2956540882587433,0.06121262162923813,nan,nan
0,2109,2018-11-26,0.6240000128746033,1.3085947036743164,0.12513968348503113,0.048762883991003036,nan,nan
0,2109,2018-11-27,0.6259999871253967,1.526259183883667,0.06876154243946075,0.010650958865880966,nan,nan
0,2109,2018-11-28,0.5960000157356262,1.4509128332138062,0.002947964472696185,0.01135242823511362,nan,nan
0,2109,2018-11-29,0.6060000061988831,1.3958748579025269,1.356582924927352e-05,0.07605184614658356,nan,nan
0,2109,2018-11-30,0.6179999709129333,1.3619805574417114,1.2515570233517792e-05,0.07011966407299042,nan,nan
0,2109,2018-12-01,0.6000000238418579,1.4720470905303955,1.7662536265561357e-05,0.011643212288618088,nan,nan
0,2109,2018-12-02,1.3040000200271606,1.4229800701141357,1.8716140402830206e-05,0.06739967316389084,nan,nan
0,2109,2018-12-03,3.7950003147125244,2.7317252159118652,0.1038750484585762,1.0990269184112549,nan,nan
0,2109,2018-12-04,3.805999994277954,4.187588214874268,0.4841623306274414,0.5086269974708557,nan,nan
0,2109,2018-12-05,2.2139999866485596,3.344597101211548,0.5883482098579407,0.0005843302933499217,nan,nan
0,2109,2018-12-06,1.965999960899353,2.38039493560791,0.49364185333251953,0.04288364574313164,nan,nan
0,2109,2018-12-07,1.6239999532699585,2.131751775741577,0.4088496267795563,0.03937574848532677,nan,nan
0,2109,2018-12-08,1.562999963760376,2.1656973361968994,0.3895372450351715,2.439166109979851e-06,nan,nan
0,2109,2018-12-09,1.5520000457763672,2.049013614654541,0.3385585844516754,0.0047738924622535706,nan,nan
0,2109,2018-12-10,1.6720000505447388,1.863674283027649,0.95548415184021,1.6971516609191895,nan,nan
0,2109,2018-12-11,1.402999997138977,1.305684208869934,0.982083797454834,0.5933840870857239,nan,nan
0,2109,2018-12-12,1.1349999904632568,2.5791378021240234,0.9804158806800842,0.2040180265903473,nan,nan
0,2109,2018-12-13,1.027999997138977,2.5382473468780518,0.9708837270736694,0.24256697297096252,nan,nan
0,2109,2018-12-14,1.0160000324249268,1.894362449645996,0.9570877552032471,0.11286303400993347,nan,nan
0,2109,2018-12-15,0.9150000214576721,1.4560641050338745,0.937283456325531,0.0478496216237545,nan,nan
0,2109,2018-12-16,1.0759999752044678,0.6645042896270752,0.9451338052749634,0.23947732150554657,nan,nan
0,2109,2018-12-17,1.069000005722046,0.8513321876525879,0.9351036548614502,0.08593201637268066,nan,nan
0,2109,2018-12-18,0.9529999494552612,1.280087947845459,0.9107612371444702,0.020891057327389717,nan,nan
0,2109,2018-12-19,0.9410000443458557,1.234281063079834,0.8716443777084351,0.028692660853266716,nan,nan
0,2109,2018-12-20,0.890999972820282,0.944786787033081,0.8359167575836182,0.01351985614746809,nan,nan
0,2109,2018-12-21,1.215000033378601,1.2768771648406982,0.7809112668037415,0.03679516911506653,nan,nan
0,2109,2018-12-22,3.634000062942505,1.7015330791473389,0.9690988659858704,0.865622878074646,nan,nan
0,2109,2018-12-23,2.811000108718872,2.7931861877441406,0.9830395579338074,0.00035173934884369373,nan,nan
0,2109,2018-12-24,9.994999885559082,2.881455898284912,0.9981953501701355,0.9782961010932922,nan,nan
0,2109,2018-12-25,4.627999782562256,8.855690002441406,0.9995678067207336,0.48112156987190247,nan,nan
0,2109,2018-12-26,3.069999933242798,2.921373128890991,0.9997685551643372,0.00018913598614744842,nan,nan
0,2109,2018-12-27,2.490000009536743,1.9254567623138428,0.9996172189712524,0.00015651879948563874,nan,nan
0,2109,2018-12-28,2.13700008392334,1.5779670476913452,0.999365508556366,3.26788067468442e-05,nan,nan
0,2109,2018-12-29,1.8589999675750732,1.4337918758392334,0.9989641904830933,0.00028026793734170496,nan,nan
0,2109,2018-12-30,1.6710000038146973,1.4370696544647217,0.9982818365097046,0.004385834559798241,nan,nan
0,2109,2018-12-31,1.5379999876022339,1.399418592453003,0.9970355033874512,0.007892202585935593,nan,nan
0,2109,2019-01-01,1.4240000247955322,1.3082908391952515,0.9887075424194336,0.007617946248501539,nan,nan
0,2109,2019-01-02,1.3079999685287476,1.1809183359146118,0.9806306958198547,0.0002653932897374034,nan,nan
0,2109,2019-01-03,1.1369999647140503,1.1405144929885864,0.9619078636169434,0.004647735506296158,nan,nan
0,2109,2019-01-04,1.0470000505447388,1.5394717454910278,0.943989634513855,0.04853161796927452,nan,nan
0,2109,2019-01-05,1.0740000009536743,1.2718242406845093,0.9190687537193298,0.026626966893672943,nan,nan
0,2109,2019-01-06,1.0520000457763672,0.8799691200256348,0.8903160095214844,0.013755026273429394,nan,nan
0,2109,2019-01-07,0.9829999804496765,1.172021746635437,0.845510721206665,0.015773644670844078,nan,nan
0,2109,2019-01-08,0.9879999756813049,1.1240462064743042,0.6022015810012817,0.003417974105104804,nan,nan
0,2109,2019-01-09,0.9549999833106995,1.0121476650238037,0.7151989340782166,0.375413179397583,nan,nan
0,2109,2019-01-10,0.9079999923706055,0.9690456390380859,0.7106166481971741,0.3314560055732727,nan,nan
0,2109,2019-01-11,0.8500000238418579,1.6939831972122192,0.706620454788208,0.08219859004020691,nan,nan
0,2109,2019-01-12,0.8560000061988831,1.1726963520050049,0.6494570374488831,0.0012945650378242135,nan,nan
0,2109,2019-01-13,0.965999960899353,1.075628638267517,0.8640519976615906,0.6056766510009766,nan,nan
0,2109,2019-01-14,1.4910000562667847,3.0321593284606934,0.9990577101707458,2.4090194702148438,nan,nan
0,2109,2019-01-15,1.1349999904632568,1.143614649772644,0.9998353719711304,0.194078266620636,nan,nan
0,2109,2019-01-16,1.024999976158142,1.7489286661148071,0.9997140765190125,0.07615245878696442,nan,nan
0,2109,2019-01-17,0.9750000834465027,1.405127763748169,0.9995331764221191,0.041334059089422226,nan,nan
0,2109,2019-01-18,0.9120000004768372,0.8887620568275452,0.9992951154708862,0.02071998082101345,nan,nan
0,2109,2019-01-19,0.8339999914169312,1.410038709640503,0.9988229870796204,0.05035357549786568,nan,nan
0,2109,2019-01-20,0.8309999704360962,1.31459379196167,0.9962873458862305,0.04496524855494499,nan,nan
0,2109,2019-01-21,0.8180000185966492,1.1429177522659302,0.9886237382888794,0.022345032542943954,nan,nan
0,2109,2019-01-22,0.7599999904632568,1.1309891939163208,0.9729648232460022,0.02718225307762623,nan,nan
0,2109,2019-01-23,0.753000020980835,1.1195554733276367,0.9470592737197876,0.0295482836663723,nan,nan
0,2109,2019-01-24,0.7480000257492065,1.0805699825286865,0.8395911455154419,0.026408853009343147,nan,nan
0,2109,2019-01-25,0.6970000267028809,1.08699369430542,0.7786869406700134,0.027268076315522194,nan,nan
0,2109,2019-01-26,0.7440000176429749,1.047067403793335,0.7041632533073425,0.026626771315932274,nan,nan
0,2109,2019-01-27,0.7459999918937683,1.0514980554580688,0.6174075603485107,0.024388406425714493,nan,nan
0,2109,2019-01-28,0.7269999980926514,0.9951385259628296,0.7098456621170044,0.21934498846530914,nan,nan
0,2109,2019-01-29,0.6990000009536743,0.9931924939155579,0.6922016143798828,0.04996264725923538,nan,nan
0,2109,2019-01-30,0.6850000023841858,1.2642390727996826,0.6214140057563782,0.04482288658618927,nan,nan
0,2109,2019-01-31,0.6690000295639038,1.2162359952926636,0.5263283252716064,0.03774368017911911,nan,nan
0,2109,2019-02-01,0.6819999814033508,1.183892011642456,0.4284874200820923,0.0392657071352005,nan,nan
0,2109,2019-02-02,0.6759999990463257,1.2058154344558716,0.4243679940700531,0.02811262756586075,nan,nan
0,2109,2019-02-03,0.675000011920929,1.3901312351226807,0.4525555670261383,0.0793992355465889,nan,nan
0,2109,2019-02-04,0.6349999904632568,1.466537356376648,0.40102678537368774,0.0036369410809129477,nan,nan
0,2109,2019-02-05,0.6349999904632568,1.555271029472351,0.31257984042167664,0.09755943715572357,nan,nan
0,2109,2019-02-06,0.6660000085830688,1.495702862739563,0.23813851177692413,0.08769349008798599,nan,nan
0,2109,2019-02-07,0.6779999732971191,1.4633053541183472,0.14836786687374115,0.07946412265300751,nan,nan
0,2109,2019-02-08,0.6700000166893005,1.5394213199615479,0.12324461340904236,0.0008709165267646313,nan,nan
0,2109,2019-02-09,0.6639999747276306,1.5571547746658325,0.07603040337562561,0.09408947080373764,nan,nan
0,2109,2019-02-10,0.7379999756813049,1.472839593887329,0.055426619946956635,0.08113302290439606,nan,nan
0,2109,2019-02-11,0.7960000038146973,1.9939343929290771,0.35107651352882385,0.4086400866508484,nan,nan
0,2109,2019-02-12,0.7129999995231628,1.7846546173095703,0.20382878184318542,0.0474308505654335,nan,nan
0,2109,2019-02-13,0.6970000267028809,1.6944531202316284,0.04047635942697525,0.11329687386751175,nan,nan
0,2109,2019-02-14,0.7160000205039978,1.610232949256897,0.02843901887536049,0.10015218704938889,nan,nan
0,2109,2019-02-15,0.7839999794960022,1.533339500427246,0.023111753165721893,0.08539088815450668,nan,nan
0,2109,2019-02-16,0.8460000157356262,1.5261138677597046,0.017838183790445328,0.07748685032129288,nan,nan
0,2109,2019-02-17,0.9139999747276306,1.500322937965393,0.013903987593948841,0.06786404550075531,nan,nan
0,2109,2019-02-18,0.9469999670982361,1.4829832315444946,0.011147592216730118,0.059488002210855484,nan,nan
0,2109,2019-02-19,0.9600000381469727,1.492455005645752,0.008963963948190212,0.05794210359454155,nan,nan
0,2109,2019-02-20,0.9440000057220459,1.4059977531433105,0.0072241234593093395,0.04618462547659874,nan,nan
0,2109,2019-02-21,0.9559999704360962,1.3432108163833618,0.005825588013976812,0.04024533927440643,nan,nan
0,2109,2019-02-22,1.0099999904632568,1.43323814868927,0.004690925590693951,0.04973790794610977,nan,nan
0,2109,2019-02-23,1.0089999437332153,1.4614715576171875,0.0037906686775386333,0.048958729952573776,nan,nan
0,2109,2019-02-24,1.0399999618530273,1.4149037599563599,0.0030670142732560635,0.043583016842603683,nan,nan
0,2109,2019-02-25,1.1339999437332153,1.4277523756027222,0.002481046598404646,0.04278453439474106,nan,nan
0,2109,2019-02-26,1.2690000534057617,1.4442236423492432,0.001439981977455318,0.03798490762710571,nan,nan
0,2109,2019-02-27,1.3949999809265137,1.3984473943710327,0.001126596936956048,0.025230184197425842,nan,nan
0,2109,2019-02-28,1.6540000438690186,1.4756795167922974,0.0008264304487966001,0.02491302229464054,nan,nan
0,2109,2019-03-01,1.774999976158142,1.481026291847229,0.0006911942618899047,0.013001198880374432,nan,nan
0,2109,2019-03-02,1.5399999618530273,1.9766441583633423,0.002383257495239377,0.1239512488245964,nan,nan
0,2109,2019-03-03,1.3799999952316284,1.8315852880477905,0.003420464927330613,0.052610479295253754,nan,nan
0,2109,2019-03-04,1.4470000267028809,1.6853853464126587,0.002648697467520833,0.047324299812316895,nan,nan
0,2109,2019-03-05,1.3700000047683716,1.872519850730896,0.002905803732573986,0.00496768718585372,nan,nan
0,2109,2019-03-06,1.2660000324249268,1.686284065246582,0.0029027657583355904,0.048195187002420425,nan,nan
0,2109,2019-03-07,1.468999981880188,1.5943782329559326,0.0024805900175124407,0.045239608734846115,nan,nan
0,2109,2019-03-08,1.3869999647140503,1.764909029006958,0.0027920084539800882,0.0018439260311424732,nan,nan
0,2109,2019-03-09,1.319000005722046,1.6555213928222656,0.0024762293323874474,0.0433427058160305,nan,nan
0,2109,2019-03-10,1.7649999856948853,1.8988943099975586,0.003177555976435542,0.0013570988085120916,nan,nan
0,2109,2019-03-11,1.9919999837875366,2.1374497413635254,0.003275341587141156,0.00034228412550874054,nan,nan
0,2109,2019-03-12,1.5369999408721924,2.560481071472168,0.004042481072247028,0.18738768994808197,nan,nan
0,2109,2019-03-13,1.4459999799728394,2.3777780532836914,0.0037852346431463957,0.06100102514028549,nan,nan
0,2109,2019-03-14,1.3919999599456787,2.2608723640441895,0.004218585789203644,0.004411795176565647,nan,nan
0,2109,2019-03-15,2.256999969482422,3.0580296516418457,0.2967378795146942,0.7800595164299011,nan,nan
0,2109,2019-03-16,2.1530001163482666,3.084833860397339,0.5815463066101074,0.01060287095606327,nan,nan
0,2109,2019-03-17,2.1470000743865967,2.6822426319122314,0.539768397808075,0.1251513659954071,nan,nan
0,2109,2019-03-18,2.0439999103546143,2.735286235809326,0.5345940589904785,0.0017076031072065234,nan,nan
0,2109,2019-03-19,1.6699999570846558,2.256978988647461,0.49088504910469055,0.06608233600854874,nan,nan
0,2109,2019-03-20,1.4919999837875366,2.0677266120910645,0.4182179868221283,0.07339949160814285,nan,nan
0,2109,2019-03-21,1.4119999408721924,1.9655795097351074,0.347890704870224,0.07520341873168945,nan,nan
0,2109,2019-03-22,1.4500000476837158,1.89179265499115,0.284336119890213,0.07189439982175827,nan,nan
0,2109,2019-03-23,1.5850000381469727,1.9341095685958862,0.2287847250699997,0.07453321665525436,nan,nan
0,2109,2019-03-24,1.8109999895095825,1.82814359664917,0.1814575493335724,0.048649922013282776,nan,nan
0,2109,2019-03-25,1.931999921798706,1.7707606554031372,0.14216026663780212,0.027372008189558983,nan,nan
0,2109,2019-03-26,1.6790000200271606,1.972943902015686,0.11682610958814621,0.0013993680477142334,nan,nan
0,2109,2019-03-27,1.531999945640564,1.8628785610198975,0.09368354827165604,0.04562133550643921,nan,nan
0,2109,2019-03-28,1.503000020980835,1.6717780828475952,0.07223808020353317,0.035069774836301804,nan,nan
0,2109,2019-03-29,1.5720000267028809,1.6144052743911743,0.05537346005439758,0.03123052418231964,nan,nan
0,2109,2019-03-30,1.7289999723434448,1.6834421157836914,0.04257754236459732,0.03365480899810791,nan,nan
0,2109,2019-03-31,1.9270000457763672,1.6342533826828003,0.023935535922646523,0.02034079097211361,nan,nan
0,2109,2019-04-01,2.069999933242798,1.65409255027771,0.014757086522877216,0.012862383387982845,nan,nan
0,2109,2019-04-02,2.0959999561309814,1.707968831062317,0.011569742113351822,0.010625914670526981,nan,nan
0,2109,2019-04-03,2.0829999446868896,1.7627960443496704,0.007892368361353874,0.012873448431491852,nan,nan
0,2109,2019-04-04,2.0789999961853027,3.0463929176330566,0.2824898958206177,0.7306542992591858,nan,nan
0,2109,2019-04-05,1.8220000267028809,2.7749850749969482,0.7724640965461731,0.9984106421470642,nan,nan
0,2109,2019-04-06,1.8790000677108765,1.9484237432479858,0.9034764170646667,0.04431772232055664,nan,nan
0,2109,2019-04-07,1.9800000190734863,2.069359064102173,0.8588142395019531,0.05514805018901825,nan,nan
0,2109,2019-04-08,1.9529999494552612,1.9699286222457886,0.8035663962364197,0.01969769597053528,nan,nan
0,2109,2019-04-09,2.0429999828338623,2.009195566177368,0.7382410764694214,0.04224067181348801,nan,nan
0,2109,2019-04-10,2.1010000705718994,2.0996155738830566,0.6194879412651062,0.04596993327140808,nan,nan
0,2109,2019-04-11,1.965000033378601,2.051417112350464,0.47321081161499023,0.03653780370950699,nan,nan
0,2109,2019-04-12,1.8730000257492065,2.092972755432129,0.39776259660720825,0.05118074640631676,nan,nan
0,2109,2019-04-13,1.7920000553131104,2.0116801261901855,0.15274401009082794,0.04848143830895424,nan,nan
0,2109,2019-04-14,1.6970000267028809,1.9307533502578735,0.08120284229516983,0.027315203100442886,nan,nan
0,2109,2019-04-15,1.5870000123977661,2.0841431617736816,0.04917873069643974,0.06260976195335388,nan,nan
0,2109,2019-04-16,1.6829999685287476,2.129490613937378,0.033671896904706955,0.09135086089372635,nan,nan
0,2109,2019-04-17,1.9739999771118164,1.9294605255126953,0.023874379694461823,0.05336825177073479,nan,nan
0,2109,2019-04-18,2.6419999599456787,1.7792013883590698,0.01811177097260952,0.019390925765037537,nan,nan
0,2109,2019-04-19,2.9749999046325684,1.9018030166625977,0.013828189112246037,0.0031205432023853064,nan,nan
0,2109,2019-04-20,3.2360000610351562,2.016265630722046,0.010602809488773346,0.000830148346722126,nan,nan
0,2109,2019-04-21,3.2990000247955322,2.064584255218506,0.008469920605421066,1.336901550530456e-05,nan,nan
0,2109,2019-04-22,3.4639999866485596,2.1251251697540283,0.007693415507674217,3.278787289673346e-06,nan,nan
0,2109,2019-04-23,4.431000232696533,2.2893142700195312,0.006649189628660679,0.0003119315078947693,nan,nan
0,2109,2019-04-24,4.882999897003174,2.640000581741333,0.00511054927483201,0.0031256042420864105,nan,nan
0,2109,2019-04-25,4.820000171661377,3.162811279296875,0.004097311291843653,0.02191874012351036,nan,nan
0,2109,2019-04-26,4.88700008392334,3.9976956844329834,0.005067894700914621,0.12698188424110413,nan,nan
0,2109,2019-04-27,3.821000337600708,4.791731834411621,0.010220693424344063,0.0995703935623169,nan,nan
0,2109,2019-04-28,3.3320000171661377,4.54677677154541,0.011678365990519524,0.0441414900124073,nan,nan
0,2109,2019-04-29,2.7760000228881836,3.934119462966919,0.00924883782863617,0.12662121653556824,nan,nan
0,2109,2019-04-30,2.515000104904175,3.3487613201141357,0.006951845716685057,0.1817278116941452,nan,nan
0,2109,2019-05-01,2.6710000038146973,3.0330817699432373,0.005180226173251867,0.14898794889450073,nan,nan
0,2109,2019-05-02,3.0339999198913574,2.951981782913208,0.0040029194205999374,0.11333116143941879,nan,nan
0,2109,2019-05-03,3.369999885559082,3.2263102531433105,0.0012503922916948795,0.002882059896364808,nan,nan
0,2109,2019-05-04,3.2090001106262207,3.2208683490753174,0.0008587553747929633,0.005314349662512541,nan,nan
0,2109,2019-05-05,2.871000051498413,3.687701463699341,0.0002343059895792976,0.0027496584225445986,nan,nan
0,2109,2019-05-06,2.5179998874664307,3.4076340198516846,0.0002701351186260581,0.0743422657251358,nan,nan
0,2109,2019-05-07,2.375999927520752,3.093324899673462,0.0002273247519042343,0.16149400174617767,nan,nan
0,2109,2019-05-08,2.553999900817871,3.020781993865967,0.0001914911699714139,0.1655983328819275,nan,nan
0,2109,2019-05-09,3.11299991607666,3.8577091693878174,0.0011509186588227749,0.0035675792023539543,nan,nan
0,2109,2019-05-10,2.8949999809265137,3.48763370513916,0.00209542503580451,0.1541176736354828,nan,nan
0,2109,2019-05-11,3.4030001163482666,3.1909077167510986,0.0017345290398225188,0.1314266324043274,nan,nan
0,2109,2019-05-12,3.628999948501587,4.359710693359375,0.013385700061917305,0.07028210163116455,nan,nan
0,2109,2019-05-13,2.9609999656677246,3.754964590072632,0.037266988307237625,0.1503613442182541,nan,nan
0,2109,2019-05-14,2.6600000858306885,3.5381805896759033,0.030949339270591736,0.1984862983226776,nan,nan
0,2109,2019-05-15,2.559999942779541,3.239003896713257,0.027998492121696472,0.17363542318344116,nan,nan
0,2109,2019-05-16,2.3910000324249268,3.124861240386963,0.023638049140572548,0.16249437630176544,nan,nan
0,2109,2019-05-17,2.61899995803833,3.131162405014038,0.0194863174110651,0.18866941332817078,nan,nan
0,2109,2019-05-18,2.98799991607666,2.959118366241455,0.015716664493083954,0.12088046967983246,nan,nan
0,2109,2019-05-19,3.250999927520752,2.864323616027832,0.012632922269403934,0.06554324179887772,nan,nan
0,2109,2019-05-20,5.270999908447266,3.9751737117767334,0.030953889712691307,0.025977715849876404,nan,nan
0,2109,2019-05-21,5.704999923706055,4.745091915130615,0.04583219066262245,0.06850583106279373,nan,nan
0,2109,2019-05-22,5.269999980926514,4.519085884094238,0.047356266528367996,0.009784957394003868,nan,nan
0,2109,2019-05-23,5.360000133514404,4.419861793518066,0.04107601195573807,0.07947485893964767,nan,nan
0,2109,2019-05-24,5.784999847412109,4.362399101257324,0.03748878464102745,0.06277050822973251,nan,nan
0,2109,2019-05-25,6.163000106811523,4.43983268737793,0.029750101268291473,0.03893949091434479,nan,nan
0,2109,2019-05-26,5.927999973297119,4.714245319366455,0.024091320112347603,0.009121527895331383,nan,nan
0,2109,2019-05-27,5.701000213623047,4.544076442718506,0.019896486774086952,0.040284641087055206,nan,nan
0,2109,2019-05-28,8.621999740600586,4.960233688354492,0.019104529172182083,0.005197462160140276,nan,nan
0,2109,2019-05-29,7.125,6.694421768188477,0.043850742280483246,0.17424483597278595,nan,nan
0,2109,2019-05-30,5.5920000076293945,6.054134845733643,0.06731854379177094,0.14885102212429047,nan,nan
0,2109,2019-05-31,5.531000137329102,5.611542224884033,0.061005424708127975,0.30250006914138794,nan,nan
0,2109,2019-06-01,6.796999931335449,5.391395568847656,0.051908016204833984,0.2507399320602417,nan,nan
0,2109,2019-06-02,8.472999572753906,5.364590644836426,0.050486527383327484,0.07406913489103317,nan,nan
0,2109,2019-06-03,10.072999954223633,5.480217933654785,0.05308092385530472,0.00011402395466575399,nan,nan
0,2109,2019-06-04,11.321999549865723,5.853099822998047,0.0584297850728035,0.028053689748048782,nan,nan
0,2109,2019-06-05,12.262999534606934,6.467870712280273,0.07551311701536179,0.047728992998600006,nan,nan
0,2109,2019-06-06,11.581000328063965,7.446246147155762,0.09021656960248947,0.013604778796434402,nan,nan
0,2109,2019-06-07,9.616999626159668,7.699700832366943,0.0633024126291275,0.000554555153939873,nan,nan
0,2109,2019-06-08,9.62600040435791,7.393920421600342,0.05518319830298424,0.10997021198272705,nan,nan
0,2109,2019-06-09,8.800000190734863,7.599220275878906,0.06351013481616974,0.1489388793706894,nan,nan
0,2109,2019-06-10,11.631999969482422,7.5785627365112305,0.028998401015996933,0.20191170275211334,nan,nan
0,2109,2019-06-11,16.559999465942383,14.71160888671875,0.8297637104988098,0.11063667386770248,nan,nan
0,2109,2019-06-12,11.383000373840332,13.942378997802734,0.9763725399971008,0.4711756408214569,nan,nan
0,2109,2019-06-13,10.079999923706055,10.245323181152344,0.9735153913497925,0.5100725293159485,nan,nan
0,2109,2019-06-14,10.711000442504883,9.3867769241333,0.9713379740715027,0.62906414270401,nan,nan
0,2109,2019-06-15,15.28600025177002,11.700668334960938,0.9698789119720459,1.723110318183899,nan,nan
0,2109,2019-06-16,13.522000312805176,16.714797973632812,0.9819988012313843,1.6416656970977783,nan,nan
0,2109,2019-06-17,10.64799976348877,11.963323593139648,0.9890797734260559,0.7971382141113281,nan,nan
0,2109,2019-06-18,10.935999870300293,11.1242036819458,0.9865060448646545,1.361360788345337,nan,nan
0,2109,2019-06-19,12.21500015258789,12.473381042480469,0.9834699034690857,2.1350340843200684,nan,nan
0,2109,2019-06-20,12.387999534606934,14.416888236999512,0.9788302183151245,2.775787591934204,nan,nan
0,2109,2019-06-21,10.119999885559082,12.153481483459473,0.9735735654830933,0.9863510727882385,nan,nan
0,2109,2019-06-22,9.640000343322754,10.47865104675293,0.9659901261329651,0.7491281628608704,nan,nan
0,2109,2019-06-23,9.975000381469727,9.677079200744629,0.9552834630012512,0.8547361493110657,nan,nan
0,2109,2019-06-24,10.704999923706055,10.861954689025879,0.9527388215065002,1.4714313745498657,nan,nan
0,2109,2019-06-25,12.392999649047852,13.775444984436035,0.9571041464805603,3.528637647628784,nan,nan
0,2109,2019-06-26,14.812000274658203,16.479761123657227,0.9670491814613342,5.3801774978637695,nan,nan
0,2109,2019-06-27,15.126999855041504,18.12337875366211,0.9758032560348511,5.49473237991333,nan,nan
0,2109,2019-06-28,15.307999610900879,16.8640079498291,0.985271692276001,3.7878100872039795,nan,nan
0,2109,2019-06-29,13.836000442504883,15.728764533996582,0.9907929301261902,2.5779004096984863,nan,nan
0,2109,2019-06-30,12.954000473022461,15.636703491210938,0.9930009841918945,3.377579927444458,nan,nan
0,2109,2019-07-01,14.373000144958496,16.47893714904785,0.9937955141067505,4.933899879455566,nan,nan
0,2109,2019-07-02,15.910999298095703,18.744365692138672,0.9929221868515015,5.405534267425537,nan,nan
0,2109,2019-07-03,14.277999877929688,17.440105438232422,0.9916137456893921,3.0228474140167236,nan,nan
0,2109,2019-07-04,12.383999824523926,14.964527130126953,0.9890661239624023,1.756534457206726,nan,nan
0,2109,2019-07-05,10.506999969482422,12.41627025604248,0.9866781234741211,1.4762969017028809,nan,nan
0,2109,2019-07-06,10.906999588012695,12.313179016113281,0.9867210388183594,2.295386791229248,nan,nan
0,2109,2019-07-07,12.340999603271484,12.624161720275879,0.9815438985824585,2.172321319580078,nan,nan
0,2109,2019-07-08,10.883999824523926,13.370566368103027,0.9745898842811584,1.455702781677246,nan,nan
0,2109,2019-07-09,8.87399959564209,10.610212326049805,0.9675874710083008,0.9714401364326477,nan,nan
0,2109,2019-07-10,8.02400016784668,8.80502700805664,0.8421785831451416,0.7150141596794128,nan,nan
0,2109,2019-07-11,7.267000198364258,8.002549171447754,0.6215118169784546,0.6017528772354126,nan,nan
0,2109,2019-07-12,6.6479997634887695,7.401528358459473,0.5068033933639526,0.5542054176330566,nan,nan
0,2109,2019-07-13,10.586000442504883,8.194595336914062,0.4408736228942871,0.4228247106075287,nan,nan
0,2109,2019-07-14,7.485000133514404,8.615291595458984,0.4988415837287903,0.24472391605377197,nan,nan
0,2109,2019-07-15,8.972999572753906,8.580801010131836,0.4186088442802429,0.28962498903274536,nan,nan
0,2109,2019-07-16,6.918000221252441,7.813782691955566,0.36538824439048767,0.31188687682151794,nan,nan
0,2109,2019-07-17,6.894999980926514,7.246005058288574,0.34554916620254517,0.5823512077331543,nan,nan
0,2109,2019-07-18,6.788000106811523,7.14698600769043,0.31429323554039,0.5478769540786743,nan,nan
0,2109,2019-07-19,6.9029998779296875,6.818786144256592,0.2795533537864685,0.4483042359352112,nan,nan
0,2109,2019-07-20,7.534999370574951,6.823955059051514,0.26056769490242004,0.42362022399902344,nan,nan
0,2109,2019-07-21,8.979000091552734,6.964836597442627,0.22876526415348053,0.3349398374557495,nan,nan
0,2109,2019-07-22,8.920000076293945,7.286710262298584,0.23704710602760315,0.17135679721832275,nan,nan
0,2109,2019-07-23,9.244999885559082,7.697824954986572,0.2639484405517578,0.2874772548675537,nan,nan
0,2109,2019-07-24,10.434000015258789,8.506782531738281,0.3090815544128418,0.4893791675567627,nan,nan
0,2109,2019-07-25,10.142999649047852,9.429851531982422,0.39131680130958557,0.5520251393318176,nan,nan
0,2109,2019-07-26,10.949999809265137,10.903165817260742,0.3635878264904022,0.7886894941329956,nan,nan
0,2109,2019-07-27,10.201000213623047,9.929610252380371,0.3029863238334656,0.3624262511730194,nan,nan
0,2109,2019-07-28,19.378999710083008,9.343438148498535,0.24981380999088287,0.173252671957016,nan,nan
0,2109,2019-07-29,14.246999740600586,13.360831260681152,0.6763018369674683,0.4151684641838074,nan,nan
0,2109,2019-07-30,10.491999626159668,12.08865737915039,0.8574000000953674,0.640347421169281,nan,nan
0,2109,2019-07-31,9.133999824523926,11.755803108215332,0.8367422819137573,1.8658467531204224,nan,nan
0,2109,2019-08-01,7.952000617980957,9.677793502807617,0.8146522045135498,1.0768263339996338,nan,nan
0,2109,2019-08-02,8.826000213623047,9.63506031036377,0.7754172682762146,1.496881127357483,nan,nan
0,2109,2019-08-03,7.046999931335449,8.907878875732422,0.7111907005310059,0.4785280227661133,nan,nan
0,2109,2019-08-04,6.623000144958496,7.416943550109863,0.69339519739151,0.6195263266563416,nan,nan
0,2109,2019-08-05,7.078000068664551,7.631120204925537,0.6799474358558655,0.8454980850219727,nan,nan
0,2109,2019-08-06,10.312000274658203,8.152898788452148,0.6329358816146851,0.9643343091011047,nan,nan
0,2109,2019-08-07,12.628000259399414,13.317755699157715,0.7656530141830444,1.226340651512146,nan,nan
0,2109,2019-08-08,10.52400016784668,11.496955871582031,0.7914175987243652,0.41252410411834717,nan,nan
0,2109,2019-08-09,9.45300006866455,10.886178970336914,0.8003907203674316,1.2626087665557861,nan,nan
0,2109,2019-08-10,11.993000030517578,13.886488914489746,0.7714293599128723,3.5834624767303467,nan,nan
0,2109,2019-08-11,11.071000099182129,11.679750442504883,0.709337592124939,0.9344198703765869,nan,nan
0,2109,2019-08-12,15.269000053405762,13.372469902038574,0.6356546878814697,1.612483024597168,nan,nan
0,2109,2019-08-13,11.791999816894531,12.565972328186035,0.6494786143302917,0.08466192334890366,nan,nan
0,2109,2019-08-14,7.784000396728516,9.770142555236816,0.6467615365982056,0.35789355635643005,nan,nan
0,2109,2019-08-15,6.551000118255615,7.583301544189453,0.5972484946250916,0.4949968457221985,nan,nan
0,2109,2019-08-16,6.2769999504089355,7.2213544845581055,0.5195327401161194,0.6733159422874451,nan,nan
0,2109,2019-08-17,6.176000118255615,7.006853103637695,0.4636240005493164,0.6562053561210632,nan,nan
0,2109,2019-08-18,7.452000141143799,7.350788116455078,0.4369232654571533,0.8488610982894897,nan,nan
0,2109,2019-08-19,13.126999855041504,12.090948104858398,0.48578938841819763,1.8300750255584717,nan,nan
0,2109,2019-08-20,16.41699981689453,11.239717483520508,0.5421029329299927,0.11664104461669922,nan,nan
0,2109,2019-08-21,12.439000129699707,11.881352424621582,0.8268970251083374,0.31320586800575256,nan,nan
0,2109,2019-08-22,9.418000221252441,11.186055183410645,0.9160348176956177,0.7578691840171814,nan,nan
0,2109,2019-08-23,7.930000305175781,10.115489959716797,0.8937340378761292,1.2258929014205933,nan,nan
0,2109,2019-08-24,8.029000282287598,8.986924171447754,0.8465890288352966,1.1238129138946533,nan,nan
0,2109,2019-08-25,7.404999732971191,9.288305282592773,0.8112163543701172,1.2652438879013062,nan,nan
0,2109,2019-08-26,6.7270002365112305,8.778351783752441,0.778998076915741,1.1992303133010864,nan,nan
0,2109,2019-08-27,6.853000164031982,7.9853620529174805,0.6466286182403564,0.9955139756202698,nan,nan
0,2109,2019-08-28,7.5229997634887695,7.692718505859375,0.47346821427345276,0.8029492497444153,nan,nan
0,2109,2019-08-29,7.617000579833984,7.525266647338867,0.3920914828777313,0.5378521084785461,nan,nan
0,2109,2019-08-30,7.11899995803833,7.508029460906982,0.3349130153656006,0.5073165893554688,nan,nan
0,2109,2019-08-31,7.2220001220703125,7.174137592315674,0.28796377778053284,0.5018648505210876,nan,nan
0,2109,2019-09-01,6.625999927520752,7.172606945037842,0.22797256708145142,0.38159826397895813,nan,nan
0,2109,2019-09-02,8.229999542236328,7.503819942474365,0.20623400807380676,0.19675496220588684,nan,nan
0,2109,2019-09-03,6.3979997634887695,7.153007984161377,0.1802893429994583,0.13419760763645172,nan,nan
0,2109,2019-09-04,5.689000129699707,6.297825813293457,0.15669429302215576,0.3551219701766968,nan,nan
0,2109,2019-09-05,5.763000011444092,5.833047389984131,0.08741520345211029,0.35204991698265076,nan,nan
0,2109,2019-09-06,5.159999847412109,6.445365905761719,0.11790759116411209,0.039709266275167465,nan,nan
0,2109,2019-09-07,4.482999801635742,5.739276885986328,0.10526497662067413,0.39211466908454895,nan,nan
0,2109,2019-09-08,4.526000022888184,5.6203293800354,0.07227493077516556,0.3514570891857147,nan,nan
0,2109,2019-09-09,4.328000068664551,5.939144611358643,0.05873013287782669,0.23518265783786774,nan,nan
0,2109,2019-09-10,3.63100004196167,5.319223880767822,0.0471581369638443,0.47799167037010193,nan,nan
0,2109,2019-09-11,3.3889999389648438,4.776106357574463,0.03202534466981888,0.4427109658718109,nan,nan
0,2109,2019-09-12,3.4200000762939453,4.298056602478027,0.020448114722967148,0.3335547149181366,nan,nan
0,2109,2019-09-13,3.6670000553131104,4.043989658355713,0.015438448637723923,0.25297626852989197,nan,nan
0,2109,2019-09-14,3.7140002250671387,4.019117832183838,0.012845365330576897,0.20523057878017426,nan,nan
0,2109,2019-09-15,4.13700008392334,3.8573763370513916,0.010462152771651745,0.16062723100185394,nan,nan
0,2109,2019-09-16,4.414000034332275,4.068556308746338,0.008639884181320667,0.14770838618278503,nan,nan
0,2109,2019-09-17,4.48199987411499,4.241063594818115,0.004472906701266766,0.14658696949481964,nan,nan
0,2109,2019-09-18,4.232999801635742,4.273542404174805,0.0033485149033367634,0.14426440000534058,nan,nan
0,2109,2019-09-19,3.871000289916992,4.034032344818115,0.0016402837354689837,0.12827228009700775,nan,nan
0,2109,2019-09-20,3.490000009536743,3.9316482543945312,0.0005467041046358645,0.15488740801811218,nan,nan
0,2109,2019-09-21,3.3420000076293945,3.740762710571289,0.0004384727799333632,0.16662314534187317,nan,nan
0,2109,2019-09-22,3.559000015258789,3.4828412532806396,0.00038474079337902367,0.13239343464374542,nan,nan
0,2109,2019-09-23,4.843999862670898,4.058313369750977,0.0005203662440180779,0.011430840939283371,nan,nan
0,2109,2019-09-24,3.2179999351501465,3.997549295425415,0.0005223219050094485,0.023034118115901947,nan,nan
0,2109,2019-09-25,3.1019999980926514,3.740294933319092,0.00042533173109404743,0.14643000066280365,nan,nan
0,2109,2019-09-26,3.503999948501587,3.5904979705810547,0.00033913974766619503,0.13816703855991364,nan,nan
0,2109,2019-09-27,3.1570000648498535,3.3776967525482178,0.0002767103142105043,0.09420167654752731,nan,nan
0,2109,2019-09-28,2.872999906539917,3.253680944442749,0.00024382772971875966,0.11143524199724197,nan,nan
0,2109,2019-09-29,2.6730000972747803,3.028172016143799,0.0002330938441446051,0.10373397916555405,nan,nan
0,2109,2019-09-30,2.7809998989105225,2.900085926055908,0.00023543510178569704,0.10379447788000107,nan,nan
0,2109,2019-10-01,2.5989999771118164,2.770204544067383,0.00019798288121819496,0.07179231196641922,nan,nan
0,2109,2019-10-02,4.140999794006348,3.2316524982452393,0.00024200405459851027,0.010866726748645306,nan,nan
0,2109,2019-10-03,3.7619998455047607,3.9587111473083496,0.0004013953439425677,0.029554586857557297,nan,nan
0,2109,2019-10-04,2.697999954223633,3.6712145805358887,0.0005953117506578565,0.11677312105894089,nan,nan
0,2109,2019-10-05,2.6489999294281006,3.513572931289673,0.0003635679022409022,0.10490640997886658,nan,nan
0,2109,2019-10-06,2.384999990463257,3.204087018966675,0.00024024260346777737,0.1599283367395401,nan,nan
0,2109,2019-10-07,4.0320000648498535,3.949810028076172,0.0013019206235185266,0.0010937873739749193,nan,nan
0,2109,2019-10-08,3.2850000858306885,3.4399688243865967,0.0026663292665034533,0.05363061651587486,nan,nan
0,2109,2019-10-09,6.929999828338623,3.01271653175354,0.0020367931574583054,0.06044532731175423,nan,nan
0,2109,2019-10-10,5.048999786376953,4.34117317199707,0.011005984619259834,0.5321662425994873,nan,nan
0,2109,2019-10-11,3.50600004196167,3.709869861602783,0.02231389656662941,0.016201533377170563,nan,nan
0,2109,2019-10-12,2.9010000228881836,3.4159603118896484,0.01886531338095665,0.10048171132802963,nan,nan
0,2109,2019-10-13,2.8559999465942383,3.295476198196411,0.015665171667933464,0.15205509960651398,nan,nan
0,2109,2019-10-14,2.688999891281128,3.2238271236419678,0.013061413541436195,0.1431150734424591,nan,nan
0,2109,2019-10-15,4.426000118255615,3.085792064666748,0.010912014171481133,0.1368432492017746,nan,nan
0,2109,2019-10-16,4.954999923706055,6.7429327964782715,0.5666320323944092,0.12940040230751038,nan,nan
0,2109,2019-10-17,3.4660000801086426,2.862006425857544,0.8951889276504517,0.007581023499369621,nan,nan
0,2109,2019-10-18,2.921999931335449,2.8119895458221436,0.8668069839477539,0.025466391816735268,nan,nan
0,2109,2019-10-19,2.6549999713897705,2.647169828414917,0.8312719464302063,0.04401841014623642,nan,nan
0,2109,2019-10-20,2.7669999599456787,2.760518789291382,0.7905271649360657,0.0557883083820343,nan,nan
0,2109,2019-10-21,4.133999824523926,3.426692485809326,0.7432601451873779,0.09908170253038406,nan,nan
0,2109,2019-10-22,4.434999942779541,5.365354061126709,0.7250792980194092,0.12363173067569733,nan,nan
0,2109,2019-10-23,3.8010001182556152,3.311389446258545,0.6905883550643921,0.01591203175485134,nan,nan
0,2109,2019-10-24,3.615000009536743,3.169034957885742,0.6308721899986267,0.039288315922021866,nan,nan
0,2109,2019-10-25,3.000999927520752,2.997864007949829,0.5685669779777527,0.018329257145524025,nan,nan
0,2109,2019-10-26,2.308000087738037,2.56960391998291,0.5020650625228882,0.03058440610766411,nan,nan
0,2109,2019-10-27,2.0439999103546143,2.638401985168457,0.43634676933288574,0.09906215220689774,nan,nan
0,2109,2019-10-28,2.5190000534057617,2.533633232116699,0.3715249300003052,0.11046911031007767,nan,nan
0,2109,2019-10-29,5.440000057220459,4.702513217926025,0.6028280854225159,0.012145965360105038,nan,nan
0,2109,2019-10-30,4.423999786376953,4.290143966674805,0.6429361701011658,0.0002486144658178091,nan,nan
0,2109,2019-10-31,3.4590001106262207,3.27256441116333,0.5702300667762756,0.0014494367642328143,nan,nan
0,2109,2019-11-01,2.8239998817443848,2.7143099308013916,0.49027562141418457,0.01462237536907196,nan,nan
0,2109,2019-11-02,3.0950000286102295,3.097431182861328,0.40200215578079224,0.029080452397465706,nan,nan
0,2109,2019-11-03,2.806999921798706,2.840372085571289,0.33865442872047424,0.026777252554893494,nan,nan
0,2109,2019-11-04,2.492000102996826,2.992255926132202,0.3004952669143677,0.00950432475656271,nan,nan
0,2109,2019-11-05,2.303999900817871,2.941786766052246,0.19970320165157318,0.028843123465776443,nan,nan
0,2109,2019-11-06,2.259999990463257,2.9754598140716553,0.14928069710731506,0.013551635667681694,nan,nan
0,2109,2019-11-07,2.0460000038146973,2.6679928302764893,0.12648198008537292,0.06083449348807335,nan,nan
0,2109,2019-11-08,2.1419999599456787,3.0443661212921143,0.2043609470129013,0.06964807957410812,nan,nan
0,2109,2019-11-09,1.9270000457763672,3.106311559677124,0.2069724053144455,0.0031234787311404943,nan,nan
0,2109,2019-11-10,1.7710000276565552,2.521421194076538,0.19683821499347687,0.12167105078697205,nan,nan
0,2109,2019-11-11,1.6619999408721924,2.2549891471862793,0.15728703141212463,0.09256286174058914,nan,nan
0,2109,2019-11-12,1.5989999771118164,2.073737621307373,0.13073770701885223,0.029712876304984093,nan,nan
0,2109,2019-11-13,1.468000054359436,2.138439655303955,0.10467636585235596,0.08869022130966187,nan,nan
0,2109,2019-11-14,1.378999948501587,1.849723219871521,0.013804806396365166,0.06095557287335396,nan,nan
0,2109,2019-11-15,1.902999997138977,2.7981481552124023,0.17195214331150055,0.6081974506378174,nan,nan
0,2109,2019-11-16,1.6089999675750732,2.412848711013794,0.4448569416999817,0.02653609961271286,nan,nan
0,2109,2019-11-17,1.5010000467300415,2.1505773067474365,0.383192777633667,0.047180913388729095,nan,nan
0,2109,2019-11-18,1.4240000247955322,2.048448085784912,0.8527489900588989,0.6715437769889832,nan,nan
0,2109,2019-11-19,1.3209999799728394,2.08944034576416,0.9300346970558167,0.0914745032787323,nan,nan
0,2109,2019-11-20,1.2760000228881836,1.7052738666534424,0.904130220413208,0.044136811047792435,nan,nan
0,2109,2019-11-21,1.2699999809265137,1.5845322608947754,0.8668345808982849,0.04337559640407562,nan,nan
0,2109,2019-11-22,1.2419999837875366,1.5307153463363647,0.8282252550125122,0.034777358174324036,nan,nan
0,2109,2019-11-23,1.815999984741211,1.5208995342254639,0.78240567445755,0.022762062028050423,nan,nan
0,2109,2019-11-24,1.8980000019073486,1.8869327306747437,0.7489956021308899,0.006719013676047325,nan,nan
0,2109,2019-11-25,1.7970000505447388,1.650907278060913,0.7018269300460815,0.004374602343887091,nan,nan
0,2109,2019-11-26,1.7680000066757202,1.6837486028671265,0.6371502876281738,0.018318170681595802,nan,nan
0,2109,2019-11-27,1.9070000648498535,1.7288204431533813,0.48881950974464417,0.009901035577058792,nan,nan
0,2109,2019-11-28,1.7869999408721924,1.9627702236175537,0.45730873942375183,0.029583647847175598,nan,nan
0,2109,2019-11-29,1.815999984741211,1.9870070219039917,0.4380907416343689,0.01136112492531538,nan,nan
0,2109,2019-11-30,1.8020000457763672,2.1291935443878174,0.6724105477333069,0.35101306438446045,nan,nan
0,2109,2019-12-01,1.5809999704360962,1.9243531227111816,0.742973268032074,0.04191625490784645,nan,nan
0,2109,2019-12-02,1.4900000095367432,1.5940592288970947,0.6999498605728149,9.893432434182614e-05,nan,nan
0,2109,2019-12-03,1.3480000495910645,1.5740026235580444,0.635897159576416,0.011590640991926193,nan,nan
0,2109,2019-12-04,1.2799999713897705,1.550458312034607,0.5618354082107544,0.03474804759025574,nan,nan
0,2109,2019-12-05,1.2259999513626099,1.5840117931365967,0.48233044147491455,0.043026071041822433,nan,nan
0,2109,2019-12-06,1.1640000343322754,1.5472602844238281,0.3937072157859802,0.04279206693172455,nan,nan
0,2109,2019-12-07,1.1360000371932983,1.534462571144104,0.2776165008544922,0.045888517051935196,nan,nan
0,2109,2019-12-08,1.0950000286102295,1.5124783515930176,0.21907959878444672,0.04542278125882149,nan,nan
0,2109,2019-12-09,1.1050000190734863,1.515990138053894,0.15603666007518768,0.04031882807612419,nan,nan
0,2109,2019-12-10,1.0670000314712524,1.7080577611923218,0.7365532517433167,0.8226476311683655,nan,nan
0,2109,2019-12-11,1.0269999504089355,2.1034092903137207,0.8887984752655029,0.14797267317771912,nan,nan
0,2109,2019-12-12,0.9940000772476196,1.1363369226455688,0.8821297883987427,0.017156396061182022,nan,nan
0,2109,2019-12-13,0.9940000772476196,1.4032127857208252,0.8542441129684448,0.0178359504789114,nan,nan
0,2109,2019-12-14,1.0579999685287476,0.9430843591690063,0.8618213534355164,0.5891293287277222,nan,nan
0,2109,2019-12-15,1.1080000400543213,1.776776671409607,0.8393982648849487,0.08780237287282944,nan,nan
0,2109,2019-12-16,1.1130000352859497,1.5630275011062622,0.790436327457428,0.053721800446510315,nan,nan
0,2109,2019-12-17,1.6629999876022339,1.573516845703125,0.5758509039878845,0.054644133895635605,nan,nan
0,2109,2019-12-18,1.6510000228881836,1.6595311164855957,0.3614136874675751,0.02549590729176998,nan,nan
0,2109,2019-12-19,1.4210000038146973,1.6469953060150146,0.30359137058258057,0.023693883791565895,nan,nan
0,2109,2019-12-20,1.4600000381469727,1.6238770484924316,0.25079211592674255,0.03489985316991806,nan,nan
0,2109,2019-12-21,1.597000002861023,1.882180094718933,0.281012624502182,0.0315074548125267,nan,nan
0,2109,2019-12-22,1.437999963760376,1.8191684484481812,0.27624067664146423,0.008425813168287277,nan,nan
0,2109,2019-12-23,1.3949999809265137,1.7508357763290405,0.5074930787086487,0.37830162048339844,nan,nan
0,2109,2019-12-24,1.8509998321533203,1.4990330934524536,0.5715736746788025,0.14767760038375854,nan,nan
0,2109,2019-12-25,1.937999963760376,1.9461864233016968,0.6983677744865417,0.33704856038093567,nan,nan
0,2109,2019-12-26,1.534000039100647,2.3045718669891357,0.7420763969421387,0.08325958251953125,nan,nan
0,2109,2019-12-27,1.5839999914169312,1.4772007465362549,0.7060333490371704,0.009774844162166119,nan,nan
0,2109,2019-12-28,1.3990000486373901,1.3239203691482544,0.7730972766876221,0.3064940869808197,nan,nan
0,2109,2019-12-29,1.253000020980835,1.7893918752670288,0.7393432855606079,0.058821070939302444,nan,nan
0,2109,2019-12-30,1.2089999914169312,1.6152739524841309,0.5889511704444885,0.0486890934407711,nan,nan
0,2109,2019-12-31,1.1480000019073486,1.5386255979537964,0.5103324055671692,0.04304942861199379,nan,nan
0,2109,2020-01-01,1.0950000286102295,1.501310110092163,0.4325249195098877,0.043259333819150925,nan,nan
0,2109,2020-01-02,1.0449999570846558,1.4687681198120117,0.3591899871826172,0.0434284582734108,nan,nan
0,2109,2020-01-03,1.0089999437332153,1.437625765800476,0.2925855219364166,0.043538063764572144,nan,nan
0,2109,2020-01-04,0.9730000495910645,1.4105024337768555,0.2334996610879898,0.043084241449832916,nan,nan
0,2109,2020-01-05,0.9259999990463257,1.4121205806732178,0.18447595834732056,0.045924652367830276,nan,nan
0,2109,2020-01-06,0.8980000019073486,1.2931534051895142,0.14558051526546478,0.03615065664052963,nan,nan
0,2109,2020-01-07,0.8799999952316284,1.3728305101394653,0.11511286348104477,0.04696548357605934,nan,nan
0,2109,2020-01-08,0.8479999899864197,1.2937079668045044,0.030025796964764595,0.039332665503025055,nan,nan
0,2109,2020-01-09,0.8349999785423279,1.3389034271240234,0.00860887486487627,0.04675108939409256,nan,nan
0,2109,2020-01-10,0.8190000057220459,1.2773289680480957,0.006380640435963869,0.040695805102586746,nan,nan
0,2109,2020-01-11,0.7789999842643738,1.3290027379989624,0.004650485701858997,0.03993817791342735,nan,nan
0,2109,2020-01-12,0.7440000176429749,1.2642693519592285,0.0018618088215589523,0.04324968904256821,nan,nan
0,2109,2020-01-13,0.7409999966621399,1.2581207752227783,0.0008386396802961826,0.045117877423763275,nan,nan
0,2109,2020-01-14,0.7200000286102295,1.2437784671783447,0.0006769906030967832,0.043693605810403824,nan,nan
0,2109,2020-01-15,0.722000002861023,1.2151823043823242,0.0005535057280212641,0.041990987956523895,nan,nan
0,2109,2020-01-16,0.7070000171661377,1.243790626525879,0.0004570871533360332,0.04509444534778595,nan,nan
0,2109,2020-01-17,0.7239999771118164,1.2365950345993042,0.0003811352653428912,0.04537658020853996,nan,nan
0,2109,2020-01-18,0.7440000176429749,1.6163643598556519,0.001136039150878787,0.04753342643380165,nan,nan
0,2109,2020-01-19,0.6320000290870667,1.4398506879806519,0.0013623174745589495,0.06857892125844955,nan,nan
0,2109,2020-01-20,0.6259999871253967,1.3526400327682495,0.0010568464640527964,0.06554096192121506,nan,nan
0,2109,2020-01-21,0.6299999952316284,1.2220789194107056,0.0006418906850740314,0.04982927814126015,nan,nan
0,2109,2020-01-22,0.6710000038146973,1.1899811029434204,0.0004469935956876725,0.04570559784770012,nan,nan
0,2109,2020-01-23,0.6499999761581421,1.182295799255371,0.0003106291696894914,0.041832637041807175,nan,nan
0,2109,2020-01-24,0.6420000195503235,1.168868064880371,0.00012237922055646777,0.04183904826641083,nan,nan
0,2109,2020-01-25,0.6299999952316284,1.2061874866485596,0.00010955285688396543,0.04670027643442154,nan,nan
0,2109,2020-01-26,0.6169999837875366,1.1824766397476196,7.045749225653708e-05,0.044836364686489105,nan,nan
0,2109,2020-01-27,0.6060000061988831,1.1699467897415161,3.819905032287352e-05,0.0443556047976017,nan,nan
0,2109,2020-01-28,0.6309999823570251,1.2265188694000244,3.965129144489765e-05,0.02036554366350174,nan,nan
0,2109,2020-01-29,0.6330000162124634,1.8033428192138672,0.0005739439511671662,0.16416378319263458,nan,nan
0,2109,2020-01-30,0.6209999918937683,1.8312463760375977,0.0011454025516286492,0.003424489637836814,nan,nan
0,2109,2020-01-31,0.9010000228881836,1.7916557788848877,0.001262823585420847,0.014910322614014149,nan,nan
0,2109,2020-02-01,0.9220000505447388,1.6582778692245483,0.0011817471822723746,0.08637037128210068,nan,nan
0,2109,2020-02-02,1.9520000219345093,1.6051087379455566,0.0010234396904706955,0.06361708045005798,nan,nan
0,2109,2020-02-03,5.880000114440918,2.803804636001587,0.13140994310379028,0.8484198451042175,nan,nan
0,2109,2020-02-04,4.00600004196167,3.9577138423919678,0.3143139183521271,0.15793077647686005,nan,nan
0,2109,2020-02-05,2.503999948501587,3.3742897510528564,0.7111072540283203,0.7643762230873108,nan,nan
0,2109,2020-02-06,1.9119999408721924,2.481882095336914,0.8361579775810242,0.04668257758021355,nan,nan
0,2109,2020-02-07,1.628999948501587,2.038285493850708,0.7896002531051636,0.048668768256902695,nan,nan
0,2109,2020-02-08,1.4620000123977661,1.8931304216384888,0.7357277274131775,0.05316048488020897,nan,nan
0,2109,2020-02-09,1.3179999589920044,1.805303931236267,0.6736369729042053,0.055625155568122864,nan,nan
0,2109,2020-02-10,1.7039999961853027,1.7813585996627808,0.6037721037864685,0.06253530830144882,nan,nan
0,2109,2020-02-11,1.715999960899353,1.8801476955413818,0.5289092659950256,0.029464615508913994,nan,nan
0,2109,2020-02-12,1.4240000247955322,1.715693473815918,0.4562467634677887,0.0025137776974588633,nan,nan
0,2109,2020-02-13,1.3209999799728394,1.6850545406341553,0.3877522051334381,0.04399950057268143,nan,nan
0,2109,2020-02-14,1.4579999446868896,1.8715944290161133,0.7793902158737183,0.4878136217594147,nan,nan
0,2109,2020-02-15,1.2970000505447388,2.0226941108703613,0.8677516579627991,0.08307206630706787,nan,nan
0,2109,2020-02-16,1.2799999713897705,1.9272964000701904,0.7996457815170288,0.08874224126338959,nan,nan
0,2109,2020-02-17,1.4240000247955322,1.9769309759140015,0.7194754481315613,0.09883363544940948,nan,nan
0,2109,2020-02-18,1.4559999704360962,1.7946857213974,0.6781588792800903,0.001990550197660923,nan,nan
0,2109,2020-02-19,1.2940000295639038,1.8053251504898071,0.6191613078117371,0.05612368509173393,nan,nan
0,2109,2020-02-20,1.2039999961853027,1.5750449895858765,0.630974292755127,0.031522996723651886,nan,nan
0,2109,2020-02-21,1.1269999742507935,1.7621816396713257,0.5974506735801697,0.07247321307659149,nan,nan
0,2109,2020-02-22,1.0700000524520874,1.7017443180084229,0.5238916277885437,0.07087134569883347,nan,nan
0,2109,2020-02-23,1.1710000038146973,1.7277997732162476,0.4498874247074127,0.0802430585026741,nan,nan
0,2109,2020-02-24,1.4950000047683716,1.7690845727920532,0.38294801115989685,0.07664903253316879,nan,nan
0,2109,2020-02-25,1.4520000219345093,1.912503957748413,0.3174513578414917,0.06721632182598114,nan,nan
0,2109,2020-02-26,1.3109999895095825,1.9062005281448364,0.2755328416824341,0.009212639182806015,nan,nan
0,2109,2020-02-27,1.2120000123977661,1.942423701286316,0.48609650135040283,0.3567686975002289,nan,nan
0,2109,2020-02-28,1.1640000343322754,1.9897372722625732,0.6465534567832947,0.34604182839393616,nan,nan
0,2109,2020-02-29,1.2319999933242798,1.9797637462615967,0.7180349826812744,0.11251000314950943,nan,nan
0,2109,2020-03-01,1.409999966621399,1.9164092540740967,0.6805543303489685,0.007706598378717899,nan,nan
0,2109,2020-03-02,1.375,1.9224507808685303,0.6262469291687012,0.02149386890232563,nan,nan
0,2109,2020-03-03,1.3630000352859497,2.1509406566619873,0.6643474102020264,0.29248860478401184,nan,nan
0,2109,2020-03-04,1.194000005722046,1.9768813848495483,0.6354284286499023,0.08970984816551208,nan,nan
0,2109,2020-03-05,1.2519999742507935,1.7999845743179321,0.47463661432266235,0.06836912781000137,nan,nan
0,2109,2020-03-06,1.3849999904632568,2.0970230102539062,0.5041189789772034,0.08307131379842758,nan,nan
0,2109,2020-03-07,1.222000002861023,1.9212219715118408,0.5222326517105103,0.04030188173055649,nan,nan
0,2109,2020-03-08,1.1150000095367432,1.7711178064346313,0.44977688789367676,0.06237305328249931,nan,nan
0,2109,2020-03-09,1.1410000324249268,1.7830008268356323,0.39641815423965454,0.021485254168510437,nan,nan
0,2109,2020-03-10,1.590999960899353,1.838545322418213,0.3612739145755768,0.001874658279120922,nan,nan
0,2109,2020-03-11,4.301000118255615,2.2352705001831055,0.9480013251304626,1.3472096920013428,nan,nan
0,2109,2020-03-12,3.6579999923706055,3.804842472076416,0.988752543926239,0.08058831095695496,nan,nan
0,2109,2020-03-13,4.436999797821045,3.4098987579345703,0.9854711294174194,0.00885949656367302,nan,nan
0,2109,2020-03-14,3.1549999713897705,3.3800599575042725,0.9659953713417053,0.0208759568631649,nan,nan
0,2109,2020-03-15,2.5179998874664307,2.444570541381836,0.9328866004943848,0.012980598956346512,nan,nan
0,2109,2020-03-16,2.259999990463257,2.199645757675171,0.9085023403167725,0.025156356394290924,nan,nan
0,2109,2020-03-17,2.181999921798706,2.193890333175659,0.8765365481376648,0.04085948318243027,nan,nan
0,2109,2020-03-18,2.2750000953674316,2.222743511199951,0.8312950730323792,0.050008051097393036,nan,nan
0,2109,2020-03-19,2.4560000896453857,2.3611092567443848,0.7723261117935181,0.060040511190891266,nan,nan
0,2109,2020-03-20,2.4839999675750732,2.3652219772338867,0.6878546476364136,0.046016156673431396,nan,nan
0,2109,2020-03-21,2.390000104904175,2.223863124847412,0.6004708409309387,0.01281240489333868,nan,nan
0,2109,2020-03-22,2.3529999256134033,2.2093398571014404,0.5234578251838684,0.03371615335345268,nan,nan
0,2109,2020-03-23,2.255000114440918,2.0559871196746826,0.44582849740982056,0.022006232291460037,nan,nan
0,2109,2020-03-24,2.1070001125335693,1.9230464696884155,0.3706265091896057,0.01671556942164898,nan,nan
0,2109,2020-03-25,1.904999852180481,1.8375818729400635,0.30142757296562195,0.01739625260233879,nan,nan
0,2109,2020-03-26,1.7139999866485596,1.833923101425171,0.24559414386749268,0.02762475796043873,nan,nan
0,2109,2020-03-27,1.6119999885559082,1.724635124206543,0.1600196808576584,0.02884717285633087,nan,nan
0,2109,2020-03-28,1.6069999933242798,1.6585466861724854,0.11793068796396255,0.02879277803003788,nan,nan
0,2109,2020-03-29,1.6360000371932983,1.6875113248825073,0.056087642908096313,0.03184167668223381,nan,nan
0,2109,2020-03-30,1.524999976158142,2.007521152496338,0.060468290001153946,0.007139707449823618,nan,nan
0,2109,2020-03-31,1.3949999809265137,2.07295823097229,0.05345598980784416,0.07405252009630203,nan,nan
0,2109,2020-04-01,1.3270000219345093,1.957383394241333,0.02485537901520729,0.08349573612213135,nan,nan
0,2109,2020-04-02,1.3530000448226929,1.9123388528823853,0.012000937014818192,0.08327912539243698,nan,nan
0,2109,2020-04-03,1.4010000228881836,1.8888601064682007,0.009701964445412159,0.07708718627691269,nan,nan
0,2109,2020-04-04,1.465000033378601,1.829160213470459,0.0054283663630485535,0.06401190906763077,nan,nan
0,2109,2020-04-05,1.6030000448226929,1.7882078886032104,0.0035387114621698856,0.0532095730304718,nan,nan
0,2109,2020-04-06,1.784999966621399,1.850525975227356,0.0029587168246507645,0.049958236515522,nan,nan
0,2109,2020-04-07,1.9780000448226929,1.9016501903533936,0.002488397993147373,0.04227836802601814,nan,nan
0,2109,2020-04-08,2.180999994277954,2.099403142929077,0.0022762820590287447,0.05094484984874725,nan,nan
0,2109,2020-04-09,2.4089999198913574,2.0145087242126465,0.00022755004465579987,0.027928749099373817,nan,nan
0,2109,2020-04-10,2.5940001010894775,2.1916940212249756,7.700205969740637e-06,0.0307986568659544,nan,nan
0,2109,2020-04-11,2.7709999084472656,2.2170026302337646,7.080957857397152e-06,0.0225143413990736,nan,nan
0,2109,2020-04-12,2.88100004196167,2.2072534561157227,7.108326826710254e-06,0.013561982661485672,nan,nan
0,2109,2020-04-13,2.8350000381469727,2.187999963760376,7.763034773233812e-06,0.008461804129183292,nan,nan
0,2109,2020-04-14,2.7890000343322754,2.2323105335235596,7.606607141497079e-06,0.012564092874526978,nan,nan
0,2109,2020-04-15,2.690000057220459,2.1182572841644287,9.002364095067605e-06,0.007936187088489532,nan,nan
0,2109,2020-04-16,2.7820000648498535,2.111509323120117,9.817829777603038e-06,0.010931316763162613,nan,nan
0,2109,2020-04-17,3.0139999389648438,2.142235517501831,1.036022058542585e-05,0.00937713123857975,nan,nan
0,2109,2020-04-18,3.421999931335449,2.2382891178131104,1.1137093679280952e-05,0.006794577930122614,nan,nan
0,2109,2020-04-19,3.6589999198913574,2.4187426567077637,1.070267262548441e-05,0.0036279798950999975,nan,nan
0,2109,2020-04-20,3.9560000896453857,2.5012383460998535,1.076348235073965e-05,0.0017025505658239126,nan,nan
0,2109,2020-04-21,4.211999893188477,2.5777390003204346,1.0399340681033209e-05,0.00010346644558012486,nan,nan
0,2109,2020-04-22,3.997000217437744,2.6203155517578125,9.910348126140889e-06,0.0005283450009301305,nan,nan
0,2109,2020-04-23,3.7769999504089355,2.5791878700256348,1.1583843843254726e-05,1.1558184269233607e-05,nan,nan
0,2109,2020-04-24,3.615000009536743,2.555149555206299,1.3730095815844834e-05,0.001246859785169363,nan,nan
0,2109,2020-04-25,3.546999931335449,2.5880367755889893,1.604623867024202e-05,0.005267704371362925,nan,nan
0,2109,2020-04-26,3.680000066757202,2.7371983528137207,1.5024920685391407e-05,0.01521807536482811,nan,nan
0,2109,2020-04-27,3.9600000381469727,3.253363847732544,1.890521525638178e-05,0.0006563288625329733,nan,nan
0,2109,2020-04-28,4.468999862670898,3.2852911949157715,1.4842727068753447e-05,0.016233697533607483,nan,nan
0,2109,2020-04-29,4.979000091552734,4.654739856719971,0.0004301064764149487,0.15041497349739075,nan,nan
0,2109,2020-04-30,3.80899977684021,4.127150058746338,0.002108139218762517,0.06406086683273315,nan,nan
0,2109,2020-05-01,3.26200008392334,4.174272537231445,0.0027518821880221367,0.04395683854818344,nan,nan
0,2109,2020-05-02,3.2790000438690186,4.510128974914551,0.0036884257569909096,0.027639271691441536,nan,nan
0,2109,2020-05-03,3.3469998836517334,4.430927753448486,0.0040229023434221745,0.07395077496767044,nan,nan
0,2109,2020-05-04,3.1010000705718994,3.8314056396484375,0.004480187315493822,0.20963838696479797,nan,nan
0,2109,2020-05-05,5.239999771118164,3.944389581680298,0.004511428531259298,0.07427964359521866,nan,nan
0,2109,2020-05-06,5.519000053405762,4.47139835357666,0.0048024291172623634,3.1781706638867036e-05,nan,nan
0,2109,2020-05-07,4.534999847412109,4.259477138519287,0.005167870782315731,0.037921175360679626,nan,nan
0,2109,2020-05-08,4.540999889373779,4.046987056732178,0.004821615293622017,0.09541314840316772,nan,nan
0,2109,2020-05-09,5.283999919891357,3.906947135925293,0.004742270801216364,0.07275059074163437,nan,nan
0,2109,2020-05-10,7.176000118255615,4.744649410247803,0.004496526904404163,0.02895387075841427,nan,nan
0,2109,2020-05-11,6.769999980926514,4.932904243469238,0.0046433620154857635,0.006165598519146442,nan,nan
0,2109,2020-05-12,6.359000205993652,5.660830497741699,0.006709879729896784,0.0059997569769620895,nan,nan
0,2109,2020-05-13,5.514999866485596,5.287046909332275,0.007853882387280464,0.1073271706700325,nan,nan
0,2109,2020-05-14,5.250999927520752,5.202649116516113,0.006928427144885063,0.12434210628271103,nan,nan
0,2109,2020-05-15,4.770999908447266,4.783834934234619,0.0059423306956887245,0.14769098162651062,nan,nan
0,2109,2020-05-16,4.491000175476074,4.50509786605835,0.00493523059412837,0.1539267748594284,nan,nan
0,2109,2020-05-17,4.932000160217285,4.59860372543335,0.004164449870586395,0.1252422034740448,nan,nan
0,2109,2020-05-18,4.86299991607666,4.160854816436768,0.004476928152143955,0.07316591590642929,nan,nan
0,2109,2020-05-19,4.980999946594238,3.9617934226989746,0.004634350072592497,0.052152421325445175,nan,nan
0,2109,2020-05-20,5.103000164031982,3.9526190757751465,0.005306755658239126,0.042126063257455826,nan,nan
0,2109,2020-05-21,5.186999797821045,3.990983009338379,0.006418927107006311,0.037777431309223175,nan,nan
0,2109,2020-05-22,5.2129998207092285,4.043153285980225,0.007802413776516914,0.03759031742811203,nan,nan
0,2109,2020-05-23,7.123000144958496,4.106905937194824,0.010372095741331577,0.04272109270095825,nan,nan
0,2109,2020-05-24,6.784999847412109,5.7366719245910645,0.026085326448082924,0.09700537472963333,nan,nan
0,2109,2020-05-25,5.034999847412109,5.446877479553223,0.05890628695487976,0.08800247311592102,nan,nan
0,2109,2020-05-26,4.715000152587891,4.8379034996032715,0.0593145415186882,0.19077515602111816,nan,nan
0,2109,2020-05-27,4.617000102996826,4.69768762588501,0.05984857678413391,0.2066115289926529,nan,nan
0,2109,2020-05-28,4.461999893188477,4.235429763793945,0.038796886801719666,0.11961256712675095,nan,nan
0,2109,2020-05-29,4.202000141143799,4.15085506439209,0.022112438455224037,0.12244570255279541,nan,nan
0,2109,2020-05-30,3.930999994277954,3.834536075592041,0.022597793489694595,0.09564650803804398,nan,nan
0,2109,2020-05-31,3.430000066757202,3.7208240032196045,0.018082886934280396,0.10607034713029861,nan,nan
0,2109,2020-06-01,3.5350000858306885,3.5338094234466553,0.01676245592534542,0.1312980353832245,nan,nan
0,2109,2020-06-02,4.0279998779296875,3.4966959953308105,0.013283752836287022,0.11148612946271896,nan,nan
0,2109,2020-06-03,4.427000045776367,3.4178342819213867,0.012741390615701675,0.051192283630371094,nan,nan
0,2109,2020-06-04,6.083000183105469,3.8235225677490234,0.010645984672009945,0.0336446687579155,nan,nan
0,2109,2020-06-05,5.408999919891357,6.137514114379883,0.10459835082292557,0.20969147980213165,nan,nan
0,2109,2020-06-06,4.1570000648498535,5.085821628570557,0.27979210019111633,0.1926228255033493,nan,nan
0,2109,2020-06-07,4.739999771118164,4.764247894287109,0.2350987195968628,0.22896113991737366,nan,nan
0,2109,2020-06-08,4.704999923706055,5.132277965545654,0.20222966372966766,0.060512177646160126,nan,nan
0,2109,2020-06-09,5.322999954223633,5.973477840423584,0.22505083680152893,0.03169620409607887,nan,nan
0,2109,2020-06-10,8.729000091552734,7.16655158996582,0.329205185174942,0.015231961384415627,nan,nan
0,2109,2020-06-11,6.080999851226807,7.556325435638428,0.38005530834198,0.10974663496017456,nan,nan
0,2109,2020-06-12,5.540999889373779,6.21498441696167,0.32847076654434204,0.3953656554222107,nan,nan
0,2109,2020-06-13,5.447000026702881,5.925631999969482,0.2845485806465149,0.4152621924877167,nan,nan
0,2109,2020-06-14,5.640999794006348,5.947803020477295,0.2352653443813324,0.26787465810775757,nan,nan
0,2109,2020-06-15,6.0279998779296875,5.838789939880371,0.1837834268808365,0.2744344472885132,nan,nan
0,2109,2020-06-16,6.136000156402588,5.944167613983154,0.14189794659614563,0.2630215883255005,nan,nan
0,2109,2020-06-17,7.794000625610352,6.181148529052734,0.11702731996774673,0.09672190248966217,nan,nan
0,2109,2020-06-18,7.716000080108643,6.634894847869873,0.10690508782863617,0.009142525494098663,nan,nan
0,2109,2020-06-19,7.882999897003174,7.024266242980957,0.08743798732757568,0.06718966364860535,nan,nan
0,2109,2020-06-20,6.177000045776367,7.047647476196289,0.07211504876613617,0.18755334615707397,nan,nan
0,2109,2020-06-21,5.973999977111816,6.725748062133789,0.05757252499461174,0.5101003050804138,nan,nan
0,2109,2020-06-22,5.676000118255615,5.906660079956055,0.03448561206459999,0.3175990879535675,nan,nan
0,2109,2020-06-23,5.953000068664551,5.3537917137146,0.027192167937755585,0.21637281775474548,nan,nan
0,2109,2020-06-24,6.64900016784668,5.341187953948975,0.030965959653258324,0.17082583904266357,nan,nan
0,2109,2020-06-25,7.298999786376953,5.624973297119141,0.03389269858598709,0.13608770072460175,nan,nan
0,2109,2020-06-26,8.130000114440918,5.746683597564697,0.033233288675546646,0.08318313211202621,nan,nan
0,2109,2020-06-27,7.936000347137451,6.099798202514648,0.031578224152326584,0.0572543703019619,nan,nan
0,2109,2020-06-28,7.517000675201416,6.311212539672852,0.02721485123038292,0.09648629277944565,nan,nan
0,2109,2020-06-29,13.92300033569336,8.455744743347168,0.08183252066373825,0.01577712967991829,nan,nan
0,2109,2020-06-30,10.168999671936035,9.676493644714355,0.23100759088993073,0.03040209785103798,nan,nan
0,2109,2020-07-01,11.364999771118164,8.930599212646484,0.281594455242157,0.4269441068172455,nan,nan
0,2109,2020-07-02,13.770000457763672,14.64775276184082,0.520281195640564,1.4617005586624146,nan,nan
0,2109,2020-07-03,16.73699951171875,14.945269584655762,0.5833089351654053,1.2274295091629028,nan,nan
0,2109,2020-07-04,10.973999977111816,12.054073333740234,0.5457955598831177,0.126430943608284,nan,nan
0,2109,2020-07-05,9.711000442504883,10.513716697692871,0.47541239857673645,0.8904179930686951,nan,nan
0,2109,2020-07-06,9.08899974822998,10.333057403564453,0.5212736129760742,1.2436870336532593,nan,nan
0,2109,2020-07-07,7.553999900817871,9.380016326904297,0.5434325337409973,0.9302880764007568,nan,nan
0,2109,2020-07-08,7.318999767303467,8.22365951538086,0.5705339312553406,0.8428433537483215,nan,nan
0,2109,2020-07-09,7.423999786376953,7.930368900299072,0.5615702271461487,0.7731837034225464,nan,nan
0,2109,2020-07-10,8.817999839782715,8.470553398132324,0.5549219250679016,1.0160467624664307,nan,nan
0,2109,2020-07-11,14.468000411987305,16.97962760925293,0.8893967866897583,3.723498821258545,nan,nan
0,2109,2020-07-12,8.246000289916992,11.62761116027832,0.9724407196044922,0.40461456775665283,nan,nan
0,2109,2020-07-13,7.534999370574951,8.696227073669434,0.9740176200866699,0.8569937944412231,nan,nan
0,2109,2020-07-14,6.76800012588501,8.037407875061035,0.9678534865379333,0.7580994963645935,nan,nan
0,2109,2020-07-15,5.795000076293945,7.101716041564941,0.9590822458267212,0.5625950694084167,nan,nan
0,2109,2020-07-16,6.263999938964844,6.134045600891113,0.9404663443565369,0.39666128158569336,nan,nan
0,2109,2020-07-17,9.656000137329102,6.718767166137695,0.9154630899429321,0.4297040104866028,nan,nan
0,2109,2020-07-18,8.060999870300293,9.24110221862793,0.9036495685577393,0.6849141716957092,nan,nan
0,2109,2020-07-19,6.855000019073486,8.505650520324707,0.8975816965103149,0.8212022185325623,nan,nan
0,2109,2020-07-20,6.875999927520752,7.810901165008545,0.8897244930267334,0.8609864711761475,nan,nan
0,2109,2020-07-21,7.495999813079834,8.450651168823242,0.8911393880844116,1.2063947916030884,nan,nan
0,2109,2020-07-22,13.795999526977539,10.519901275634766,0.8723565936088562,1.5493507385253906,nan,nan
0,2109,2020-07-23,14.388999938964844,19.192106246948242,0.9497107267379761,3.205040454864502,nan,nan
0,2109,2020-07-24,10.300999641418457,12.895538330078125,0.9833337664604187,0.9900769591331482,nan,nan
0,2109,2020-07-25,9.081000328063965,10.536145210266113,0.9836435914039612,0.5784566402435303,nan,nan
0,2109,2020-07-26,8.211999893188477,9.781327247619629,0.9841704368591309,1.155942678451538,nan,nan
0,2109,2020-07-27,8.175999641418457,9.560333251953125,0.9817129969596863,1.3616290092468262,nan,nan
0,2109,2020-07-28,10.50100040435791,10.499835968017578,0.9729195833206177,2.041782855987549,nan,nan
0,2109,2020-07-29,13.519000053405762,16.939889907836914,0.9617553353309631,5.585389137268066,nan,nan
0,2109,2020-07-30,11.156000137329102,13.58150863647461,0.9712673425674438,1.7790582180023193,nan,nan
0,2109,2020-07-31,11.11299991607666,13.265863418579102,0.9543473124504089,2.758687734603882,nan,nan
0,2109,2020-08-01,10.911999702453613,13.497488975524902,0.96014803647995,2.9980697631835938,nan,nan
0,2109,2020-08-02,10.998000144958496,13.498291015625,0.9455544352531433,3.017822027206421,nan,nan
0,2109,2020-08-03,15.289999008178711,13.650918960571289,0.9386019110679626,1.7474558353424072,nan,nan
0,2109,2020-08-04,13.592000007629395,10.808319091796875,0.9911850094795227,1.1014021635055542,nan,nan
0,2109,2020-08-05,8.838000297546387,9.873705863952637,0.9967488050460815,0.06991938501596451,nan,nan
0,2109,2020-08-06,7.519000053405762,8.664776802062988,0.9958754181861877,0.6621110439300537,nan,nan
0,2109,2020-08-07,7.0929999351501465,9.015591621398926,0.9948301911354065,1.2990143299102783,nan,nan
0,2109,2020-08-08,7.276000022888184,9.268882751464844,0.9936853051185608,1.6464723348617554,nan,nan
0,2109,2020-08-09,7.719999313354492,9.860915184020996,0.9821626543998718,1.9946225881576538,nan,nan
0,2109,2020-08-10,7.9079999923706055,10.450254440307617,0.9647341966629028,2.2353806495666504,nan,nan
0,2109,2020-08-11,8.682999610900879,9.912773132324219,0.9475314617156982,1.7067153453826904,nan,nan
0,2109,2020-08-12,8.70300006866455,10.705374717712402,0.9353035092353821,1.949477195739746,nan,nan
0,2109,2020-08-13,9.42300033569336,11.840736389160156,0.9142608046531677,2.293088674545288,nan,nan
0,2109,2020-08-14,10.89799976348877,13.207411766052246,0.9038735032081604,1.9261568784713745,nan,nan
0,2109,2020-08-15,8.644000053405762,11.45095443725586,0.8918919563293457,1.1048495769500732,nan,nan
0,2109,2020-08-16,7.993000030517578,9.967782020568848,0.8753038048744202,1.4454870223999023,nan,nan
0,2109,2020-08-17,10.91100025177002,11.109922409057617,0.8461792469024658,1.7945111989974976,nan,nan
0,2109,2020-08-18,8.975000381469727,10.94155216217041,0.81304931640625,0.7095579504966736,nan,nan
0,2109,2020-08-19,8.380999565124512,9.154581069946289,0.7608792781829834,0.7291085124015808,nan,nan
0,2109,2020-08-20,8.831000328063965,9.148187637329102,0.7245941758155823,1.050962209701538,nan,nan
0,2109,2020-08-21,9.456000328063965,9.793478012084961,0.5897907018661499,1.2592277526855469,nan,nan
0,2109,2020-08-22,8.965999603271484,9.61866283416748,0.40109866857528687,0.9318507313728333,nan,nan
0,2109,2020-08-23,7.071000099182129,8.402397155761719,0.3095637261867523,0.51827073097229,nan,nan
0,2109,2020-08-24,5.697999954223633,7.199364185333252,0.2721821367740631,0.5237138271331787,nan,nan
0,2109,2020-08-25,5.118000030517578,6.17523193359375,0.22279973328113556,0.46909624338150024,nan,nan
0,2109,2020-08-26,5.809999942779541,5.753792762756348,0.18522481620311737,0.4510082006454468,nan,nan
0,2109,2020-08-27,5.3979997634887695,5.550931453704834,0.16512276232242584,0.24541857838630676,nan,nan
0,2109,2020-08-28,5.465000152587891,5.1300811767578125,0.12396164983510971,0.20508050918579102,nan,nan
0,2109,2020-08-29,8.628000259399414,5.879843235015869,0.12077350914478302,0.07120721787214279,nan,nan
0,2109,2020-08-30,11.331000328063965,7.889989376068115,0.2488180547952652,0.03895004466176033,nan,nan
0,2109,2020-08-31,7.335000038146973,8.94282341003418,0.7372148036956787,0.8149619102478027,nan,nan
0,2109,2020-09-01,6.019999980926514,5.7599334716796875,0.8993724584579468,0.061788249760866165,nan,nan
0,2109,2020-09-02,5.168000221252441,5.243615627288818,0.7697298526763916,0.1406557857990265,nan,nan
0,2109,2020-09-03,4.561999797821045,5.217256546020508,0.5312667489051819,0.2670708894729614,nan,nan
0,2109,2020-09-04,4.775000095367432,5.022933006286621,0.43692532181739807,0.32469379901885986,nan,nan
0,2109,2020-09-05,5.400000095367432,5.5461249351501465,0.36425405740737915,0.45562347769737244,nan,nan
0,2109,2020-09-06,5.158999919891357,5.511918067932129,0.3015487790107727,0.3096286654472351,nan,nan
0,2109,2020-09-07,5.458000183105469,5.406114101409912,0.24319802224636078,0.14849436283111572,nan,nan
0,2109,2020-09-08,4.63700008392334,5.120737552642822,0.19309712946414948,0.1934480220079422,nan,nan
0,2109,2020-09-09,4.644000053405762,4.891737937927246,0.14982621371746063,0.2714398503303528,nan,nan
0,2109,2020-09-10,4.910999774932861,4.8806562423706055,0.11695283651351929,0.26703977584838867,nan,nan
0,2109,2020-09-11,5.164999961853027,5.031962871551514,0.0868668258190155,0.26140162348747253,nan,nan
0,2109,2020-09-12,5.203999996185303,4.736972332000732,0.05824340879917145,0.14944574236869812,nan,nan
0,2109,2020-09-13,5.061999797821045,4.376465320587158,0.04152855649590492,0.0793192908167839,nan,nan
0,2109,2020-09-14,5.142000198364258,4.316635608673096,0.03097810037434101,0.08419974148273468,nan,nan
0,2109,2020-09-15,5.047999858856201,4.311742782592773,0.02311026118695736,0.07554619759321213,nan,nan
0,2109,2020-09-16,5.125,4.155956745147705,0.01850884221494198,0.06194270774722099,nan,nan
0,2109,2020-09-17,4.5970001220703125,4.112595558166504,0.014186535961925983,0.050006430596113205,nan,nan
0,2109,2020-09-18,4.659999847412109,4.08096981048584,0.010980436578392982,0.09443512558937073,nan,nan
0,2109,2020-09-19,4.478000164031982,4.139376163482666,0.008372333832085133,0.09746203571557999,nan,nan
0,2109,2020-09-20,4.195000171661377,4.239962100982666,0.005955872125923634,0.13540296256542206,nan,nan
0,2109,2020-09-21,3.858999729156494,4.320603847503662,0.004468233790248632,0.07288278639316559,nan,nan
0,2109,2020-09-22,3.6640000343322754,3.9445765018463135,0.003413215046748519,0.1593398153781891,nan,nan
0,2109,2020-09-23,4.046999931335449,3.7589757442474365,0.0025715187657624483,0.07885655015707016,nan,nan
0,2109,2020-09-24,3.7069997787475586,3.5834765434265137,0.0019334446405991912,0.07183641940355301,nan,nan
0,2109,2020-09-25,3.7889997959136963,3.9521119594573975,0.0020868885330855846,0.007612466812133789,nan,nan
0,2109,2020-09-26,2.825000047683716,4.903899192810059,0.004534549079835415,0.0006208866252563894,nan,nan
0,2109,2020-09-27,2.302999973297119,4.043745040893555,0.006304601207375526,0.3683302700519562,nan,nan
0,2109,2020-09-28,2.1730000972747803,3.517906427383423,0.004468233790248632,0.3080390393733978,nan,nan
0,2109,2020-09-29,3.315999984741211,3.4311165809631348,0.0027633337303996086,0.05271130055189133,nan,nan
0,2109,2020-09-30,3.009000062942505,3.4147961139678955,0.0006443788879550993,0.055066727101802826,nan,nan
0,2109,2020-10-01,2.5989999771118164,3.2379209995269775,0.0005304872756823897,0.12630818784236908,nan,nan
0,2109,2020-10-02,5.263000011444092,3.0657646656036377,0.0004359892918728292,0.14274567365646362,nan,nan
0,2109,2020-10-03,24.37700080871582,17.639949798583984,0.9999756813049316,0.4717130661010742,nan,nan
0,2109,2020-10-04,7.921999931335449,8.593084335327148,0.9999997615814209,8.850031852722168,nan,nan
0,2109,2020-10-05,5.479000091552734,5.279350757598877,0.9999998807907104,0.0063919853419065475,nan,nan
0,2109,2020-10-06,4.74399995803833,3.8659286499023438,0.9999997615814209,3.172137076035142e-05,nan,nan
0,2109,2020-10-07,4.552999973297119,6.072176933288574,0.9999996423721313,0.17611278593540192,nan,nan
0,2109,2020-10-08,3.6519999504089355,2.8275768756866455,0.9999995231628418,0.00091596256243065,nan,nan
0,2109,2020-10-09,3.38700008392334,2.757803440093994,0.9999991655349731,0.012616097927093506,nan,nan
0,2109,2020-10-10,3.4519999027252197,2.8006937503814697,0.9999985694885254,0.02900748699903488,nan,nan
0,2109,2020-10-11,3.4619998931884766,5.357239723205566,0.9999982118606567,0.10949154198169708,nan,nan
0,2109,2020-10-12,3.0390000343322754,2.9058122634887695,0.9999973773956299,0.0007644506404176354,nan,nan
0,2109,2020-10-13,2.7070000171661377,2.159381628036499,0.9999955892562866,0.0032014227472245693,nan,nan
0,2109,2020-10-14,2.4609999656677246,2.1659436225891113,0.9999924898147583,0.012843754142522812,nan,nan
0,2109,2020-10-15,2.371999979019165,2.052133798599243,0.9999874830245972,0.016491331160068512,nan,nan
0,2109,2020-10-16,2.2890000343322754,3.0713276863098145,0.9999816417694092,0.01805533654987812,nan,nan
0,2109,2020-10-17,2.188999891281128,2.010286569595337,0.9999711513519287,0.021636109799146652,nan,nan
0,2109,2020-10-18,2.061000108718872,1.9589004516601562,0.9999520778656006,0.022675639018416405,nan,nan
0,2109,2020-10-19,1.9229999780654907,1.9118822813034058,0.9999207258224487,0.025651078671216965,nan,nan
0,2109,2020-10-20,1.8359999656677246,1.8633449077606201,0.9998674392700195,0.029264673590660095,nan,nan
0,2109,2020-10-21,2.127000093460083,1.922346591949463,0.9997794032096863,0.04093990474939346,nan,nan
0,2109,2020-10-22,2.240000009536743,2.2241249084472656,0.9996383190155029,0.054575659334659576,nan,nan
0,2109,2020-10-23,3.0209999084472656,2.5060479640960693,0.9994114637374878,0.05428506061434746,nan,nan
0,2109,2020-10-24,3.808000087738037,5.6363301277160645,0.9994840621948242,0.12364984303712845,nan,nan
0,2109,2020-10-25,2.765000104904175,2.3371222019195557,0.9993321299552917,0.0009708337602205575,nan,nan
0,2109,2020-10-26,2.865999937057495,2.67397141456604,0.998793363571167,0.014841262251138687,nan,nan
0,2109,2020-10-27,2.7070000171661377,4.162266254425049,0.9995379447937012,0.15528860688209534,nan,nan
0,2109,2020-10-28,2.6480000019073486,2.026960849761963,0.999626874923706,0.006172890309244394,nan,nan
0,2109,2020-10-29,2.8350000381469727,2.324824333190918,0.9994126558303833,0.007238147314637899,nan,nan
0,2109,2020-10-30,2.759000062942505,2.1835532188415527,0.999062716960907,0.0032752936240285635,nan,nan
0,2109,2020-10-31,2.4549999237060547,2.072695016860962,0.998542070388794,0.006712065543979406,nan,nan
0,2109,2020-11-01,2.303999900817871,2.2250280380249023,0.7656363248825073,0.03116227313876152,nan,nan
0,2109,2020-11-02,2.885999917984009,2.479905366897583,0.0771331787109375,0.07414647936820984,nan,nan
0,2109,2020-11-03,3.1449999809265137,2.5045197010040283,0.018864590674638748,0.03142445161938667,nan,nan
0,2109,2020-11-04,3.1080000400543213,3.090717077255249,0.022535543888807297,0.0030760527588427067,nan,nan
0,2109,2020-11-05,2.4579999446868896,2.726802110671997,0.019485410302877426,0.03260266035795212,nan,nan
0,2109,2020-11-06,2.2339999675750732,2.4558165073394775,0.014429857954382896,0.05703673139214516,nan,nan
0,2109,2020-11-07,2.0250000953674316,2.4468672275543213,0.011672974564135075,0.0759228989481926,nan,nan
0,2109,2020-11-08,1.86899995803833,2.3652701377868652,0.009471364319324493,0.08402012288570404,nan,nan
0,2109,2020-11-09,1.7640000581741333,2.1505439281463623,0.00591941038146615,0.06691654026508331,nan,nan
0,2109,2020-11-10,1.6649999618530273,2.00622296333313,0.004475746303796768,0.05652597174048424,nan,nan
0,2109,2020-11-11,1.5670000314712524,1.9456474781036377,0.003603458870202303,0.05691467225551605,nan,nan
0,2109,2020-11-12,1.4850000143051147,1.8514404296875,0.002993994392454624,0.0529252290725708,nan,nan
0,2109,2020-11-13,1.402999997138977,1.8532463312149048,0.002472904045134783,0.059965889900922775,nan,nan
0,2109,2020-11-14,1.347000002861023,1.7537257671356201,0.0018634948646649718,0.0538811981678009,nan,nan
0,2109,2020-11-15,1.2970000505447388,1.7469395399093628,0.0014562078285962343,0.05763092264533043,nan,nan
0,2109,2020-11-16,1.3969999551773071,1.9199501276016235,0.0015041729202494025,0.005989141762256622,nan,nan
0,2109,2020-11-17,1.2719999551773071,1.7761743068695068,0.0013821712927892804,0.05262286588549614,nan,nan
0,2109,2020-11-18,1.2130000591278076,1.6738747358322144,0.0011676369467750192,0.05442230775952339,nan,nan
0,2109,2020-11-19,1.2719999551773071,1.6842498779296875,0.0009812659118324518,0.06072414293885231,nan,nan
0,2109,2020-11-20,1.2910000085830688,1.9641684293746948,0.0014192077796906233,0.002858705585822463,nan,nan
0,2109,2020-11-21,1.1410000324249268,1.8893511295318604,0.0015497200656682253,0.07674366980791092,nan,nan
0,2109,2020-11-22,1.1299999952316284,1.7268038988113403,0.0008556755492463708,0.07321933656930923,nan,nan
0,2109,2020-11-23,1.1050000190734863,1.6603949069976807,0.0004772427782882005,0.06473829597234726,nan,nan
0,2109,2020-11-24,1.0520000457763672,1.7028311491012573,0.00043119743349961936,0.07309344410896301,nan,nan
0,2109,2020-11-25,1.0160000324249268,1.5807404518127441,0.00010487836698302999,0.060707736760377884,nan,nan
0,2109,2020-11-26,0.9700000286102295,1.4965494871139526,2.2084244847064838e-05,0.05279218778014183,nan,nan
0,2109,2020-11-27,0.9419999718666077,1.4241409301757812,2.0491874238359742e-05,0.047566138207912445,nan,nan
0,2109,2020-11-28,0.8960000276565552,1.3701006174087524,1.923129275382962e-05,0.04338109865784645,nan,nan
0,2109,2020-11-29,0.8510000109672546,1.318463683128357,1.802151200536173e-05,0.040911681950092316,nan,nan
0,2109,2020-11-30,0.7979999780654907,1.2905640602111816,1.7095064322347753e-05,0.04102158546447754,nan,nan
0,2109,2020-12-01,0.8040000200271606,1.3098512887954712,1.6411726392107084e-05,0.04348460212349892,nan,nan
0,2109,2020-12-02,0.7730000019073486,1.7243919372558594,0.00015427361358888447,0.08108460903167725,nan,nan
0,2109,2020-12-03,0.746999979019165,1.4892693758010864,0.00027023194706998765,0.06087930500507355,nan,nan
0,2109,2020-12-04,0.7639999985694885,1.3442261219024658,0.00022273023205343634,0.05362609028816223,nan,nan
0,2109,2020-12-05,0.781000018119812,1.8084853887557983,0.001805324456654489,0.13221538066864014,nan,nan
0,2109,2020-12-06,0.8040000200271606,2.682682752609253,0.060001060366630554,0.584281861782074,nan,nan
0,2109,2020-12-07,0.7639999985694885,2.4303767681121826,0.16221211850643158,0.011722009629011154,nan,nan
0,2109,2020-12-08,0.7200000286102295,2.2015974521636963,0.15563757717609406,0.0309661403298378,nan,nan
0,2109,2020-12-09,0.7360000014305115,2.0008490085601807,0.13669733703136444,0.0410674624145031,nan,nan
0,2109,2020-12-10,0.6809999942779541,1.9220491647720337,0.1269272416830063,0.012991040013730526,nan,nan
0,2109,2020-12-11,0.675000011920929,1.7947359085083008,0.10574403405189514,0.13227103650569916,nan,nan
0,2109,2020-12-12,0.7110000252723694,1.5804483890533447,0.08204388618469238,0.08373339474201202,nan,nan
0,2109,2020-12-13,0.753000020980835,1.6634224653244019,0.2759147584438324,0.2525847852230072,nan,nan
0,2109,2020-12-14,0.7269999980926514,1.707802414894104,0.37685635685920715,0.10566186159849167,nan,nan
0,2109,2020-12-15,0.7919999957084656,1.5110958814620972,0.2986203134059906,0.08079231530427933,nan,nan
0,2109,2020-12-16,0.8349999785423279,1.4924304485321045,0.23523209989070892,0.06373501569032669,nan,nan
0,2109,2020-12-17,0.7990000247955322,1.5498602390289307,0.1850012242794037,0.07612844556570053,nan,nan
0,2109,2020-12-18,0.7799999713897705,1.542933702468872,0.1436905711889267,0.0785798504948616,nan,nan
0,2109,2020-12-19,0.7730000019073486,1.372463583946228,0.09944170713424683,0.05628319829702377,nan,nan
0,2109,2020-12-20,0.7540000081062317,1.2992295026779175,0.0711359977722168,0.04775550961494446,nan,nan
0,2109,2020-12-21,0.7609999775886536,1.304059624671936,0.053593579679727554,0.04980311915278435,nan,nan
0,2109,2020-12-22,2.259000062942505,1.5665310621261597,0.10943982005119324,0.10873598605394363,nan,nan
0,2109,2020-12-23,1.7680000066757202,1.6332899332046509,0.12936028838157654,0.0024719866923987865,nan,nan
0,2109,2020-12-24,2.3259999752044678,1.8150194883346558,0.14435386657714844,0.030256420373916626,nan,nan
0,2109,2020-12-25,1.8179999589920044,1.9759870767593384,0.13222280144691467,0.031767621636390686,nan,nan
0,2109,2020-12-26,1.4220000505447388,1.9096181392669678,0.12000103294849396,0.013700822368264198,nan,nan
0,2109,2020-12-27,1.2649999856948853,1.8035221099853516,0.09905330091714859,0.058736685663461685,nan,nan
0,2109,2020-12-28,1.2200000286102295,1.6260513067245483,0.07380687445402145,0.04905875399708748,nan,nan
0,2109,2020-12-29,1.1089999675750732,1.5167696475982666,0.05959145352244377,0.006231288891285658,nan,nan
0,2109,2020-12-30,0.9969999194145203,1.4613468647003174,0.046025414019823074,0.03328876942396164,nan,nan
0,2109,2020-12-31,0.9380000233650208,1.2949174642562866,0.02556685358285904,0.02902350388467312,nan,nan
0,2126,2018-10-19,0.29899999499320984,0.7082977294921875,0.0004548677534330636,0.020045317709445953,nan,nan
0,2126,2018-10-20,0.28700000047683716,0.7527211904525757,0.00039065134478732944,0.023294266313314438,nan,nan
0,2126,2018-10-21,0.29600000381469727,0.7649208903312683,0.00033024526783265173,0.02497752755880356,nan,nan
0,2126,2018-10-22,0.36000001430511475,0.776694655418396,0.0002801086811814457,0.025495929643511772,nan,nan
0,2126,2018-10-23,0.29600000381469727,0.6949304342269897,0.0001483360683778301,0.015934491530060768,nan,nan
0,2126,2018-10-24,0.2939999997615814,0.6439858078956604,9.391447383677587e-05,0.015265017747879028,nan,nan
0,2126,2018-10-25,0.3019999861717224,0.6280073523521423,8.474814239889383e-05,0.01429267879575491,nan,nan
0,2126,2018-10-26,0.3310000002384186,0.64110267162323,7.444511720677838e-05,0.014815309084951878,nan,nan
0,2126,2018-10-27,0.6990000009536743,0.7444809079170227,6.768273306079209e-05,0.008144468069076538,nan,nan
0,2126,2018-10-28,0.722000002861023,1.2801706790924072,0.0007946827099658549,0.2753017544746399,nan,nan
0,2126,2018-10-29,0.7429999709129333,1.2157917022705078,0.0016670909244567156,0.014039752073585987,nan,nan
0,2126,2018-10-30,1.2630000114440918,1.4062694311141968,0.0016770525835454464,0.04820505529642105,nan,nan
0,2126,2018-10-31,0.4880000054836273,1.237252116203308,0.0014124115696176887,0.0035720039159059525,nan,nan
0,2126,2018-11-01,0.3529999852180481,1.0387673377990723,0.0011807165574282408,0.03898627310991287,nan,nan
0,2126,2018-11-02,0.3409999907016754,0.9953846335411072,0.0010062605142593384,0.04378044977784157,nan,nan
0,2126,2018-11-03,0.32600000500679016,0.9138583540916443,0.0008583258604630828,0.03577551618218422,nan,nan
0,2126,2018-11-04,0.32199999690055847,0.9000566005706787,0.0007343121105805039,0.03534749522805214,nan,nan
0,2126,2018-11-05,0.3230000138282776,0.8935481309890747,0.0006271910388022661,0.03494538739323616,nan,nan
0,2126,2018-11-06,0.3179999887943268,0.8793624043464661,0.0005384047399275005,0.03345269709825516,nan,nan
0,2126,2018-11-07,0.31700000166893005,0.882616400718689,0.00047719228314235806,0.03409949317574501,nan,nan
0,2126,2018-11-08,0.382999986410141,0.9622445106506348,0.0004120894009247422,0.042646247893571854,nan,nan
0,2126,2018-11-09,0.3009999990463257,0.928992509841919,0.0003551012778189033,0.03456711769104004,nan,nan
0,2126,2018-11-10,0.30300000309944153,0.8960562348365784,0.00030579903977923095,0.03659193962812424,nan,nan
0,2126,2018-11-11,0.3230000138282776,0.8530917167663574,0.0002650311216711998,0.03212907910346985,nan,nan
0,2126,2018-11-12,0.3140000104904175,0.8608343005180359,0.00023120314290281385,0.031633295118808746,nan,nan
0,2126,2018-11-13,0.3370000123977661,0.829369843006134,0.00020160629355814308,0.029195239767432213,nan,nan
0,2126,2018-11-14,0.3190000057220459,0.8888473510742188,0.0001792766706785187,0.02415654994547367,nan,nan
0,2126,2018-11-15,0.31700000166893005,0.8652372360229492,0.0001588169252499938,0.03231190890073776,nan,nan
0,2126,2018-11-16,0.3179999887943268,0.8540850281715393,0.00014224306505639106,0.031353481113910675,nan,nan
0,2126,2018-11-17,0.31700000166893005,0.839893639087677,0.00012879926362074912,0.02993990294635296,nan,nan
0,2126,2018-11-18,0.31200000643730164,0.7961919903755188,0.00011515803635120392,0.026021210476756096,nan,nan
0,2126,2018-11-19,0.3190000057220459,0.758857786655426,0.00010441605263622478,0.02311088517308235,nan,nan
0,2126,2018-11-20,0.31200000643730164,0.7238575220108032,9.607804531697184e-05,0.01426963321864605,nan,nan
0,2126,2018-11-21,0.3059999942779541,0.6769299507141113,8.690510003361851e-05,0.016827862709760666,nan,nan
0,2126,2018-11-22,0.30799999833106995,0.6688608527183533,7.857481978135183e-05,0.016531437635421753,nan,nan
0,2126,2018-11-23,0.30399999022483826,0.7169798612594604,7.111630839062855e-05,0.019972143694758415,nan,nan
0,2126,2018-11-24,0.3050000071525574,0.7608613967895508,6.430611392715946e-05,0.02225884608924389,nan,nan
0,2126,2018-11-25,0.3009999990463257,0.8653006553649902,6.0427173593780026e-05,0.03320394083857536,nan,nan
0,2126,2018-11-26,0.30799999833106995,0.8456389904022217,2.252743433928117e-05,0.029505548998713493,nan,nan
0,2126,2018-11-27,0.5450000166893005,0.9919185638427734,1.212840561493067e-05,0.0006556332227773964,nan,nan
0,2126,2018-11-28,0.3269999921321869,0.9861673712730408,9.156660780718084e-06,0.008851704187691212,nan,nan
0,2126,2018-11-29,0.3070000112056732,0.9304534196853638,6.460942131525371e-06,0.03845848888158798,nan,nan
0,2126,2018-11-30,0.335999995470047,0.9151555299758911,5.9738699746958446e-06,0.038196861743927,nan,nan
0,2126,2018-12-01,0.3310000002384186,1.0041429996490479,6.98529447618057e-06,0.010494386777281761,nan,nan
0,2126,2018-12-02,0.5189999938011169,1.0024969577789307,7.1841095632407814e-06,0.04623323678970337,nan,nan
0,2126,2018-12-03,4.486999988555908,1.891899585723877,0.0010765355546027422,0.31883782148361206,nan,nan
0,2126,2018-12-04,3.822999954223633,2.6291744709014893,0.003110550343990326,0.3712289333343506,nan,nan
0,2126,2018-12-05,2.4089999198913574,2.8076083660125732,0.0033626039512455463,0.033063072711229324,nan,nan
0,2126,2018-12-06,1.6670000553131104,2.655728816986084,0.003035526955500245,0.02484072931110859,nan,nan
0,2126,2018-12-07,1.2519999742507935,2.2324116230010986,0.002544474322348833,0.09262488782405853,nan,nan
0,2126,2018-12-08,2.114000082015991,2.339383363723755,0.0026232555974274874,0.03142308071255684,nan,nan
0,2126,2018-12-09,3.8630001544952393,2.3173813819885254,0.002359256613999605,0.0016303242882713675,nan,nan
0,2126,2018-12-10,3.9560000896453857,2.7186055183410645,0.0032498289365321398,0.14446383714675903,nan,nan
0,2126,2018-12-11,2.303999900817871,2.561255693435669,0.0032967785373330116,0.018344314768910408,nan,nan
0,2126,2018-12-12,1.5609999895095825,2.0944223403930664,0.0027426769956946373,0.028013283386826515,nan,nan
0,2126,2018-12-13,1.1649999618530273,1.7392910718917847,0.0022435691207647324,0.04023114591836929,nan,nan
0,2126,2018-12-14,0.9110000133514404,1.594979166984558,0.0018347810255363584,0.05313652753829956,nan,nan
0,2126,2018-12-15,0.7559999823570251,1.385144829750061,0.0015071737580001354,0.047434575855731964,nan,nan
0,2126,2018-12-16,0.7749999761581421,1.3970005512237549,0.0019381919410079718,0.003940364811569452,nan,nan
0,2126,2018-12-17,0.6909999847412109,1.1700266599655151,0.0019055851735174656,0.025874262675642967,nan,nan
0,2126,2018-12-18,0.625,1.1019207239151,0.0016004994977265596,0.029116161167621613,nan,nan
0,2126,2018-12-19,0.6159999966621399,1.0420113801956177,0.0013424161588773131,0.030291670933365822,nan,nan
0,2126,2018-12-20,0.7739999890327454,1.0804884433746338,0.0011670353123918176,0.014885243959724903,nan,nan
0,2126,2018-12-21,2.0739998817443848,1.1069477796554565,0.0009696055203676224,0.027561742812395096,nan,nan
0,2126,2018-12-22,5.796000003814697,1.6037200689315796,0.002025207970291376,0.1780676394701004,nan,nan
0,2126,2018-12-23,4.3979997634887695,2.412357807159424,0.0025538087356835604,0.49344971776008606,nan,nan
0,2126,2018-12-24,13.621999740600586,5.293522834777832,0.057858120650053024,0.2689173221588135,nan,nan
0,2126,2018-12-25,5.474999904632568,6.742596626281738,0.2730262875556946,0.5608207583427429,nan,nan
0,2126,2018-12-26,3.2090001106262207,4.298640251159668,0.29305970668792725,0.045405011624097824,nan,nan
0,2126,2018-12-27,2.305000066757202,3.596463680267334,0.23450453579425812,0.1747523844242096,nan,nan
0,2126,2018-12-28,1.784999966621399,2.9344286918640137,0.1860797107219696,0.15669165551662445,nan,nan
0,2126,2018-12-29,1.409999966621399,2.6069517135620117,0.1475265771150589,0.15808340907096863,nan,nan
0,2126,2018-12-30,1.2070000171661377,2.2683777809143066,0.1173483207821846,0.10693657398223877,nan,nan
0,2126,2018-12-31,1.2430000305175781,2.1355319023132324,0.09212849289178848,0.0828370675444603,nan,nan
0,2126,2019-01-01,1.0740000009536743,1.8196364641189575,0.040201157331466675,0.05210325866937637,nan,nan
0,2126,2019-01-02,1.0829999446868896,1.7373958826065063,0.02803812548518181,0.030177101492881775,nan,nan
0,2126,2019-01-03,0.9200000166893005,1.5407251119613647,0.021551065146923065,0.04210468754172325,nan,nan
0,2126,2019-01-04,0.8059999942779541,1.4488097429275513,0.017185775563120842,0.04761611670255661,nan,nan
0,2126,2019-01-05,0.8119999766349792,1.2894033193588257,0.013639324344694614,0.04328157752752304,nan,nan
0,2126,2019-01-06,1.25600004196167,1.7028599977493286,0.03354719653725624,0.08250702172517776,nan,nan
0,2126,2019-01-07,1.3899999856948853,1.795639157295227,0.03866543248295784,0.0006674227770417929,nan,nan
0,2126,2019-01-08,1.5410000085830688,1.7921581268310547,0.03042118065059185,0.024088257923722267,nan,nan
0,2126,2019-01-09,1.7929999828338623,1.924330472946167,0.027705824002623558,0.0003440080035943538,nan,nan
0,2126,2019-01-10,1.475000023841858,2.1041717529296875,0.026874948292970657,0.0011901484103873372,nan,nan
0,2126,2019-01-11,1.3279999494552612,2.4083967208862305,0.033704571425914764,0.0024170223623514175,nan,nan
0,2126,2019-01-12,1.3350000381469727,2.184579372406006,0.03194244205951691,0.0642247125506401,nan,nan
0,2126,2019-01-13,6.630000114440918,2.6182894706726074,0.04298049211502075,0.0026552467606961727,nan,nan
0,2126,2019-01-14,13.47599983215332,6.408742427825928,0.20491330325603485,0.18018457293510437,nan,nan
0,2126,2019-01-15,6.620999813079834,6.498107433319092,0.39921221137046814,0.6823466420173645,nan,nan
0,2126,2019-01-16,4.056000232696533,4.465450763702393,0.3980599045753479,0.0033846674486994743,nan,nan
0,2126,2019-01-17,3.440999984741211,3.6922945976257324,0.32775604724884033,0.08765731006860733,nan,nan
0,2126,2019-01-18,3.3559999465942383,4.100569248199463,0.2794845998287201,0.09875764697790146,nan,nan
0,2126,2019-01-19,2.7119998931884766,3.215365409851074,0.22741931676864624,0.08329357206821442,nan,nan
0,2126,2019-01-20,2.2739999294281006,2.7479665279388428,0.15885169804096222,0.07504772394895554,nan,nan
0,2126,2019-01-21,1.946000099182129,2.5272789001464844,0.11093825101852417,0.0843537449836731,nan,nan
0,2126,2019-01-22,1.7649999856948853,2.0834569931030273,0.045419901609420776,0.051511991769075394,nan,nan
0,2126,2019-01-23,1.593999981880188,1.8280550241470337,0.013926350511610508,0.035751473158597946,nan,nan
0,2126,2019-01-24,1.3869999647140503,1.6342984437942505,0.008802621625363827,0.02763252891600132,nan,nan
0,2126,2019-01-25,1.2389999628067017,1.5754233598709106,0.0069158500991761684,0.02652524597942829,nan,nan
0,2126,2019-01-26,1.1610000133514404,1.4149250984191895,0.005449111573398113,0.02694113738834858,nan,nan
0,2126,2019-01-27,1.246000051498413,1.2909424304962158,0.004227825906127691,0.02203897386789322,nan,nan
0,2126,2019-01-28,1.3509999513626099,1.4906879663467407,0.003717648098245263,0.0002953074872493744,nan,nan
0,2126,2019-01-29,1.2209999561309814,1.6919552087783813,0.003055407665669918,0.009523727931082249,nan,nan
0,2126,2019-01-30,1.1759999990463257,1.6497557163238525,0.0024417380336672068,0.05552395060658455,nan,nan
0,2126,2019-01-31,1.1050000190734863,1.5488317012786865,0.001887061051093042,0.04666885733604431,nan,nan
0,2126,2019-02-01,1.065000057220459,1.5124921798706055,0.0015028256457298994,0.03724212199449539,nan,nan
0,2126,2019-02-02,1.0269999504089355,1.5861963033676147,0.0012046415358781815,0.04707503691315651,nan,nan
0,2126,2019-02-03,1.9919999837875366,2.255869150161743,0.0024770682211965322,0.0021587389055639505,nan,nan
0,2126,2019-02-04,1.6729999780654907,2.7636425495147705,0.0029973981436342,0.02007633075118065,nan,nan
0,2126,2019-02-05,1.4579999446868896,2.296020030975342,0.0031548715196549892,0.11035594344139099,nan,nan
0,2126,2019-02-06,1.3309999704360962,2.011535167694092,0.0024281402584165335,0.08566407114267349,nan,nan
0,2126,2019-02-07,1.9520000219345093,1.7921913862228394,0.0019212516490370035,0.0651160255074501,nan,nan
0,2126,2019-02-08,2.9240000247955322,2.178837776184082,0.0026355767622590065,0.016003809869289398,nan,nan
0,2126,2019-02-09,2.8510000705718994,2.140939712524414,0.0025614299811422825,0.0036497574765235186,nan,nan
0,2126,2019-02-10,3.6689999103546143,2.050321578979492,0.0017311035189777613,0.003570824395865202,nan,nan
0,2126,2019-02-11,4.75,2.51023006439209,0.0017017110949382186,0.04983917251229286,nan,nan
0,2126,2019-02-12,3.2269999980926514,2.536414623260498,0.0009379739640280604,0.05205269157886505,nan,nan
0,2126,2019-02-13,2.6500000953674316,2.432077169418335,0.000349212292348966,0.009593568742275238,nan,nan
0,2126,2019-02-14,2.305000066757202,2.279364824295044,0.00023235207481775433,0.024722576141357422,nan,nan
0,2126,2019-02-15,2.130000114440918,2.2038559913635254,0.00019339713617227972,0.038802795112133026,nan,nan
0,2126,2019-02-16,2.0840001106262207,2.063645124435425,0.00015403945872094482,0.035875413566827774,nan,nan
0,2126,2019-02-17,2.2060000896453857,1.9119199514389038,0.00012483677710406482,0.024382686242461205,nan,nan
0,2126,2019-02-18,2.247999906539917,1.8722853660583496,0.0001060420909198001,0.015385071747004986,nan,nan
0,2126,2019-02-19,2.177000045776367,1.8937876224517822,9.031018271343783e-05,0.01501805055886507,nan,nan
0,2126,2019-02-20,2.197000026702881,1.8032118082046509,7.715780520811677e-05,0.012166980654001236,nan,nan
0,2126,2019-02-21,2.1459999084472656,1.7369362115859985,6.629149720538408e-05,0.007879803888499737,nan,nan
0,2126,2019-02-22,2.381999969482422,1.743770956993103,5.703933857148513e-05,0.009908823296427727,nan,nan
0,2126,2019-02-23,2.430999994277954,1.8446812629699707,4.891046046395786e-05,0.00735468789935112,nan,nan
0,2126,2019-02-24,2.0209999084472656,1.7884074449539185,4.204580909572542e-05,0.003828783053904772,nan,nan
0,2126,2019-02-25,1.7860000133514404,1.696560025215149,3.65328487532679e-05,0.011781251057982445,nan,nan
0,2126,2019-02-26,1.7330000400543213,1.607359528541565,3.049219594686292e-05,0.015709513798356056,nan,nan
0,2126,2019-02-27,1.7039999961853027,1.5368438959121704,2.674287316040136e-05,0.013318897224962711,nan,nan
0,2126,2019-02-28,1.908000111579895,1.5323631763458252,2.4314820620929822e-05,0.014222202822566032,nan,nan
0,2126,2019-03-01,3.9059998989105225,1.557496428489685,2.6398643967695534e-05,0.00817947369068861,nan,nan
0,2126,2019-03-02,3.0850000381469727,2.3420772552490234,8.376239566132426e-05,0.2129407674074173,nan,nan
0,2126,2019-03-03,2.380000114440918,2.328486680984497,0.00012330235040280968,0.00894355308264494,nan,nan
0,2126,2019-03-04,2.252000093460083,2.1877105236053467,9.804096043808386e-05,0.032213106751441956,nan,nan
0,2126,2019-03-05,1.9179998636245728,2.151087760925293,8.207477367250249e-05,0.015388117171823978,nan,nan
0,2126,2019-03-06,1.6319999694824219,1.980532169342041,5.818085992359556e-05,0.04155116528272629,nan,nan
0,2126,2019-03-07,1.6319999694824219,1.819766879081726,5.9460791817400604e-05,0.044130224734544754,nan,nan
0,2126,2019-03-08,1.883000135421753,1.7786296606063843,5.5313154007308185e-05,0.03469347208738327,nan,nan
0,2126,2019-03-09,1.8849999904632568,1.8740925788879395,4.259556226315908e-05,0.0006180736818350852,nan,nan
0,2126,2019-03-10,3.25600004196167,1.9623534679412842,3.245252082706429e-05,0.0053406041115522385,nan,nan
0,2126,2019-03-11,3.1710000038146973,2.348956346511841,3.648552956292406e-05,0.03189555183053017,nan,nan
0,2126,2019-03-12,2.443000078201294,2.297358274459839,3.114408900728449e-05,0.00295722926966846,nan,nan
0,2126,2019-03-13,2.1989998817443848,2.088639736175537,2.911707451858092e-05,0.020022692158818245,nan,nan
0,2126,2019-03-14,3.7249999046325684,2.0577011108398438,2.9974615245009772e-05,0.0003580600314307958,nan,nan
0,2126,2019-03-15,10.805999755859375,2.6733360290527344,0.00011996099055977538,0.23476597666740417,nan,nan
0,2126,2019-03-16,7.422000408172607,4.396299839019775,0.000644059618934989,1.6651383638381958,nan,nan
0,2126,2019-03-17,4.480000019073486,3.9931602478027344,0.0017784431111067533,0.04426227882504463,nan,nan
0,2126,2019-03-18,3.505000114440918,3.9892654418945312,0.0018639188492670655,0.016979243606328964,nan,nan
0,2126,2019-03-19,2.7980000972747803,3.4965224266052246,0.0016412179684266448,0.11498333513736725,nan,nan
0,2126,2019-03-20,2.3540000915527344,3.0171968936920166,0.0013678735122084618,0.11035657674074173,nan,nan
0,2126,2019-03-21,2.066999912261963,2.5981991291046143,0.0011658213334158063,0.08747274428606033,nan,nan
0,2126,2019-03-22,1.847000002861023,2.241959810256958,0.0010084593668580055,0.06197933107614517,nan,nan
0,2126,2019-03-23,1.6469999551773071,2.033205986022949,0.0009118510060943663,0.05317121371626854,nan,nan
0,2126,2019-03-24,1.5089999437332153,1.8071846961975098,0.0008923073764890432,0.041626304388046265,nan,nan
0,2126,2019-03-25,1.3839999437332153,1.6627963781356812,0.0008522559655830264,0.035662319511175156,nan,nan
0,2126,2019-03-26,1.2799999713897705,1.6746513843536377,0.0007164767594076693,0.045762013643980026,nan,nan
0,2126,2019-03-27,1.187999963760376,1.52034330368042,0.000603419728577137,0.03613685816526413,nan,nan
0,2126,2019-03-28,1.1160000562667847,1.3239562511444092,0.0005150719662196934,0.02332405000925064,nan,nan
0,2126,2019-03-29,1.0499999523162842,1.2411359548568726,0.00046205028775148094,0.020381513983011246,nan,nan
0,2126,2019-03-30,1.0119999647140503,1.320202350616455,0.0004177766968496144,0.030913256108760834,nan,nan
0,2126,2019-03-31,0.949999988079071,1.2871428728103638,0.00029998875106684864,0.03009014204144478,nan,nan
0,2126,2019-04-01,0.8799999952316284,1.2203638553619385,0.00026076557696796954,0.027597598731517792,nan,nan
0,2126,2019-04-02,0.8669999837875366,1.195656657218933,0.0002449083549436182,0.029458748176693916,nan,nan
0,2126,2019-04-03,0.8339999914169312,1.1640406847000122,0.000284603942418471,0.027324778959155083,nan,nan
0,2126,2019-04-04,1.246999979019165,1.296362280845642,0.0002478708338458091,0.04288526251912117,nan,nan
0,2126,2019-04-05,1.1050000190734863,1.9652736186981201,0.0009074056288227439,0.052810847759246826,nan,nan
0,2126,2019-04-06,0.9860000610351562,1.6902307271957397,0.0013664157595485449,0.07125066220760345,nan,nan
0,2126,2019-04-07,0.9220000505447388,1.4289642572402954,0.0011309270048514009,0.04692113772034645,nan,nan
0,2126,2019-04-08,0.843999981880188,1.3678410053253174,0.000946245389059186,0.04458942264318466,nan,nan
0,2126,2019-04-09,0.8389999866485596,1.3085341453552246,0.0007664863369427621,0.0435359887778759,nan,nan
0,2126,2019-04-10,0.8519999980926514,1.3036174774169922,0.0006286455900408328,0.040276069194078445,nan,nan
0,2126,2019-04-11,0.828000009059906,1.3396480083465576,0.0005559903220273554,0.011518038809299469,nan,nan
0,2126,2019-04-12,0.7580000162124634,1.2386595010757446,0.00047993886983022094,0.03702925518155098,nan,nan
0,2126,2019-04-13,0.7429999709129333,1.164754033088684,0.0003681880480144173,0.03405817970633507,nan,nan
0,2126,2019-04-14,1.2899999618530273,1.2083518505096436,0.00024274169118143618,0.0027517483104020357,nan,nan
0,2126,2019-04-15,1.1729999780654907,1.4106559753417969,0.00015241041546687484,0.005729772616177797,nan,nan
0,2126,2019-04-16,1.031000018119812,1.311970591545105,0.00013494514860212803,0.023128807544708252,nan,nan
0,2126,2019-04-17,0.8489999771118164,1.1755692958831787,0.00012695402256213129,0.019536832347512245,nan,nan
0,2126,2019-04-18,0.7760000228881836,1.105006456375122,0.0001247040054295212,0.023219507187604904,nan,nan
0,2126,2019-04-19,0.7049999833106995,1.083554983139038,0.00016778499411884695,0.025376584380865097,nan,nan
0,2126,2019-04-20,0.6830000281333923,1.1141186952590942,0.0002493002684786916,0.032410744577646255,nan,nan
0,2126,2019-04-21,0.6600000262260437,1.0895371437072754,0.0004015604790765792,0.031394265592098236,nan,nan
0,2126,2019-04-22,0.652999997138977,1.122461199760437,0.0005953897489234805,0.03616321459412575,nan,nan
0,2126,2019-04-23,0.6320000290870667,1.1105079650878906,0.00094632338732481,0.03539523109793663,nan,nan
0,2126,2019-04-24,0.6039999723434448,1.1025832891464233,0.0014299884205684066,0.035967037081718445,nan,nan
0,2126,2019-04-25,0.5789999961853027,1.1006429195404053,0.0018879662966355681,0.03764213249087334,nan,nan
0,2126,2019-04-26,0.8059999942779541,1.082250714302063,0.002333036158233881,0.03739556297659874,nan,nan
0,2126,2019-04-27,0.7760000228881836,1.2970287799835205,0.00303071946837008,0.01412199717015028,nan,nan
0,2126,2019-04-28,0.8579999804496765,1.2727775573730469,0.0026037264615297318,0.002885923022404313,nan,nan
0,2126,2019-04-29,0.7620000243186951,1.0976524353027344,0.0021113709080964327,0.009079361334443092,nan,nan
0,2126,2019-04-30,0.7289999723434448,1.0164196491241455,0.001644127769395709,0.006302307825535536,nan,nan
0,2126,2019-05-01,0.6650000214576721,0.9573805928230286,0.0012733163312077522,0.017734624445438385,nan,nan
0,2126,2019-05-02,0.6940000057220459,0.8218289613723755,0.0012379256077110767,0.011547981761395931,nan,nan
0,2126,2019-05-03,1.215999960899353,1.0554616451263428,0.0012335575884208083,0.01643453910946846,nan,nan
0,2126,2019-05-04,1.2699999809265137,1.0124040842056274,0.0007681037532165647,0.002860115608200431,nan,nan
0,2126,2019-05-05,1.7419999837875366,1.4570404291152954,0.0015508522046729922,0.14492279291152954,nan,nan
0,2126,2019-05-06,1.593000054359436,1.310410499572754,0.0019651935435831547,5.909951596549945e-06,nan,nan
0,2126,2019-05-07,1.2790000438690186,1.1588324308395386,0.001577150309458375,0.001367915770970285,nan,nan
0,2126,2019-05-08,1.3259999752044678,1.1470229625701904,0.001572862733155489,0.007859811186790466,nan,nan
0,2126,2019-05-09,2.2360000610351562,1.6193432807922363,0.0023538777604699135,0.034373119473457336,nan,nan
0,2126,2019-05-10,2.010999917984009,1.7226850986480713,0.0020928471349179745,0.0037220672238618135,nan,nan
0,2126,2019-05-11,1.929999828338623,1.5841208696365356,0.0017112265340983868,0.006349528674036264,nan,nan
0,2126,2019-05-12,1.7970000505447388,1.8228429555892944,0.0016436958685517311,0.008602899499237537,nan,nan
0,2126,2019-05-13,1.3830000162124634,1.6618973016738892,0.0015996028669178486,0.019115779548883438,nan,nan
0,2126,2019-05-14,1.1460000276565552,1.4431241750717163,0.0014841760275885463,0.022823559120297432,nan,nan
0,2126,2019-05-15,1.0299999713897705,1.2296195030212402,0.0016201046528294683,0.018059421330690384,nan,nan
0,2126,2019-05-16,0.950999915599823,1.164605736732483,0.0014900302048772573,0.0187593512237072,nan,nan
0,2126,2019-05-17,0.8859999775886536,1.0998567342758179,0.0012748969020321965,0.017728643491864204,nan,nan
0,2126,2019-05-18,0.8230000138282776,0.9974434971809387,0.0012783623533323407,0.01360348891466856,nan,nan
0,2126,2019-05-19,1.5750000476837158,1.0982471704483032,0.0010810440871864557,0.001003869459964335,nan,nan
0,2126,2019-05-20,7.4770002365112305,1.802506446838379,0.0014800210483372211,0.09314355254173279,nan,nan
0,2126,2019-05-21,13.97700023651123,6.023803234100342,0.1320069581270218,1.2807649374008179,nan,nan
0,2126,2019-05-22,9.793999671936035,8.571059226989746,0.43110156059265137,0.7002851963043213,nan,nan
0,2126,2019-05-23,4.940000057220459,5.070842742919922,0.5394967794418335,0.10999327898025513,nan,nan
0,2126,2019-05-24,3.3429999351501465,4.155791282653809,0.5333486199378967,0.07167153060436249,nan,nan
0,2126,2019-05-25,2.6010000705718994,3.311361312866211,0.5157871246337891,0.10049421340227127,nan,nan
0,2126,2019-05-26,2.1659998893737793,3.0367393493652344,0.41575121879577637,0.1383490413427353,nan,nan
0,2126,2019-05-27,1.9670000076293945,2.548718214035034,0.35900935530662537,0.09931976348161697,nan,nan
0,2126,2019-05-28,2.4739999771118164,2.5332272052764893,0.29497385025024414,0.11952052265405655,nan,nan
0,2126,2019-05-29,1.9720001220703125,2.969374895095825,0.26287731528282166,0.0056482525542378426,nan,nan
0,2126,2019-05-30,1.6759999990463257,2.475281000137329,0.2123222053050995,0.07350622117519379,nan,nan
0,2126,2019-05-31,1.4279999732971191,2.1602463722229004,0.19117389619350433,0.08705928176641464,nan,nan
0,2126,2019-06-01,1.2400000095367432,1.8999552726745605,0.19660237431526184,0.07158645987510681,nan,nan
0,2126,2019-06-02,1.1130000352859497,1.6774778366088867,0.2195640504360199,0.057532813400030136,nan,nan
0,2126,2019-06-03,0.9670000672340393,1.3481193780899048,0.2591979205608368,0.029724739491939545,nan,nan
0,2126,2019-06-04,0.9169999957084656,1.1773751974105835,0.3354058265686035,0.022937849164009094,nan,nan
0,2126,2019-06-05,0.8489999771118164,1.1284997463226318,0.4460017681121826,0.02157619409263134,nan,nan
0,2126,2019-06-06,0.7879999876022339,0.8634281158447266,0.6646408438682556,0.007503527216613293,nan,nan
0,2126,2019-06-07,0.75,1.1943895816802979,0.5372292995452881,0.03510807082056999,nan,nan
0,2126,2019-06-08,0.6909999847412109,1.0417708158493042,0.5162941813468933,0.023247534409165382,nan,nan
0,2126,2019-06-09,0.6669999957084656,0.9754708409309387,0.5501819849014282,0.020948972553014755,nan,nan
0,2126,2019-06-10,1.7319999933242798,1.138275146484375,0.4363744854927063,0.037344492971897125,nan,nan
0,2126,2019-06-11,4.98199987411499,5.315832138061523,0.9548441767692566,0.0645684152841568,nan,nan
0,2126,2019-06-12,3.38700008392334,2.9194705486297607,0.9819761514663696,0.07004296034574509,nan,nan
0,2126,2019-06-13,2.1459999084472656,3.5946526527404785,0.9720293879508972,0.09912560880184174,nan,nan
0,2126,2019-06-14,1.5700000524520874,1.4547611474990845,0.9659525156021118,0.00043580145575106144,nan,nan
0,2126,2019-06-15,3.2070000171661377,1.1954960823059082,0.9662689566612244,0.0025994961615651846,nan,nan
0,2126,2019-06-16,4.908999919891357,8.057360649108887,0.9665004014968872,1.0523587465286255,nan,nan
0,2126,2019-06-17,2.4839999675750732,3.4619698524475098,0.9677133560180664,0.007102913688868284,nan,nan
0,2126,2019-06-18,1.9290000200271606,1.671190857887268,0.9621312618255615,0.00042879389366135,nan,nan
0,2126,2019-06-19,1.5609999895095825,1.6102778911590576,0.9342387318611145,0.010228633880615234,nan,nan
0,2126,2019-06-20,1.4630000591278076,1.0295779705047607,0.9289693236351013,5.470386167871766e-05,nan,nan
0,2126,2019-06-21,1.2619999647140503,1.8521026372909546,0.8690605759620667,0.03347565978765488,nan,nan
0,2126,2019-06-22,1.6319999694824219,1.6685640811920166,0.8101351857185364,0.036733340471982956,nan,nan
0,2126,2019-06-23,1.2130000591278076,2.116434097290039,0.7352713942527771,0.03000454604625702,nan,nan
0,2126,2019-06-24,0.9730000495910645,1.1635046005249023,0.7134767174720764,0.010957499966025352,nan,nan
0,2126,2019-06-25,0.8799999952316284,0.8457679152488708,0.7400323152542114,0.0036170179955661297,nan,nan
0,2126,2019-06-26,0.7870000004768372,0.7562987804412842,0.7929344177246094,0.002708599204197526,nan,nan
0,2126,2019-06-27,0.7210000157356262,0.720041036605835,0.8458653092384338,0.0034141428768634796,nan,nan
0,2126,2019-06-28,0.675000011920929,0.6424432396888733,0.9048823714256287,0.002385849365964532,nan,nan
0,2126,2019-06-29,0.6520000100135803,0.5673550367355347,0.9437165856361389,0.0013283775188028812,nan,nan
0,2126,2019-06-30,0.6129999756813049,0.5780594944953918,0.9610627293586731,0.0018818971002474427,nan,nan
0,2126,2019-07-01,0.6069999933242798,0.5339072346687317,0.9799087643623352,0.0014576882822439075,nan,nan
0,2126,2019-07-02,5.488999843597412,3.542142391204834,0.9845917224884033,0.002315020188689232,nan,nan
0,2126,2019-07-03,1.4819999933242798,3.910207986831665,0.9895407557487488,0.011005657725036144,nan,nan
0,2126,2019-07-04,1.1069999933242798,1.1031428575515747,0.9882034659385681,0.0016998149221763015,nan,nan
0,2126,2019-07-05,0.8889999985694885,0.7562680244445801,0.9878518581390381,0.0001527209096821025,nan,nan
0,2126,2019-07-06,0.800000011920929,0.5507133603096008,0.9903659820556641,3.0122384487185627e-05,nan,nan
0,2126,2019-07-07,1.6200000047683716,2.33921480178833,0.9870439171791077,0.09956531226634979,nan,nan
0,2126,2019-07-08,0.8330000042915344,1.3348443508148193,0.9839521050453186,0.006428135558962822,nan,nan
0,2126,2019-07-09,0.7379999756813049,0.9116683006286621,0.9745124578475952,0.010516570881009102,nan,nan
0,2126,2019-07-10,0.6740000247955322,0.7737106680870056,0.9042779803276062,0.006659233011305332,nan,nan
0,2126,2019-07-11,0.6639999747276306,0.7302067875862122,0.8212674260139465,0.0065527805127203465,nan,nan
0,2126,2019-07-12,0.7960000038146973,0.8025169968605042,0.7584697008132935,0.010481603443622589,nan,nan
0,2126,2019-07-13,1.062000036239624,1.9236255884170532,0.6824440956115723,0.0070809656754136086,nan,nan
0,2126,2019-07-14,0.6480000019073486,0.8621185421943665,0.6781825423240662,0.0024045014288276434,nan,nan
0,2126,2019-07-15,0.8090000152587891,1.784589171409607,0.5266423225402832,4.9893915274878964e-05,nan,nan
0,2126,2019-07-16,0.6190000176429749,0.8061987161636353,0.4554607570171356,0.00608977023512125,nan,nan
0,2126,2019-07-17,0.5400000214576721,0.7616846561431885,0.43051549792289734,0.009826945140957832,nan,nan
0,2126,2019-07-18,0.47200000286102295,0.6806923151016235,0.4858357906341553,0.008261676877737045,nan,nan
0,2126,2019-07-19,0.5189999938011169,0.6443518400192261,0.5714713931083679,0.008628163486719131,nan,nan
0,2126,2019-07-20,0.5,0.6489847898483276,0.6231496930122375,0.0073846084997057915,nan,nan
0,2126,2019-07-21,0.7059999704360962,0.7606520652770996,0.6595011353492737,0.014316156506538391,nan,nan
0,2126,2019-07-22,0.625,1.0291082859039307,0.5967550873756409,0.02455977536737919,nan,nan
0,2126,2019-07-23,0.4359999895095825,0.8250454068183899,0.593634843826294,0.01330071222037077,nan,nan
0,2126,2019-07-24,0.5699999928474426,0.6958964467048645,0.660755455493927,0.012816648930311203,nan,nan
0,2126,2019-07-25,0.4129999876022339,0.628078043460846,0.7853550314903259,0.005087772849947214,nan,nan
0,2126,2019-07-26,0.4359999895095825,0.6388542652130127,0.8586598038673401,0.010343749076128006,nan,nan
0,2126,2019-07-27,0.5950000286102295,0.6178052425384521,0.9188087582588196,0.008455639705061913,nan,nan
0,2126,2019-07-28,3.0299999713897705,2.866093873977661,0.8973835110664368,0.10742180049419403,nan,nan
0,2126,2019-07-29,1.9450000524520874,7.674275875091553,0.9811714887619019,0.06610259413719177,nan,nan
0,2126,2019-07-30,0.7609999775886536,1.2508327960968018,0.9940686225891113,2.5062823283406033e-07,nan,nan
0,2126,2019-07-31,1.0190000534057617,1.216609001159668,0.9853631258010864,0.03765474259853363,nan,nan
0,2126,2019-08-01,0.6060000061988831,0.8965524435043335,0.969795823097229,0.00434604287147522,nan,nan
0,2126,2019-08-02,0.6330000162124634,0.7343999743461609,0.9622397422790527,0.008831578306853771,nan,nan
0,2126,2019-08-03,0.5440000295639038,1.1751947402954102,0.942688524723053,0.03249521553516388,nan,nan
0,2126,2019-08-04,0.5149999856948853,0.6974406838417053,0.9341702461242676,0.00897821132093668,nan,nan
0,2126,2019-08-05,0.5120000243186951,0.7232201099395752,0.9132989645004272,0.011414669454097748,nan,nan
0,2126,2019-08-06,1.929999828338623,1.7742217779159546,0.8833283185958862,0.06043670326471329,nan,nan
0,2126,2019-08-07,0.8960000276565552,3.469472646713257,0.8301909565925598,0.07789424806833267,nan,nan
0,2126,2019-08-08,0.8379999995231628,2.265972375869751,0.7653976082801819,0.03238804638385773,nan,nan
0,2126,2019-08-09,0.6209999918937683,0.9039343595504761,0.7447501420974731,0.009914429858326912,nan,nan
0,2126,2019-08-10,1.9759999513626099,2.1469972133636475,0.6919004321098328,0.05246699973940849,nan,nan
0,2126,2019-08-11,1.0210000276565552,2.00624680519104,0.5639474391937256,0.0033098021522164345,nan,nan
0,2126,2019-08-12,1.0379999876022339,1.4890916347503662,0.43678927421569824,0.029694175347685814,nan,nan
0,2126,2019-08-13,0.8429999947547913,1.5285090208053589,0.31545525789260864,0.0005331307183951139,nan,nan
0,2126,2019-08-14,0.843999981880188,0.9332810640335083,0.24824124574661255,0.011381758376955986,nan,nan
0,2126,2019-08-15,0.7929999828338623,0.855137825012207,0.19895054399967194,0.007265905849635601,nan,nan
0,2126,2019-08-16,0.6110000014305115,0.9657832980155945,0.14171315729618073,0.0030329537112265825,nan,nan
0,2126,2019-08-17,0.5379999876022339,0.9022554755210876,0.11689075827598572,0.019263233989477158,nan,nan
0,2126,2019-08-18,0.5929999947547913,0.9060319066047668,0.09369572252035141,0.023280594497919083,nan,nan
0,2126,2019-08-19,3.6050000190734863,1.5150543451309204,0.09867294877767563,0.10493899881839752,nan,nan
0,2126,2019-08-20,6.9770002365112305,1.7545452117919922,0.0840749740600586,0.2789963483810425,nan,nan
0,2126,2019-08-21,4.8460001945495605,2.9116106033325195,0.22576618194580078,1.657373309135437,nan,nan
0,2126,2019-08-22,2.4070000648498535,2.411013603210449,0.34026652574539185,0.036395132541656494,nan,nan
0,2126,2019-08-23,1.7350000143051147,1.748714566230774,0.2574272155761719,0.0030545450281351805,nan,nan
0,2126,2019-08-24,1.375,1.6119294166564941,0.18712227046489716,0.018359139561653137,nan,nan
0,2126,2019-08-25,1.128000020980835,1.4334543943405151,0.145332932472229,0.022452306002378464,nan,nan
0,2126,2019-08-26,0.9750000834465027,1.3800382614135742,0.12530261278152466,0.03185330331325531,nan,nan
0,2126,2019-08-27,0.7570000290870667,1.2118343114852905,0.05789214000105858,0.025419116020202637,nan,nan
0,2126,2019-08-28,0.8299999833106995,1.103392481803894,0.01947551965713501,0.028231069445610046,nan,nan
0,2126,2019-08-29,1.1519999504089355,1.0806593894958496,0.02154819294810295,0.022222867235541344,nan,nan
0,2126,2019-08-30,0.7730000019073486,1.3183372020721436,0.017120853066444397,0.009975142776966095,nan,nan
0,2126,2019-08-31,0.7059999704360962,1.241969108581543,0.01742062345147133,0.041186392307281494,nan,nan
0,2126,2019-09-01,1.2690000534057617,1.1886377334594727,0.017667239531874657,0.040055546909570694,nan,nan
0,2126,2019-09-02,4.308000087738037,2.1754889488220215,0.07548567652702332,0.2448452115058899,nan,nan
0,2126,2019-09-03,1.7510000467300415,1.8462966680526733,0.13828986883163452,0.06813029199838638,nan,nan
0,2126,2019-09-04,1.2669999599456787,1.3475605249404907,0.11814717203378677,0.0036892464850097895,nan,nan
0,2126,2019-09-05,1.0540000200271606,1.1949313879013062,0.107502281665802,0.010773103684186935,nan,nan
0,2126,2019-09-06,0.984000027179718,1.2154325246810913,0.09384887665510178,5.579453500104137e-06,nan,nan
0,2126,2019-09-07,1.0329999923706055,1.3355307579040527,0.070156529545784,0.0002444114943500608,nan,nan
0,2126,2019-09-08,2.3480000495910645,1.3118852376937866,0.04911418631672859,0.00026612539659254253,nan,nan
0,2126,2019-09-09,3.942000150680542,2.164952278137207,0.11563506722450256,0.30921274423599243,nan,nan
0,2126,2019-09-10,2.0350000858306885,1.9281238317489624,0.17942160367965698,0.0269627682864666,nan,nan
0,2126,2019-09-11,1.4769999980926514,1.515075922012329,0.1501178741455078,0.0032143411226570606,nan,nan
0,2126,2019-09-12,1.187000036239624,1.3183521032333374,0.11955003440380096,0.01013682410120964,nan,nan
0,2126,2019-09-13,1.059000015258789,1.241657018661499,0.10567110031843185,0.017029056325554848,nan,nan
0,2126,2019-09-14,0.9529999494552612,1.2020903825759888,0.0894128829240799,0.020192110911011696,nan,nan
0,2126,2019-09-15,0.8939999938011169,1.1249265670776367,0.07152329385280609,0.01949465647339821,nan,nan
0,2126,2019-09-16,0.8059999942779541,1.1756294965744019,0.06138105317950249,0.026809843257069588,nan,nan
0,2126,2019-09-17,0.7620000243186951,1.2316550016403198,0.039455391466617584,0.037779200822114944,nan,nan
0,2126,2019-09-18,0.7170000076293945,1.2344642877578735,0.032549090683460236,0.04113767668604851,nan,nan
0,2126,2019-09-19,0.6990000009536743,1.1221319437026978,0.020422285422682762,0.032440874725580215,nan,nan
0,2126,2019-09-20,0.6809999942779541,1.0141479969024658,0.010213893838226795,0.02367505617439747,nan,nan
0,2126,2019-09-21,0.671999990940094,0.8732972741127014,0.008351575583219528,0.014083591289818287,nan,nan
0,2126,2019-09-22,0.6579999923706055,0.8306393027305603,0.006857569329440594,0.011801808141171932,nan,nan
0,2126,2019-09-23,1.656999945640564,0.9718353152275085,0.005800832528620958,0.0010573136387392879,nan,nan
0,2126,2019-09-24,0.8709999918937683,1.2764482498168945,0.006051492877304554,0.09994291514158249,nan,nan
0,2126,2019-09-25,0.8379999995231628,1.187349557876587,0.005334684159606695,0.00280914013274014,nan,nan
0,2126,2019-09-26,0.9079999923706055,1.1673110723495483,0.004171201027929783,0.0026285876519978046,nan,nan
0,2126,2019-09-27,0.7630000114440918,1.1048977375030518,0.0032882923260331154,0.02007783018052578,nan,nan
0,2126,2019-09-28,1.2710000276565552,1.3495793342590332,0.00277182599529624,2.249420731459395e-06,nan,nan
0,2126,2019-09-29,0.8119999766349792,1.2718870639801025,0.002736469265073538,0.015386263839900494,nan,nan
0,2126,2019-09-30,0.6729999780654907,1.212515950202942,0.002761861076578498,0.03538552299141884,nan,nan
0,2126,2019-10-01,0.6890000104904175,1.1121745109558105,0.0007916975300759077,0.03425979241728783,nan,nan
0,2126,2019-10-02,2.0399999618530273,1.3170511722564697,0.0004122334357816726,0.001396599574945867,nan,nan
0,2126,2019-10-03,2.421999931335449,1.803647756576538,0.0005660587921738625,0.10952036082744598,nan,nan
0,2126,2019-10-04,1.4149999618530273,1.6166210174560547,0.000700963253621012,0.0002785821270663291,nan,nan
0,2126,2019-10-05,1.7259999513626099,1.7159870862960815,0.0007071804720908403,0.0008327784016728401,nan,nan
0,2126,2019-10-06,2.765000104904175,1.8697587251663208,0.0008010013261809945,0.018041208386421204,nan,nan
0,2126,2019-10-07,6.5320000648498535,2.5354373455047607,0.0019684743601828814,0.19224731624126434,nan,nan
0,2126,2019-10-08,2.7219998836517334,2.2474608421325684,0.002607876667752862,0.2808924615383148,nan,nan
0,2126,2019-10-09,14.529000282287598,2.8087430000305176,0.0054155383259058,0.12183724343776703,nan,nan
0,2126,2019-10-10,8.196999549865723,6.049190521240234,0.07765959203243256,3.345463275909424,nan,nan
0,2126,2019-10-11,4.335999965667725,4.678860187530518,0.20817230641841888,0.025346318259835243,nan,nan
0,2126,2019-10-12,2.9830000400543213,3.5715551376342773,0.17612047493457794,0.04590875655412674,nan,nan
0,2126,2019-10-13,2.2939999103546143,3.03727388381958,0.14835627377033234,0.0932251587510109,nan,nan
0,2126,2019-10-14,1.8920000791549683,2.813145160675049,0.12259496003389359,0.13304464519023895,nan,nan
0,2126,2019-10-15,1.931999921798706,2.548135280609131,0.09999686479568481,0.13168533146381378,nan,nan
0,2126,2019-10-16,2.7149999141693115,3.201795816421509,0.127951979637146,0.0033571962267160416,nan,nan
0,2126,2019-10-17,1.7760000228881836,2.429857015609741,0.13938714563846588,0.034907691180706024,nan,nan
0,2126,2019-10-18,1.503999948501587,2.1359782218933105,0.11297287046909332,0.0734264925122261,nan,nan
0,2126,2019-10-19,1.406000018119812,1.8977181911468506,0.08982457965612411,0.0643450990319252,nan,nan
0,2126,2019-10-20,1.2209999561309814,1.8289767503738403,0.07176245003938675,0.04663356393575668,nan,nan
0,2126,2019-10-21,1.0920000076293945,1.673909306526184,0.058447547256946564,0.058665547519922256,nan,nan
0,2126,2019-10-22,0.9710000157356262,1.5663652420043945,0.045614488422870636,0.055453110486269,nan,nan
0,2126,2019-10-23,0.9390000104904175,1.3953299522399902,0.03551558032631874,0.044133447110652924,nan,nan
0,2126,2019-10-24,0.875,1.3475463390350342,0.028458626940846443,0.04107370600104332,nan,nan
0,2126,2019-10-25,0.8119999766349792,1.3081164360046387,0.022681832313537598,0.04125795140862465,nan,nan
0,2126,2019-10-26,0.7699999809265137,1.3256313800811768,0.01769942045211792,0.04791717603802681,nan,nan
0,2126,2019-10-27,0.7289999723434448,1.2901146411895752,0.013336204923689365,0.04690416902303696,nan,nan
0,2126,2019-10-28,0.8029999732971191,1.2669341564178467,0.01012514904141426,0.04507862403988838,nan,nan
0,2126,2019-10-29,1.36899995803833,1.6316615343093872,0.011617789044976234,2.56904950219905e-05,nan,nan
0,2126,2019-10-30,2.575000047683716,1.9590322971343994,0.012096858583390713,0.0005013763438910246,nan,nan
0,2126,2019-10-31,3.552999973297119,2.3833999633789062,0.014360195957124233,0.05204164236783981,nan,nan
0,2126,2019-11-01,2.11299991607666,2.0142083168029785,0.013622039929032326,0.005296569317579269,nan,nan
0,2126,2019-11-02,1.9539999961853027,1.9513869285583496,0.009633702225983143,0.0030766213312745094,nan,nan
0,2126,2019-11-03,1.934999942779541,1.8915375471115112,0.0075156912207603455,0.014764692634344101,nan,nan
0,2126,2019-11-04,2.0420000553131104,1.982249140739441,0.006427743472158909,0.004178600385785103,nan,nan
0,2126,2019-11-05,2.187000036239624,2.0032081604003906,0.004485338926315308,0.006444654427468777,nan,nan
0,2126,2019-11-06,2.190000057220459,2.1209065914154053,0.002174565801396966,1.489868708404174e-07,nan,nan
0,2126,2019-11-07,1.8950001001358032,1.890837550163269,0.0012301895767450333,0.01480031292885542,nan,nan
0,2126,2019-11-08,2.496000051498413,1.7752608060836792,0.00044936814811080694,0.00016027872334234416,nan,nan
0,2126,2019-11-09,2.496000051498413,1.8311712741851807,0.000159762566909194,0.01737326942384243,nan,nan
0,2126,2019-11-10,1.9900000095367432,1.6400721073150635,0.00013958269846625626,0.00010280803689965978,nan,nan
0,2126,2019-11-11,1.7070000171661377,1.5053296089172363,0.0001194065625895746,0.003832590766251087,nan,nan
0,2126,2019-11-12,1.7450000047683716,1.413677453994751,0.00011665285273920745,0.0011728210374712944,nan,nan
0,2126,2019-11-13,1.503000020980835,1.3594859838485718,0.00010443516657687724,0.004229419399052858,nan,nan
0,2126,2019-11-14,1.3489999771118164,1.2250525951385498,5.456694998429157e-05,0.0050043584778904915,nan,nan
0,2126,2019-11-15,1.3530000448226929,1.1615545749664307,3.277629366493784e-05,0.006460234057158232,nan,nan
0,2126,2019-11-16,1.184999942779541,1.197013258934021,3.091620601480827e-05,0.0005069103208370507,nan,nan
0,2126,2019-11-17,1.3079999685287476,1.2164747714996338,2.8593483875738457e-05,0.008580155670642853,nan,nan
0,2126,2019-11-18,1.2039999961853027,1.2345162630081177,2.929239781224169e-05,7.302236190298572e-05,nan,nan
0,2126,2019-11-19,1.093999981880188,1.2125523090362549,2.6592648282530718e-05,0.014304589480161667,nan,nan
0,2126,2019-11-20,1.00600004196167,1.2078149318695068,2.38765096582938e-05,0.01891709864139557,nan,nan
0,2126,2019-11-21,0.9410000443458557,1.159368872642517,2.1846995878149755e-05,0.01952568255364895,nan,nan
0,2126,2019-11-22,0.8820000290870667,1.109763741493225,1.9506416720105335e-05,0.018931973725557327,nan,nan
0,2126,2019-11-23,0.8579999804496765,1.1271213293075562,1.720257569104433e-05,0.023296190425753593,nan,nan
0,2126,2019-11-24,0.7839999794960022,1.1395014524459839,1.622756644792389e-05,0.025662673637270927,nan,nan
0,2126,2019-11-25,0.7450000047683716,1.2075438499450684,1.4468802874034736e-05,0.03673018142580986,nan,nan
0,2126,2019-11-26,0.7440000176429749,1.3202508687973022,1.4089590877119917e-05,0.041862279176712036,nan,nan
0,2126,2019-11-27,0.9490000009536743,1.3207049369812012,1.1376478141755797e-05,0.05264493077993393,nan,nan
0,2126,2019-11-28,1.4259999990463257,1.4779642820358276,1.2999204955121968e-05,0.004307879135012627,nan,nan
0,2126,2019-11-29,4.465000152587891,1.7250378131866455,1.6622576367808506e-05,0.004777159076184034,nan,nan
0,2126,2019-11-30,5.14900016784668,2.7147178649902344,0.00011708791862474754,0.5415411591529846,nan,nan
0,2126,2019-12-01,2.8949999809265137,2.482928991317749,0.00029739056481048465,0.05024861544370651,nan,nan
0,2126,2019-12-02,2.444000005722046,2.282501697540283,0.0002972479851450771,0.0013586904387921095,nan,nan
0,2126,2019-12-03,1.9939998388290405,2.034003257751465,0.00026249096845276654,0.015562702901661396,nan,nan
0,2126,2019-12-04,1.74399995803833,1.8055334091186523,0.00022950649145059288,0.02042696252465248,nan,nan
0,2126,2019-12-05,1.531999945640564,1.6569572687149048,0.00019819875888060778,0.021368348971009254,nan,nan
0,2126,2019-12-06,1.378000020980835,1.4843302965164185,0.0001621275587240234,0.01856318674981594,nan,nan
0,2126,2019-12-07,1.2719999551773071,1.395140290260315,0.00013725028838962317,0.0192897729575634,nan,nan
0,2126,2019-12-08,1.1549999713897705,1.3542636632919312,0.00011789819109253585,0.021400513127446175,nan,nan
0,2126,2019-12-09,1.3730000257492065,1.3620277643203735,9.762292029336095e-05,0.02851139008998871,nan,nan
0,2126,2019-12-10,2.430999994277954,1.854962944984436,0.0002308238617843017,0.03299158066511154,nan,nan
0,2126,2019-12-11,1.8240000009536743,1.766495943069458,0.0003147171810269356,0.0031262575648725033,nan,nan
0,2126,2019-12-12,2.052999973297119,1.7491049766540527,0.00033684729714877903,0.0013963120291009545,nan,nan
0,2126,2019-12-13,2.4179999828338623,1.6638578176498413,0.00032335813739337027,0.0006005538161844015,nan,nan
0,2126,2019-12-14,2.617000102996826,1.7904053926467896,0.00032766174990683794,0.014009533450007439,nan,nan
0,2126,2019-12-15,2.2790000438690186,1.856813907623291,0.00030038313707336783,0.0023026326671242714,nan,nan
0,2126,2019-12-16,1.9219999313354492,1.7746326923370361,0.00025720891426317394,0.0071734352968633175,nan,nan
0,2126,2019-12-17,1.6670000553131104,1.7479723691940308,0.00021914909302722663,0.01955524832010269,nan,nan
0,2126,2019-12-18,1.4359999895095825,1.656015396118164,0.00019319918646942824,0.025402545928955078,nan,nan
0,2126,2019-12-19,1.309000015258789,1.6491436958312988,0.00016761933511588722,0.039159778505563736,nan,nan
0,2126,2019-12-20,1.2970000505447388,1.6410201787948608,0.00014588287740480155,0.04746982827782631,nan,nan
0,2126,2019-12-21,1.6059999465942383,1.9028205871582031,0.00015925653860904276,0.004078603815287352,nan,nan
0,2126,2019-12-22,2.1519999504089355,1.786085844039917,0.00015914799587335438,0.014536733739078045,nan,nan
0,2126,2019-12-23,3.9509999752044678,2.016176462173462,0.0002464543213136494,0.02911430411040783,nan,nan
0,2126,2019-12-24,4.3480000495910645,2.18402361869812,0.00028124835807830095,0.09877701848745346,nan,nan
0,2126,2019-12-25,4.678999900817871,2.5866687297821045,0.0003805667220149189,0.15907829999923706,nan,nan
0,2126,2019-12-26,3.5220000743865967,2.6786792278289795,0.0003945139469578862,0.034805115312337875,nan,nan
0,2126,2019-12-27,4.111999988555908,2.7090442180633545,0.0004293222154956311,0.007133999839425087,nan,nan
0,2126,2019-12-28,3.546999931335449,2.8915154933929443,0.00044795850408263505,0.012243790552020073,nan,nan
0,2126,2019-12-29,2.822000026702881,2.5151124000549316,0.0002922620333265513,0.004175116773694754,nan,nan
0,2126,2019-12-30,2.378999948501587,2.2581450939178467,0.00014395480684470385,0.01473650336265564,nan,nan
0,2126,2019-12-31,2.0439999103546143,1.9871020317077637,0.00012043607421219349,0.01563754491508007,nan,nan
0,2126,2020-01-01,1.7949999570846558,1.7987972497940063,0.00010385955829406157,0.01751646213233471,nan,nan
0,2126,2020-01-02,1.628999948501587,1.6315735578536987,9.126908844336867e-05,0.016992542892694473,nan,nan
0,2126,2020-01-03,1.5069999694824219,1.4912680387496948,8.052620250964537e-05,0.01468468364328146,nan,nan
0,2126,2020-01-04,1.5210000276565552,1.4902347326278687,7.579120574519038e-05,0.0038583725690841675,nan,nan
0,2126,2020-01-05,1.340999960899353,1.552769422531128,7.020859629847109e-05,0.011309762485325336,nan,nan
0,2126,2020-01-06,1.24399995803833,1.4360194206237793,6.379834667313844e-05,0.024486638605594635,nan,nan
0,2126,2020-01-07,1.149999976158142,1.4644889831542969,5.6511780712753534e-05,0.0328284315764904,nan,nan
0,2126,2020-01-08,1.0750000476837158,1.3720990419387817,3.369018668308854e-05,0.029745377600193024,nan,nan
0,2126,2020-01-09,1.0269999504089355,1.3402096033096313,1.985391827474814e-05,0.03129280358552933,nan,nan
0,2126,2020-01-10,0.9209999442100525,1.2906497716903687,1.6371755918953568e-05,0.029514478519558907,nan,nan
0,2126,2020-01-11,0.8989999890327454,1.351514220237732,1.4090934200794436e-05,0.03840991109609604,nan,nan
0,2126,2020-01-12,0.8610000014305115,1.3338909149169922,1.2515414709923789e-05,0.042411789298057556,nan,nan
0,2126,2020-01-13,0.8320000171661377,1.2840789556503296,1.0905178896791767e-05,0.0396108403801918,nan,nan
0,2126,2020-01-14,0.7889999747276306,1.2254080772399902,9.895086805045139e-06,0.03539053723216057,nan,nan
0,2126,2020-01-15,0.7519999742507935,1.1886690855026245,8.979623999039177e-06,0.03446206450462341,nan,nan
0,2126,2020-01-16,0.7149999737739563,1.212490200996399,8.227122634707484e-06,0.03943835198879242,nan,nan
0,2126,2020-01-17,0.7020000219345093,1.19606351852417,7.495888439734699e-06,0.04023512080311775,nan,nan
0,2126,2020-01-18,0.9380000233650208,1.3801883459091187,1.1227718459849712e-05,0.0017046761931851506,nan,nan
0,2126,2020-01-19,0.7459999918937683,1.2796624898910522,1.0703448424465023e-05,0.03398993983864784,nan,nan
0,2126,2020-01-20,0.6830000281333923,1.2212026119232178,9.20689581107581e-06,0.040808506309986115,nan,nan
0,2126,2020-01-21,0.671999990940094,1.1329971551895142,7.457797437382396e-06,0.03572625294327736,nan,nan
0,2126,2020-01-22,0.6489999890327454,1.0702811479568481,6.303630016191164e-06,0.030229248106479645,nan,nan
0,2126,2020-01-23,0.6359999775886536,1.0251444578170776,5.4576889851887245e-06,0.027423296123743057,nan,nan
0,2126,2020-01-24,0.6069999933242798,0.9847924113273621,4.309452833695104e-06,0.024613982066512108,nan,nan
0,2126,2020-01-25,0.6029999852180481,0.9645861387252808,3.967912562075071e-06,0.02447890304028988,nan,nan
0,2126,2020-01-26,0.5929999947547913,0.9661001563072205,3.843439571937779e-06,0.024827878922224045,nan,nan
0,2126,2020-01-27,0.6069999933242798,0.9922341108322144,3.5416687751421705e-06,0.022520292550325394,nan,nan
0,2126,2020-01-28,1.5420000553131104,1.137781023979187,4.811617145605851e-06,0.0014129580231383443,nan,nan
0,2126,2020-01-29,2.311000108718872,1.5185797214508057,1.2692040399997495e-05,0.06025509908795357,nan,nan
0,2126,2020-01-30,1.9939998388290405,1.621915340423584,1.7248787116841413e-05,0.010731419548392296,nan,nan
0,2126,2020-01-31,2.4070000648498535,1.7093738317489624,1.7259893866139464e-05,0.0005942693678662181,nan,nan
0,2126,2020-02-01,1.8359999656677246,1.7193115949630737,1.6591851817793213e-05,0.002233940176665783,nan,nan
0,2126,2020-02-02,3.4200000762939453,2.002121925354004,2.1433539586723782e-05,3.875287438859232e-05,nan,nan
0,2126,2020-02-03,8.668999671936035,2.7394886016845703,5.4442825785372406e-05,0.11141067743301392,nan,nan
0,2126,2020-02-04,8.1899995803833,4.083671569824219,0.00016600998060312122,0.8950346112251282,nan,nan
0,2126,2020-02-05,5.296000003814697,4.467630386352539,0.00025075607118196785,0.20036377012729645,nan,nan
0,2126,2020-02-06,3.618000030517578,3.8433547019958496,0.0002514896623324603,0.014507128857076168,nan,nan
0,2126,2020-02-07,2.812999963760376,3.2158994674682617,0.00021543650655075908,0.05902766063809395,nan,nan
0,2126,2020-02-08,2.315999984741211,2.7275800704956055,0.00018188226385973394,0.06287320703268051,nan,nan
0,2126,2020-02-09,2.013000011444092,2.3770017623901367,0.00015224004164338112,0.05865650996565819,nan,nan
0,2126,2020-02-10,2.361999988555908,1.9888854026794434,0.00013487105024978518,0.03591384366154671,nan,nan
0,2126,2020-02-11,3.811000108718872,2.355327844619751,0.0002191413805121556,0.03741264343261719,nan,nan
0,2126,2020-02-12,3.4830000400543213,2.5491783618927,0.0002638408332131803,0.07117258012294769,nan,nan
0,2126,2020-02-13,3.7829997539520264,2.338369369506836,0.0002535636303946376,0.0007669090409763157,nan,nan
0,2126,2020-02-14,6.8520002365112305,3.040803909301758,0.0006523689953610301,0.11964321881532669,nan,nan
0,2126,2020-02-15,4.107999801635742,3.172713041305542,0.001094306237064302,0.11160726100206375,nan,nan
0,2126,2020-02-16,3.1040000915527344,2.8654580116271973,0.0009270223672501743,0.003834004979580641,nan,nan
0,2126,2020-02-17,3.0220000743865967,2.5740108489990234,0.0008631006930954754,0.024989252910017967,nan,nan
0,2126,2020-02-18,4.083000183105469,3.082603693008423,0.0012210876448079944,0.0025490697007626295,nan,nan
0,2126,2020-02-19,3.359999895095825,3.004441022872925,0.0014098449610173702,0.010840903036296368,nan,nan
0,2126,2020-02-20,2.947999954223633,2.9446516036987305,0.0012845998862758279,0.011930635198950768,nan,nan
0,2126,2020-02-21,2.5399999618530273,2.5952301025390625,0.0011076254304498434,0.03652810677886009,nan,nan
0,2126,2020-02-22,2.2939999103546143,2.424835443496704,0.0009304308914579451,0.046680957078933716,nan,nan
0,2126,2020-02-23,2.0350000858306885,2.3493635654449463,0.0008113876101560891,0.05688869580626488,nan,nan
0,2126,2020-02-24,1.7979999780654907,2.1555190086364746,0.0009063532925210893,0.05337069556117058,nan,nan
0,2126,2020-02-25,1.809000015258789,2.1397507190704346,0.000826741976197809,0.0719069316983223,nan,nan
0,2126,2020-02-26,3.4200000762939453,2.646449565887451,0.0013701041461899877,0.0004970119334757328,nan,nan
0,2126,2020-02-27,3.4170000553131104,2.5097808837890625,0.0013880784390494227,0.01452795509248972,nan,nan
0,2126,2020-02-28,4.131999969482422,2.511573314666748,0.001372756902128458,0.03783584386110306,nan,nan
0,2126,2020-02-29,4.360000133514404,2.36360239982605,0.0013501167995855212,0.006221836432814598,nan,nan
0,2126,2020-03-01,13.440999984741211,3.631404399871826,0.005860986188054085,0.28169167041778564,nan,nan
0,2126,2020-03-02,6.26800012588501,4.86643648147583,0.02865217812359333,1.0536248683929443,nan,nan
0,2126,2020-03-03,6.468999862670898,4.996246337890625,0.04764383286237717,0.0025621724780648947,nan,nan
0,2126,2020-03-04,4.35099983215332,4.521727561950684,0.0428401418030262,0.010012918151915073,nan,nan
0,2126,2020-03-05,5.579999923706055,3.840826988220215,0.03497878462076187,0.08118856698274612,nan,nan
0,2126,2020-03-06,6.002999782562256,4.883676052093506,0.058477409183979034,0.02359357476234436,nan,nan
0,2126,2020-03-07,4.589000225067139,4.545044898986816,0.061738308519124985,0.0032449904829263687,nan,nan
0,2126,2020-03-08,3.677000045776367,4.002878665924072,0.05202997848391533,0.08262477070093155,nan,nan
0,2126,2020-03-09,4.14900016784668,3.6820614337921143,0.0438067801296711,0.07320252060890198,nan,nan
0,2126,2020-03-10,4.873000144958496,3.718832015991211,0.038994818925857544,0.012657258659601212,nan,nan
0,2126,2020-03-11,4.793000221252441,4.11447811126709,0.03444116190075874,0.00112237804569304,nan,nan
0,2126,2020-03-12,3.6689999103546143,3.8739757537841797,0.03354807198047638,0.046959251165390015,nan,nan
0,2126,2020-03-13,3.072999954223633,3.5128014087677,0.025308094918727875,0.09594125300645828,nan,nan
0,2126,2020-03-14,2.6500000953674316,3.078950881958008,0.01634710282087326,0.09056548029184341,nan,nan
0,2126,2020-03-15,2.3480000495910645,2.712501049041748,0.010865485295653343,0.07569760084152222,nan,nan
0,2126,2020-03-16,2.1110000610351562,2.504891872406006,0.009062438271939754,0.07366276532411575,nan,nan
0,2126,2020-03-17,1.8739999532699585,2.5025999546051025,0.007849588058888912,0.09747552871704102,nan,nan
0,2126,2020-03-18,1.7480000257492065,2.4431662559509277,0.005535852164030075,0.11387849599123001,nan,nan
0,2126,2020-03-19,1.6399999856948853,2.1851353645324707,0.004130465444177389,0.08366429805755615,nan,nan
0,2126,2020-03-20,1.5360000133514404,1.9871480464935303,0.0034934014547616243,0.06463494896888733,nan,nan
0,2126,2020-03-21,1.4900000095367432,2.1031651496887207,0.002943214029073715,0.08669902384281158,nan,nan
0,2126,2020-03-22,1.3669999837875366,2.0902445316314697,0.0024739631917327642,0.09371500462293625,nan,nan
0,2126,2020-03-23,1.2929999828338623,1.8391094207763672,0.002072073519229889,0.06846429407596588,nan,nan
0,2126,2020-03-24,1.2350000143051147,1.5560426712036133,0.0017956235678866506,0.03902279958128929,nan,nan
0,2126,2020-03-25,1.1449999809265137,1.4211628437042236,0.0015483482275158167,0.029229413717985153,nan,nan
0,2126,2020-03-26,1.1180000305175781,1.358750820159912,0.0010629623429849744,0.02880118414759636,nan,nan
0,2126,2020-03-27,1.0779999494552612,1.3158148527145386,0.0008414640324190259,0.02648480422794819,nan,nan
0,2126,2020-03-28,1.0219999551773071,1.2171813249588013,0.0007165150018408895,0.020416297018527985,nan,nan
0,2126,2020-03-29,1.090000033378601,1.2640913724899292,0.0005346612888388336,0.027371274307370186,nan,nan
0,2126,2020-03-30,1.2289999723434448,1.602936863899231,0.0004139152297284454,0.014973577111959457,nan,nan
0,2126,2020-03-31,1.0399999618530273,1.540321707725525,0.00014272157568484545,0.04179955646395683,nan,nan
0,2126,2020-04-01,1.0119999647140503,1.3350822925567627,8.452755719190463e-05,0.03298576548695564,nan,nan
0,2126,2020-04-02,0.9769999980926514,1.240420937538147,6.851957004982978e-05,0.0258397925645113,nan,nan
0,2126,2020-04-03,0.9350000619888306,1.2268719673156738,6.920229498064145e-05,0.02662684954702854,nan,nan
0,2126,2020-04-04,0.8809999823570251,1.2149839401245117,4.669772897614166e-05,0.027983516454696655,nan,nan
0,2126,2020-04-05,0.8349999785423279,1.1695945262908936,4.159225500188768e-05,0.0270164143294096,nan,nan
0,2126,2020-04-06,0.8019999861717224,1.1617012023925781,4.626793088391423e-05,0.028988005593419075,nan,nan
0,2126,2020-04-07,0.7630000114440918,1.1894758939743042,6.470311200246215e-05,0.03370415419340134,nan,nan
0,2126,2020-04-08,0.7429999709129333,1.2291343212127686,0.00010290852515026927,0.04048089683055878,nan,nan
0,2126,2020-04-09,0.7179999947547913,1.2056798934936523,0.00015301267558243126,0.0393269807100296,nan,nan
0,2126,2020-04-10,0.6970000267028809,1.2651985883712769,0.0001747526548570022,0.04790882393717766,nan,nan
0,2126,2020-04-11,0.6850000023841858,1.202850580215454,0.0002275379083584994,0.042263392359018326,nan,nan
0,2126,2020-04-12,0.6639999747276306,1.1109124422073364,0.000283938308712095,0.03336210176348686,nan,nan
0,2126,2020-04-13,0.652999997138977,1.0068714618682861,0.00046912560355849564,0.024965297430753708,nan,nan
0,2126,2020-04-14,0.6439999938011169,0.9831369519233704,0.0005856339703314006,0.023551927879452705,nan,nan
0,2126,2020-04-15,0.6449999809265137,0.8910977840423584,0.000573500175960362,0.016896577551960945,nan,nan
0,2126,2020-04-16,0.621999979019165,0.8376855850219727,0.0005646833451464772,0.013287975452840328,nan,nan
0,2126,2020-04-17,0.6079999804496765,0.7806577682495117,0.0006610233103856444,0.010768416337668896,nan,nan
0,2126,2020-04-18,0.5899999737739563,0.7967960238456726,0.0009105925564654171,0.012234754860401154,nan,nan
0,2126,2020-04-19,0.5759999752044678,0.8477987051010132,0.0013210185570642352,0.016291918233036995,nan,nan
0,2126,2020-04-20,0.5699999928474426,0.8749005794525146,0.001413671881891787,0.018896322697401047,nan,nan
0,2126,2020-04-21,0.5249999761581421,0.8358675837516785,0.001387042342685163,0.016355350613594055,nan,nan
0,2126,2020-04-22,0.6129999756813049,0.767581045627594,0.0013379144947975874,0.013727962039411068,nan,nan
0,2126,2020-04-23,0.550000011920929,0.7235704660415649,0.0016331318765878677,0.008064973168075085,nan,nan
0,2126,2020-04-24,0.5360000133514404,0.7302953600883484,0.001812694943509996,0.010536524467170238,nan,nan
0,2126,2020-04-25,0.5199999809265137,0.7271844148635864,0.0025644591078162193,0.010867619886994362,nan,nan
0,2126,2020-04-26,0.5199999809265137,0.7552284002304077,0.002513682935386896,0.013151045888662338,nan,nan
0,2126,2020-04-27,0.4950000047683716,0.7956947088241577,0.0023064713459461927,0.015798669308423996,nan,nan
0,2126,2020-04-28,0.5680000185966492,0.7474240064620972,0.0022155335173010826,0.01367110013961792,nan,nan
0,2126,2020-04-29,0.8569999933242798,1.0805495977401733,0.003037012182176113,0.04780973866581917,nan,nan
0,2126,2020-04-30,0.6800000071525574,1.0201120376586914,0.002957521704956889,0.010536562651395798,nan,nan
0,2126,2020-05-01,0.8859999775886536,1.074920654296875,0.0026255284901708364,0.0017396514303982258,nan,nan
0,2126,2020-05-02,1.5089999437332153,1.403880000114441,0.00401728879660368,0.13561663031578064,nan,nan
0,2126,2020-05-03,0.9070000052452087,1.3317596912384033,0.004002581350505352,0.011925035156309605,nan,nan
0,2126,2020-05-04,0.6600000262260437,1.0495598316192627,0.003727237693965435,0.016166917979717255,nan,nan
0,2126,2020-05-05,1.2669999599456787,0.9426569938659668,0.0035984341520816088,0.019944317638874054,nan,nan
0,2126,2020-05-06,1.9559998512268066,1.585715889930725,0.016295215114951134,0.24413949251174927,nan,nan
0,2126,2020-05-07,0.9390000104904175,1.3014070987701416,0.03442227095365524,0.00015237503976095468,nan,nan
0,2126,2020-05-08,0.7170000076293945,1.0714237689971924,0.03556547686457634,0.01625806652009487,nan,nan
0,2126,2020-05-09,0.6330000162124634,1.015727162361145,0.040467068552970886,0.02284649945795536,nan,nan
0,2126,2020-05-10,0.7229999899864197,1.2040220499038696,0.0427544042468071,0.0471264086663723,nan,nan
0,2126,2020-05-11,0.9620000123977661,1.1891056299209595,0.03988150507211685,0.038925204426050186,nan,nan
0,2126,2020-05-12,1.7039999961853027,1.7208284139633179,0.06462648510932922,0.05203848332166672,nan,nan
0,2126,2020-05-13,0.902999997138977,1.3381984233856201,0.07266640663146973,0.004409767221659422,nan,nan
0,2126,2020-05-14,1.2970000505447388,1.3327710628509521,0.06318861991167068,0.00031653561745770276,nan,nan
0,2126,2020-05-15,1.1859999895095825,1.1912634372711182,0.049274563789367676,0.0005886026774533093,nan,nan
0,2126,2020-05-16,1.0069999694824219,1.0267196893692017,0.03682325780391693,0.005207818932831287,nan,nan
0,2126,2020-05-17,0.8069999814033508,0.9723116755485535,0.03140299767255783,0.00785764865577221,nan,nan
0,2126,2020-05-18,0.6830000281333923,0.8145774602890015,0.03688638657331467,0.006507202982902527,nan,nan
0,2126,2020-05-19,0.6140000224113464,0.7753323912620544,0.043571386486291885,0.00840139202773571,nan,nan
0,2126,2020-05-20,0.5659999847412109,0.7919951677322388,0.06021515652537346,0.011719209142029285,nan,nan
0,2126,2020-05-21,0.5230000019073486,0.8522852063179016,0.0723569244146347,0.01770390383899212,nan,nan
0,2126,2020-05-22,0.4970000386238098,0.8773831725120544,0.08809182047843933,0.021727830171585083,nan,nan
0,2126,2020-05-23,1.343999981880188,0.9494760632514954,0.10872067511081696,0.029436808079481125,nan,nan
0,2126,2020-05-24,1.0670000314712524,2.2968804836273193,0.22253939509391785,0.08777104318141937,nan,nan
0,2126,2020-05-25,0.628000020980835,1.2733389139175415,0.35511279106140137,0.02563013881444931,nan,nan
0,2126,2020-05-26,0.5230000019073486,1.0696351528167725,0.3295709192752838,0.032898928970098495,nan,nan
0,2126,2020-05-27,0.5509999990463257,0.9673759341239929,0.3243895173072815,0.029549354687333107,nan,nan
0,2126,2020-05-28,0.49399998784065247,0.8556870818138123,0.3114476799964905,0.018660614266991615,nan,nan
0,2126,2020-05-29,0.47200000286102295,0.8293830752372742,0.2893417775630951,0.019434358924627304,nan,nan
0,2126,2020-05-30,0.4569999873638153,0.764670729637146,0.3145427405834198,0.01578495465219021,nan,nan
0,2126,2020-05-31,0.44200000166893005,0.7307018637657166,0.2871941030025482,0.014164306223392487,nan,nan
0,2126,2020-06-01,0.43299999833106995,0.7181162238121033,0.28438860177993774,0.013973608613014221,nan,nan
0,2126,2020-06-02,0.42399999499320984,0.7171273231506348,0.3154187500476837,0.014283588156104088,nan,nan
0,2126,2020-06-03,0.38600000739097595,0.7604863047599792,0.3657234013080597,0.017659546807408333,nan,nan
0,2126,2020-06-04,1.0180000066757202,0.7955056428909302,0.31619903445243835,0.022219909355044365,nan,nan
0,2126,2020-06-05,1.1480000019073486,2.482320547103882,0.4282500445842743,0.030923208221793175,nan,nan
0,2126,2020-06-06,0.6489999890327454,1.2363723516464233,0.44159865379333496,0.009745127521455288,nan,nan
0,2126,2020-06-07,0.9959999918937683,1.3377597332000732,0.35177215933799744,0.009333950467407703,nan,nan
0,2126,2020-06-08,0.7009999752044678,1.3308937549591064,0.2762375771999359,0.0005215355195105076,nan,nan
0,2126,2020-06-09,1.0410000085830688,1.3867571353912354,0.2004062682390213,0.011964459903538227,nan,nan
0,2126,2020-06-10,1.7009999752044678,1.4586690664291382,0.12659724056720734,0.0025123776867985725,nan,nan
0,2126,2020-06-11,2.365999937057495,1.8279846906661987,0.10948728024959564,0.08625616133213043,nan,nan
0,2126,2020-06-12,1.2610000371932983,1.439276099205017,0.10647577792406082,0.00047495143371634185,nan,nan
0,2126,2020-06-13,1.3040000200271606,1.1312698125839233,0.15602688491344452,0.007658682763576508,nan,nan
0,2126,2020-06-14,2.380000114440918,1.9770923852920532,0.15711142122745514,0.011379580944776535,nan,nan
0,2126,2020-06-15,1.4800000190734863,1.6533640623092651,0.13045193254947662,2.3305272407014854e-05,nan,nan
0,2126,2020-06-16,1.0920000076293945,1.5026850700378418,0.0976572260260582,0.022599725052714348,nan,nan
0,2126,2020-06-17,1.4140000343322754,1.275498390197754,0.06976228952407837,0.02443348988890648,nan,nan
0,2126,2020-06-18,1.2619999647140503,1.522701621055603,0.061195194721221924,0.014741049148142338,nan,nan
0,2126,2020-06-19,1.6349999904632568,1.5996408462524414,0.044048991054296494,0.00780738377943635,nan,nan
0,2126,2020-06-20,1.5210000276565552,1.7782557010650635,0.03508688509464264,0.01112603023648262,nan,nan
0,2126,2020-06-21,1.0829999446868896,1.5035476684570312,0.034337930381298065,0.02056366577744484,nan,nan
0,2126,2020-06-22,0.906000018119812,1.2296173572540283,0.019328681752085686,0.021140193566679955,nan,nan
0,2126,2020-06-23,0.7960000038146973,1.100589632987976,0.012818004004657269,0.019941413775086403,nan,nan
0,2126,2020-06-24,0.7080000042915344,1.0378265380859375,0.021198678761720657,0.02055133879184723,nan,nan
0,2126,2020-06-25,0.6370000243186951,1.0615639686584473,0.03833547979593277,0.02729114145040512,nan,nan
0,2126,2020-06-26,0.6610000133514404,1.086496353149414,0.05469582602381706,0.034002259373664856,nan,nan
0,2126,2020-06-27,0.7929999828338623,1.2008236646652222,0.04549267888069153,0.03708426281809807,nan,nan
0,2126,2020-06-28,0.640999972820282,1.1913052797317505,0.04031430184841156,0.03029964491724968,nan,nan
0,2126,2020-06-29,2.946000099182129,2.3306877613067627,0.08632165938615799,0.10150696337223053,nan,nan
0,2126,2020-06-30,1.2120000123977661,1.9817198514938354,0.13579952716827393,3.7955300058456487e-07,nan,nan
0,2126,2020-07-01,0.777999997138977,1.4099034070968628,0.16631825268268585,0.029557030647993088,nan,nan
0,2126,2020-07-02,0.9440000057220459,1.3443448543548584,0.1732342690229416,0.05287083238363266,nan,nan
0,2126,2020-07-03,0.9829999804496765,1.6123034954071045,0.13095884025096893,0.005902360193431377,nan,nan
0,2126,2020-07-04,0.7020000219345093,1.3376834392547607,0.07305550575256348,0.03697582706809044,nan,nan
0,2126,2020-07-05,0.6100000143051147,1.0733263492584229,0.06630564481019974,0.028713544830679893,nan,nan
0,2126,2020-07-06,0.5540000200271606,0.8787482380867004,0.1067284345626831,0.01757434569299221,nan,nan
0,2126,2020-07-07,0.5370000004768372,0.9176623821258545,0.10306048393249512,0.023393360897898674,nan,nan
0,2126,2020-07-08,0.5090000033378601,0.8425426483154297,0.1203954815864563,0.018352961167693138,nan,nan
0,2126,2020-07-09,0.48399999737739563,0.7436471581459045,0.17677250504493713,0.012870528735220432,nan,nan
0,2126,2020-07-10,0.492000013589859,0.6752765774726868,0.2787749767303467,0.0098422234877944,nan,nan
0,2126,2020-07-11,2.1459999084472656,2.244251251220703,0.3693862855434418,0.05584625154733658,nan,nan
0,2126,2020-07-12,0.7139999866485596,1.6687673330307007,0.39367103576660156,0.0007981372182257473,nan,nan
0,2126,2020-07-13,0.5550000071525574,0.9456331133842468,0.3494614064693451,0.01758161187171936,nan,nan
0,2126,2020-07-14,0.4690000116825104,0.8495250940322876,0.342935174703598,0.018017001450061798,nan,nan
0,2126,2020-07-15,0.46000000834465027,0.7291329503059387,0.37796449661254883,0.013569765724241734,nan,nan
0,2126,2020-07-16,0.7839999794960022,1.1733967065811157,0.3182392716407776,0.004513575695455074,nan,nan
0,2126,2020-07-17,1.534000039100647,2.0349297523498535,0.3714967668056488,0.04060347005724907,nan,nan
0,2126,2020-07-18,0.746999979019165,1.1422401666641235,0.37921813130378723,0.001830277033150196,nan,nan
0,2126,2020-07-19,0.5839999914169312,0.838616669178009,0.3730582892894745,0.009544922970235348,nan,nan
0,2126,2020-07-20,0.5009999871253967,0.7559778690338135,0.37576934695243835,0.010752717033028603,nan,nan
0,2126,2020-07-21,0.4449999928474426,0.6713846325874329,0.46412426233291626,0.009058688767254353,nan,nan
0,2126,2020-07-22,0.6600000262260437,0.8309692144393921,0.4419912099838257,0.022023668512701988,nan,nan
0,2126,2020-07-23,0.5419999957084656,0.9757828116416931,0.38545703887939453,0.02257237583398819,nan,nan
0,2126,2020-07-24,0.4309999942779541,0.7349714040756226,0.4098312556743622,0.011092032305896282,nan,nan
0,2126,2020-07-25,0.41200000047683716,0.7829832434654236,0.34386131167411804,0.018985876813530922,nan,nan
0,2126,2020-07-26,0.4650000035762787,0.7260504364967346,0.37239840626716614,0.015778735280036926,nan,nan
0,2126,2020-07-27,0.4129999876022339,0.8441557884216309,0.3490816056728363,0.02205142192542553,nan,nan
0,2126,2020-07-28,0.45500001311302185,0.7341731190681458,0.32274681329727173,0.01629442162811756,nan,nan
0,2126,2020-07-29,0.42800000309944153,0.8286394476890564,0.26026809215545654,0.02132232114672661,nan,nan
0,2126,2020-07-30,0.3779999911785126,0.7260835766792297,0.2516404092311859,0.01508617214858532,nan,nan
0,2126,2020-07-31,0.37400001287460327,0.7528933882713318,0.27926114201545715,0.019282907247543335,nan,nan
0,2126,2020-08-01,0.367000013589859,0.7190414071083069,0.39869028329849243,0.016990525647997856,nan,nan
0,2126,2020-08-02,0.7889999747276306,0.8005340099334717,0.4476587772369385,0.023640038445591927,nan,nan
0,2126,2020-08-03,1.7089999914169312,2.229586124420166,0.4590374231338501,0.0004648621252272278,nan,nan
0,2126,2020-08-04,6.688000202178955,5.235215187072754,0.9740492701530457,0.36983323097229004,nan,nan
0,2126,2020-08-05,1.929999828338623,2.5020558834075928,0.9951910972595215,0.3487696647644043,nan,nan
0,2126,2020-08-06,1.0670000314712524,1.1712546348571777,0.993629515171051,0.0003436686238273978,nan,nan
0,2126,2020-08-07,0.7879999876022339,0.8730625510215759,0.9912407994270325,0.0026153677608817816,nan,nan
0,2126,2020-08-08,0.6370000243186951,0.9513598084449768,0.9885420799255371,0.01469425018876791,nan,nan
0,2126,2020-08-09,0.5490000247955322,0.9345661401748657,0.9775717854499817,0.02046109363436699,nan,nan
0,2126,2020-08-10,0.4909999966621399,0.9836462736129761,0.9711623191833496,0.02950952760875225,nan,nan
0,2126,2020-08-11,0.41200000047683716,0.9611214995384216,0.9690996408462524,0.030902191996574402,nan,nan
0,2126,2020-08-12,0.41999998688697815,0.9955871105194092,0.9679255485534668,0.03959309682250023,nan,nan
0,2126,2020-08-13,0.8460000157356262,1.146902084350586,0.9642013907432556,0.05701068416237831,nan,nan
0,2126,2020-08-14,0.5580000281333923,2.06160831451416,0.9451757669448853,0.09673424810171127,nan,nan
0,2126,2020-08-15,0.45899999141693115,0.8918724656105042,0.9102799892425537,0.021091699600219727,nan,nan
0,2126,2020-08-16,0.43299999833106995,0.8927644491195679,0.862515389919281,0.026496363803744316,nan,nan
0,2126,2020-08-17,1.5360000133514404,2.6023879051208496,0.813937783241272,0.13983266055583954,nan,nan
0,2126,2020-08-18,0.546999990940094,1.4997929334640503,0.744020402431488,0.011455747298896313,nan,nan
0,2126,2020-08-19,0.4779999852180481,0.9028895497322083,0.6739634275436401,0.022545425221323967,nan,nan
0,2126,2020-08-20,0.4880000054836273,0.8071463108062744,0.6036415100097656,0.018537122756242752,nan,nan
0,2126,2020-08-21,0.39800000190734863,0.9559406042098999,0.6163671016693115,0.030591530725359917,nan,nan
0,2126,2020-08-22,0.5450000166893005,0.9282612204551697,0.6908257007598877,0.03352613374590874,nan,nan
0,2126,2020-08-23,0.4230000078678131,1.1769083738327026,0.5964718461036682,0.022019170224666595,nan,nan
0,2126,2020-08-24,0.5379999876022339,0.7967783212661743,0.5510273575782776,0.020432572811841965,nan,nan
0,2126,2020-08-25,0.4189999997615814,0.7416612505912781,0.48639288544654846,0.011629211716353893,nan,nan
0,2126,2020-08-26,0.4690000116825104,0.723932147026062,0.4481901228427887,0.01532973162829876,nan,nan
0,2126,2020-08-27,0.3790000081062317,0.8521782755851746,0.5772057771682739,0.022494520992040634,nan,nan
0,2126,2020-08-28,0.4859999716281891,0.6613627672195435,0.509872555732727,0.012944492511451244,nan,nan
0,2126,2020-08-29,0.7820000052452087,1.3091524839401245,0.4253835678100586,0.0006738994852639735,nan,nan
0,2126,2020-08-30,11.616000175476074,4.77487850189209,0.8627385497093201,0.004895343910902739,nan,nan
0,2126,2020-08-31,4.547999858856201,17.94782066345215,0.9887478351593018,1.6789075136184692,nan,nan
0,2126,2020-09-01,2.2339999675750732,2.6280250549316406,0.9969128370285034,0.01127980649471283,nan,nan
0,2126,2020-09-02,1.5010000467300415,1.5967204570770264,0.9876230955123901,0.0017715290887281299,nan,nan
0,2126,2020-09-03,1.0640000104904175,1.042983055114746,0.9479758739471436,0.00046364913578145206,nan,nan
0,2126,2020-09-04,0.8799999952316284,0.8452097177505493,0.924763560295105,0.0019433660199865699,nan,nan
0,2126,2020-09-05,0.7680000066757202,0.9139959216117859,0.9003187417984009,0.009019050747156143,nan,nan
0,2126,2020-09-06,0.9959999918937683,1.352330207824707,0.8677412271499634,0.05468960106372833,nan,nan
0,2126,2020-09-07,1.2660000324249268,1.9602131843566895,0.8460105061531067,3.9700709749013186e-05,nan,nan
0,2126,2020-09-08,0.7400000095367432,0.9662564396858215,0.8116483688354492,0.0017408934654667974,nan,nan
0,2126,2020-09-09,0.6449999809265137,0.829728364944458,0.7436280846595764,0.009312694892287254,nan,nan
0,2126,2020-09-10,0.5929999947547913,0.8643800616264343,0.668904185295105,0.015015954151749611,nan,nan
0,2126,2020-09-11,0.5659999847412109,0.9087817072868347,0.5888610482215881,0.020653922110795975,nan,nan
0,2126,2020-09-12,0.5270000100135803,0.8927369713783264,0.48770666122436523,0.02075524628162384,nan,nan
0,2126,2020-09-13,0.5070000290870667,0.8547869920730591,0.4005551338195801,0.019755391404032707,nan,nan
0,2126,2020-09-14,0.4819999933242798,0.8486522436141968,0.33095306158065796,0.0202720258384943,nan,nan
0,2126,2020-09-15,0.4309999942779541,0.8711544871330261,0.24984726309776306,0.023370666429400444,nan,nan
0,2126,2020-09-16,0.5699999928474426,0.8781953454017639,0.20960897207260132,0.026799509301781654,nan,nan
0,2126,2020-09-17,0.4180000126361847,0.8745761513710022,0.16904543340206146,0.019161297008395195,nan,nan
0,2126,2020-09-18,0.43299999833106995,0.8887124061584473,0.13123719394207,0.028507133945822716,nan,nan
0,2126,2020-09-19,0.4519999921321869,0.9702029228210449,0.0918624997138977,0.03549458086490631,nan,nan
0,2126,2020-09-20,0.4449999928474426,1.0256024599075317,0.06268958747386932,0.04006342217326164,nan,nan
0,2126,2020-09-21,0.5270000100135803,0.9458659291267395,0.041304752230644226,0.032284222543239594,nan,nan
0,2126,2020-09-22,0.4449999928474426,0.8992260098457336,0.029468897730112076,0.02330201305449009,nan,nan
0,2126,2020-09-23,0.5170000195503235,0.8689915537834167,0.020688895136117935,0.023188110440969467,nan,nan
0,2126,2020-09-24,0.5809999704360962,0.847815990447998,0.01437708456069231,0.019713371992111206,nan,nan
0,2126,2020-09-25,1.2940000295639038,1.2266055345535278,0.019972987473011017,0.10453572869300842,nan,nan
0,2126,2020-09-26,1.246000051498413,1.5837171077728271,0.02005920186638832,0.06157149001955986,nan,nan
0,2126,2020-09-27,1.4390000104904175,1.6081773042678833,0.016828715801239014,0.0001248135231435299,nan,nan
0,2126,2020-09-28,0.7379999756813049,1.3559736013412476,0.008787407539784908,0.013821364380419254,nan,nan
0,2126,2020-09-29,0.6439999938011169,1.091115951538086,0.002526778494939208,0.014059355482459068,nan,nan
0,2126,2020-09-30,0.5879999995231628,1.0118910074234009,0.00022880948381498456,0.02146335132420063,nan,nan
0,2126,2020-10-01,0.5400000214576721,0.9023551344871521,0.00018654725863598287,0.020403094589710236,nan,nan
0,2126,2020-10-02,0.5339999794960022,0.8716706037521362,0.0001541995006846264,0.020413899794220924,nan,nan
0,2126,2020-10-03,2.249000072479248,0.8699294328689575,0.0001290639629587531,0.02057849057018757,nan,nan
0,2126,2020-10-04,1.3420000076293945,1.397081971168518,0.00040980218909680843,0.3200651705265045,nan,nan
0,2126,2020-10-05,0.8659999966621399,1.3413957357406616,0.0005920078838244081,0.007614086847752333,nan,nan
0,2126,2020-10-06,0.8830000162124634,1.266006350517273,0.0004174984060227871,0.023725152015686035,nan,nan
0,2126,2020-10-07,0.8410000205039978,1.2874388694763184,0.00029713238473050296,0.011475317180156708,nan,nan
0,2126,2020-10-08,0.9449999928474426,1.284640908241272,0.0002606042835395783,0.005755398888140917,nan,nan
0,2126,2020-10-09,0.734000027179718,1.1273446083068848,0.00024350389139726758,0.020073160529136658,nan,nan
0,2126,2020-10-10,1.4550000429153442,1.093845009803772,0.00020705028146039695,0.02871074713766575,nan,nan
0,2126,2020-10-11,2.390000104904175,1.5010610818862915,0.0006330343312583864,0.13716796040534973,nan,nan
0,2126,2020-10-12,1.7569999694824219,1.4469339847564697,0.00080637022620067,0.013840890489518642,nan,nan
0,2126,2020-10-13,1.284000039100647,1.2431656122207642,0.0006682678940705955,0.000978099531494081,nan,nan
0,2126,2020-10-14,1.0299999713897705,1.1117267608642578,0.0005551152862608433,0.0061111957766115665,nan,nan
0,2126,2020-10-15,0.9490000009536743,1.09311842918396,0.0004640613042283803,0.013807715848088264,nan,nan
0,2126,2020-10-16,1.0889999866485596,1.1731716394424438,0.00044150956091471016,0.001595192588865757,nan,nan
0,2126,2020-10-17,1.4539999961853027,1.236642599105835,0.00047562166582793,0.006971621420234442,nan,nan
0,2126,2020-10-18,1.0729999542236328,1.089280366897583,0.0004471664142329246,0.0017934960778802633,nan,nan
0,2126,2020-10-19,0.9270000457763672,1.0594936609268188,0.00038077717181295156,0.010168235749006271,nan,nan
0,2126,2020-10-20,0.8029999732971191,1.0068751573562622,0.0003254401672165841,0.012551792897284031,nan,nan
0,2126,2020-10-21,0.75,1.0128846168518066,0.00028479041066020727,0.01831820048391819,nan,nan
0,2126,2020-10-22,0.7009999752044678,1.0856794118881226,0.00025987232220359147,0.027034973725676537,nan,nan
0,2126,2020-10-23,1.2259999513626099,1.260925531387329,0.00022559371427632868,0.03507472574710846,nan,nan
0,2126,2020-10-24,2.1649999618530273,1.8814101219177246,0.000459630653494969,0.04720210283994675,nan,nan
0,2126,2020-10-25,1.409999966621399,1.741042971611023,0.0006829671328887343,0.009116328321397305,nan,nan
0,2126,2020-10-26,3.489000082015991,1.6429698467254639,0.0005851876339875162,0.02362685836851597,nan,nan
0,2126,2020-10-27,3.378999948501587,2.4465622901916504,0.0020226729102432728,0.30287429690361023,nan,nan
0,2126,2020-10-28,2.1489999294281006,2.2042853832244873,0.0031216375064104795,2.117875737894792e-05,nan,nan
0,2126,2020-10-29,3.9650001525878906,2.2633678913116455,0.0034514449071139097,0.00047044557868503034,nan,nan
0,2126,2020-10-30,3.265000104904175,2.510321617126465,0.003527891356498003,0.07135313004255295,nan,nan
0,2126,2020-10-31,2.322999954223633,2.2791268825531006,0.0032702332828193903,0.0024673312436789274,nan,nan
0,2126,2020-11-01,1.8589999675750732,2.199758768081665,0.0027248787228018045,0.037142064422369,nan,nan
0,2126,2020-11-02,1.5329999923706055,1.8967448472976685,0.0016044039512053132,0.03661376237869263,nan,nan
0,2126,2020-11-03,1.4830000400543213,1.7517225742340088,0.0011887861182913184,0.043620411306619644,nan,nan
0,2126,2020-11-04,1.7419999837875366,2.1194586753845215,0.0014684777706861496,0.004105276428163052,nan,nan
0,2126,2020-11-05,1.524999976158142,1.8791735172271729,0.0013908850960433483,0.027028823271393776,nan,nan
0,2126,2020-11-06,1.3519999980926514,1.6337599754333496,0.0011799588100984693,0.03173544257879257,nan,nan
0,2126,2020-11-07,1.225000023841858,1.5343737602233887,0.000972089939750731,0.03288091719150543,nan,nan
0,2126,2020-11-08,1.1180000305175781,1.4751315116882324,0.0008258577436208725,0.03512028977274895,nan,nan
0,2126,2020-11-09,1.0399999618530273,1.3556410074234009,0.0005056693335063756,0.030130721628665924,nan,nan
0,2126,2020-11-10,0.9670000672340393,1.2679389715194702,0.0003661569789983332,0.026681168004870415,nan,nan
0,2126,2020-11-11,0.9200000166893005,1.1748816967010498,0.0003178503829985857,0.022732723504304886,nan,nan
0,2126,2020-11-12,0.8330000042915344,1.1309574842453003,0.00028076558373868465,0.02161869965493679,nan,nan
0,2126,2020-11-13,0.7910000085830688,1.179078221321106,0.00024315263726748526,0.030743466690182686,nan,nan
0,2126,2020-11-14,0.7649999856948853,1.1661640405654907,0.0002089711488224566,0.032099828124046326,nan,nan
0,2126,2020-11-15,0.7409999966621399,1.1571897268295288,0.00017565878806635737,0.03285738825798035,nan,nan
0,2126,2020-11-16,1.2070000171661377,1.3293229341506958,0.0001831835979828611,0.0005295375594869256,nan,nan
0,2126,2020-11-17,0.8650000095367432,1.2324320077896118,0.00017931686306837946,0.015497407875955105,nan,nan
0,2126,2020-11-18,0.7990000247955322,1.182484745979309,0.0001575397327542305,0.02912895195186138,nan,nan
0,2126,2020-11-19,0.9760000109672546,1.1684092283248901,0.00013780841254629195,0.03181836009025574,nan,nan
0,2126,2020-11-20,1.00600004196167,1.383772373199463,0.00017090665642172098,0.002133982488885522,nan,nan
0,2126,2020-11-21,0.9070000052452087,1.345805287361145,0.00017847539857029915,0.03576560690999031,nan,nan
0,2126,2020-11-22,0.8429999947547913,1.1822270154953003,0.00011069421452702954,0.026654036715626717,nan,nan
0,2126,2020-11-23,0.7979999780654907,1.0883272886276245,6.731096073053777e-05,0.02216770499944687,nan,nan
0,2126,2020-11-24,0.7739999890327454,1.0829668045043945,6.160147313494235e-05,0.024116462096571922,nan,nan
0,2126,2020-11-25,0.7409999966621399,1.0225436687469482,3.00729698210489e-05,0.02046126127243042,nan,nan
0,2126,2020-11-26,0.7080000042915344,0.9774869680404663,1.3913059774495196e-05,0.018645018339157104,nan,nan
0,2126,2020-11-27,0.6880000233650208,0.9272578954696655,1.15819320853916e-05,0.016548961400985718,nan,nan
0,2126,2020-11-28,0.6779999732971191,0.8610723614692688,1.0531721272855066e-05,0.013024103827774525,nan,nan
0,2126,2020-11-29,0.6629999876022339,0.8403830528259277,8.861436072038487e-06,0.012152764946222305,nan,nan
0,2126,2020-11-30,0.6499999761581421,0.83202064037323,8.7792623162386e-06,0.01222909614443779,nan,nan
0,2126,2020-12-01,0.7850000262260437,0.940822958946228,1.1621952580753714e-05,4.252266990079079e-06,nan,nan
0,2126,2020-12-02,0.7889999747276306,1.0641591548919678,1.6006470104912296e-05,0.0017806336982175708,nan,nan
0,2126,2020-12-03,0.7310000061988831,1.0004581212997437,1.4383011148311198e-05,0.012908464297652245,nan,nan
0,2126,2020-12-04,0.6930000185966492,0.9613766074180603,1.2962017535755876e-05,0.017931761220097542,nan,nan
0,2126,2020-12-05,0.7649999856948853,1.093922734260559,1.8110602468368597e-05,0.00017537122766952962,nan,nan
0,2126,2020-12-06,1.2990000247955322,1.2606513500213623,2.7121548555442132e-05,0.0016910596750676632,nan,nan
0,2126,2020-12-07,1.8459999561309814,1.777912974357605,0.0001512154412921518,0.12457917630672455,nan,nan
0,2126,2020-12-08,1.6260000467300415,1.5684130191802979,0.00029344361973926425,0.010585419833660126,nan,nan
0,2126,2020-12-09,1.5709999799728394,1.4959850311279297,0.0002778679772745818,0.0037981851492077112,nan,nan
0,2126,2020-12-10,1.50600004196167,1.6246825456619263,0.00031750756897963583,0.0017081075347959995,nan,nan
0,2126,2020-12-11,1.3559999465942383,1.4439693689346313,0.00030545753543265164,0.016849415376782417,nan,nan
0,2126,2020-12-12,1.527999997138977,1.4208974838256836,0.00027570067322812974,0.012522917240858078,nan,nan
0,2126,2020-12-13,4.131999969482422,1.602895736694336,0.00035904336255043745,0.008382863365113735,nan,nan
0,2126,2020-12-14,2.924999952316284,1.701500415802002,0.00038150171167217195,0.08220352977514267,nan,nan
0,2126,2020-12-15,2.2960000038146973,1.664469838142395,0.00030894658993929625,0.003387870267033577,nan,nan
0,2126,2020-12-16,2.242000102996826,1.6897469758987427,0.00025290207122452557,0.0034362042788416147,nan,nan
0,2126,2020-12-17,1.8920000791549683,1.714733362197876,0.00022011219698470086,0.0056038834154605865,nan,nan
0,2126,2020-12-18,1.6239999532699585,1.7862244844436646,0.00018982563051395118,0.02417897805571556,nan,nan
0,2126,2020-12-19,1.434000015258789,1.631284475326538,0.00014626885240431875,0.025653213262557983,nan,nan
0,2126,2020-12-20,1.281000018119812,1.5006645917892456,0.00011772798461606726,0.024907948449254036,nan,nan
0,2126,2020-12-21,1.3040000200271606,1.4555004835128784,0.00010229868348687887,0.029677728191018105,nan,nan
0,2126,2020-12-22,2.4140000343322754,1.7201143503189087,0.00014985726738814265,0.0017618086421862245,nan,nan
0,2126,2020-12-23,2.171999931335449,1.8211485147476196,0.0001468528644181788,0.0005157357663847506,nan,nan
0,2126,2020-12-24,8.675999641418457,2.7918381690979004,0.0008091808995231986,0.1160721629858017,nan,nan
0,2126,2020-12-25,6.855000019073486,3.789546012878418,0.0020985333248972893,0.7578380703926086,nan,nan
0,2126,2020-12-26,3.9560000896453857,3.901864528656006,0.002359763951972127,0.11955926567316055,nan,nan
0,2126,2020-12-27,3.0160000324249268,3.370347261428833,0.0021508694626390934,0.05103820562362671,nan,nan
0,2126,2020-12-28,2.5460000038146973,2.794790029525757,0.0017459947848692536,0.05454876273870468,nan,nan
0,2126,2020-12-29,2.0950000286102295,2.626052141189575,0.0015142362099140882,0.040095578879117966,nan,nan
0,2126,2020-12-30,1.815000057220459,2.3280086517333984,0.0012410312192514539,0.06670882552862167,nan,nan
0,2126,2020-12-31,1.6449999809265137,2.0368878841400146,0.0010547442361712456,0.034869372844696045,nan,nan
0,2247,2018-10-19,0.07599999755620956,0.5169069170951843,2.4744842448853888e-05,0.016145776957273483,nan,nan
0,2247,2018-10-20,0.07400000095367432,0.552191436290741,2.2227501176530495e-05,0.018774457275867462,nan,nan
0,2247,2018-10-21,0.0729999989271164,0.5372189283370972,1.984439768420998e-05,0.017767302691936493,nan,nan
0,2247,2018-10-22,0.07100000232458115,0.5404505729675293,1.841684388637077e-05,0.018049510195851326,nan,nan
0,2247,2018-10-23,0.0689999982714653,0.48814886808395386,1.271817473025294e-05,0.01451103575527668,nan,nan
0,2247,2018-10-24,0.06800000369548798,0.46958890557289124,1.0374942576163448e-05,0.013400238938629627,nan,nan
0,2247,2018-10-25,0.06599999964237213,0.4659687280654907,9.769646567292511e-06,0.01321322564035654,nan,nan
0,2247,2018-10-26,0.06499999761581421,0.4700999855995178,8.84042583493283e-06,0.013554291799664497,nan,nan
0,2247,2018-10-27,0.06400000303983688,0.526412844657898,8.266019904112909e-06,0.0044644856825470924,nan,nan
0,2247,2018-10-28,0.06400000303983688,0.7870156168937683,4.615436773747206e-05,0.09295355528593063,nan,nan
0,2247,2018-10-29,0.06400000303983688,0.7509045600891113,7.119909423636273e-05,0.003672608407214284,nan,nan
0,2247,2018-10-30,0.06400000303983688,0.7251912951469421,7.537690544268116e-05,0.001361585222184658,nan,nan
0,2247,2018-10-31,0.06400000303983688,0.6092692017555237,7.081645162543282e-05,0.023917775601148605,nan,nan
0,2247,2018-11-01,0.06400000303983688,0.5623204708099365,6.044861220289022e-05,0.020128371194005013,nan,nan
0,2247,2018-11-02,0.06300000101327896,0.5975146889686584,5.566950494539924e-05,0.008615926839411259,nan,nan
0,2247,2018-11-03,0.06200000271201134,0.5774664282798767,5.065273217041977e-05,0.021366236731410027,nan,nan
0,2247,2018-11-04,0.061000000685453415,0.569389820098877,4.518498099059798e-05,0.02077874168753624,nan,nan
0,2247,2018-11-05,0.06000000238418579,0.5769760012626648,4.007221286883578e-05,0.021429458633065224,nan,nan
0,2247,2018-11-06,0.05900000035762787,0.5861296057701111,3.561373887350783e-05,0.022217221558094025,nan,nan
0,2247,2018-11-07,0.05900000035762787,0.6246336698532104,3.189120252500288e-05,0.025507234036922455,nan,nan
0,2247,2018-11-08,0.05900000035762787,0.9109000563621521,7.490013376809657e-05,0.022691672667860985,nan,nan
0,2247,2018-11-09,0.05900000035762787,0.8142176866531372,0.00010246573219774291,0.0446535162627697,nan,nan
0,2247,2018-11-10,0.06000000238418579,0.7293776273727417,9.045350452652201e-05,0.0354270301759243,nan,nan
0,2247,2018-11-11,0.06000000238418579,0.7776532769203186,8.947859168983996e-05,0.00589261157438159,nan,nan
0,2247,2018-11-12,0.05900000035762787,0.7683148384094238,8.214077388402075e-05,0.031027423217892647,nan,nan
0,2247,2018-11-13,0.06000000238418579,0.7558232545852661,7.526751141995192e-05,0.03818861395120621,nan,nan
0,2247,2018-11-14,0.06000000238418579,0.8543420433998108,8.941606938606128e-05,0.002559913322329521,nan,nan
0,2247,2018-11-15,0.05900000035762787,0.7698929309844971,8.750483539188281e-05,0.039630450308322906,nan,nan
0,2247,2018-11-16,0.05900000035762787,0.7300121188163757,7.89854530012235e-05,0.035492073744535446,nan,nan
0,2247,2018-11-17,0.05900000035762787,0.6850621700286865,7.179054227890447e-05,0.031031718477606773,nan,nan
0,2247,2018-11-18,0.05900000035762787,0.632159411907196,6.482663593487814e-05,0.026165753602981567,nan,nan
0,2247,2018-11-19,0.05900000035762787,0.6027233600616455,5.91765419812873e-05,0.023637816309928894,nan,nan
0,2247,2018-11-20,0.05900000035762787,0.5684630274772644,6.0871705500176176e-05,0.003112565726041794,nan,nan
0,2247,2018-11-21,0.057999998331069946,0.5057170987129211,5.8328074374003336e-05,0.014280466362833977,nan,nan
0,2247,2018-11-22,0.05700000002980232,0.5122278332710266,5.408360084402375e-05,0.015759918838739395,nan,nan
0,2247,2018-11-23,0.05700000002980232,0.5452319979667664,4.950977017870173e-05,0.019167469814419746,nan,nan
0,2247,2018-11-24,0.06300000101327896,0.842759370803833,0.0002248697855975479,0.1038346216082573,nan,nan
0,2247,2018-11-25,0.07000000029802322,0.8278638124465942,0.0004048169357702136,0.04593692719936371,nan,nan
0,2247,2018-11-26,0.07599999755620956,0.7544750571250916,0.0002861223474610597,0.037298962473869324,nan,nan
0,2247,2018-11-27,0.0820000022649765,0.7884017825126648,0.00024524948094040155,0.009409886784851551,nan,nan
0,2247,2018-11-28,0.08699999749660492,0.7468060851097107,0.00022851189714856446,0.03206203877925873,nan,nan
0,2247,2018-11-29,0.09200000017881393,0.7278128266334534,0.00020142605353612453,0.03345261514186859,nan,nan
0,2247,2018-11-30,0.09600000083446503,0.6897421479225159,0.00017916013894136995,0.029468508437275887,nan,nan
0,2247,2018-12-01,0.10999999940395355,0.7262735366821289,0.00016440023318864405,0.02037166990339756,nan,nan
0,2247,2018-12-02,0.13199999928474426,0.7895558476448059,0.00015766009164508432,0.008600578643381596,nan,nan
0,2247,2018-12-03,0.23499998450279236,1.7476457357406616,0.013942337594926357,0.5263053178787231,nan,nan
0,2247,2018-12-04,2.8980000019073486,2.3376033306121826,0.04265093058347702,0.02248949371278286,nan,nan
0,2247,2018-12-05,2.1440000534057617,2.3940346240997314,0.04747530445456505,0.011850684881210327,nan,nan
0,2247,2018-12-06,2.006999969482422,2.13057804107666,0.03884252905845642,0.008092937059700489,nan,nan
0,2247,2018-12-07,2.5769999027252197,1.8748440742492676,0.02789948135614395,0.0013541027437895536,nan,nan
0,2247,2018-12-08,3.069000005722046,2.0538721084594727,0.02407832443714142,0.02874591015279293,nan,nan
0,2247,2018-12-09,5.359000205993652,2.5567095279693604,0.03517604246735573,0.15344654023647308,nan,nan
0,2247,2018-12-10,8.989999771118164,5.12492561340332,0.15690457820892334,0.3309599757194519,nan,nan
0,2247,2018-12-11,8.640000343322754,5.003757476806641,0.25567543506622314,0.3331535756587982,nan,nan
0,2247,2018-12-12,6.7220001220703125,3.9176008701324463,0.22668778896331787,0.2015678435564041,nan,nan
0,2247,2018-12-13,4.546000003814697,3.285064220428467,0.18184810876846313,0.07883305102586746,nan,nan
0,2247,2018-12-14,2.7890000343322754,2.990419387817383,0.13994909822940826,0.0003753647324629128,nan,nan
0,2247,2018-12-15,1.8140000104904175,2.5250847339630127,0.10653506964445114,0.03992881253361702,nan,nan
0,2247,2018-12-16,1.569000005722046,2.31412935256958,0.12325385212898254,0.007456853054463863,nan,nan
0,2247,2018-12-17,1.899999976158142,1.874290108680725,0.10912483930587769,0.036193642765283585,nan,nan
0,2247,2018-12-18,1.690000057220459,1.673890471458435,0.0829814225435257,0.007998126558959484,nan,nan
0,2247,2018-12-19,1.4420000314712524,1.432593584060669,0.061783384531736374,0.008430917747318745,nan,nan
0,2247,2018-12-20,1.6239999532699585,1.7986596822738647,0.06794413179159164,0.01321069523692131,nan,nan
0,2247,2018-12-21,2.315000057220459,1.6830881834030151,0.05856475979089737,0.02635296992957592,nan,nan
0,2247,2018-12-22,7.4160003662109375,5.7298197746276855,0.39632490277290344,0.012214048765599728,nan,nan
0,2247,2018-12-23,6.855000019073486,7.110963344573975,0.5483059883117676,0.2679298222064972,nan,nan
0,2247,2018-12-24,9.470999717712402,11.278526306152344,0.6712533831596375,1.4867228269577026,nan,nan
0,2247,2018-12-25,11.152000427246094,9.221415519714355,0.6977698802947998,0.420342355966568,nan,nan
0,2247,2018-12-26,8.38599967956543,6.239654541015625,0.6679378151893616,0.06293808668851852,nan,nan
0,2247,2018-12-27,5.9710001945495605,5.303989410400391,0.6148691177368164,0.0004876838647760451,nan,nan
0,2247,2018-12-28,3.9000003337860107,4.434826850891113,0.5397332906723022,0.026718197390437126,nan,nan
0,2247,2018-12-29,2.6040000915527344,3.4749515056610107,0.45523202419281006,0.06978976726531982,nan,nan
0,2247,2018-12-30,1.8380000591278076,2.847369432449341,0.3720190227031708,0.10232510417699814,nan,nan
0,2247,2018-12-31,1.343999981880188,2.6019413471221924,0.30054059624671936,0.14974521100521088,nan,nan
0,2247,2019-01-01,1.0299999713897705,2.276906728744507,0.13580957055091858,0.14810456335544586,nan,nan
0,2247,2019-01-02,0.8199999928474426,2.060397148132324,0.09389816969633102,0.12281980365514755,nan,nan
0,2247,2019-01-03,0.6650000214576721,1.6712538003921509,0.06191636994481087,0.09708116948604584,nan,nan
0,2247,2019-01-04,0.5419999957084656,1.4325127601623535,0.04670437052845955,0.07490457594394684,nan,nan
0,2247,2019-01-05,0.453000009059906,1.2908567190170288,0.035863444209098816,0.06585807353258133,nan,nan
0,2247,2019-01-06,0.39800000190734863,1.291313886642456,0.02837052196264267,0.05610132962465286,nan,nan
0,2247,2019-01-07,0.3619999885559082,1.2464747428894043,0.02224462293088436,0.07274766266345978,nan,nan
0,2247,2019-01-08,0.3400000035762787,1.2278847694396973,0.013357730582356453,0.06343377381563187,nan,nan
0,2247,2019-01-09,0.3440000116825104,1.5453836917877197,0.015483507886528969,0.00643661106005311,nan,nan
0,2247,2019-01-10,0.34200000762939453,1.6885640621185303,0.015952959656715393,0.0031607213895767927,nan,nan
0,2247,2019-01-11,0.3310000002384186,1.5235364437103271,0.014397871680557728,0.12046506255865097,nan,nan
0,2247,2019-01-12,0.32100000977516174,1.4099013805389404,0.012002356350421906,0.07682117819786072,nan,nan
0,2247,2019-01-13,0.3190000057220459,1.7120641469955444,0.015597355552017689,0.0013928574044257402,nan,nan
0,2247,2019-01-14,3.24399995803833,2.3623886108398438,0.03539656102657318,0.02461083233356476,nan,nan
0,2247,2019-01-15,3.7239999771118164,2.3772807121276855,0.043708715587854385,0.008107486180961132,nan,nan
0,2247,2019-01-16,2.5139999389648438,2.071570873260498,0.03425668179988861,0.007938534021377563,nan,nan
0,2247,2019-01-17,1.9420000314712524,1.9444334506988525,0.026989050209522247,0.0077677094377577305,nan,nan
0,2247,2019-01-18,1.7089999914169312,1.874752163887024,0.02038082666695118,0.0014629809884354472,nan,nan
0,2247,2019-01-19,1.3509999513626099,1.8060320615768433,0.013368405401706696,0.03706915304064751,nan,nan
0,2247,2019-01-20,1.0579999685287476,1.5227478742599487,0.003776670666411519,0.03168412670493126,nan,nan
0,2247,2019-01-21,0.8479999899864197,1.452895164489746,0.0011065407888963819,0.04432781785726547,nan,nan
0,2247,2019-01-22,0.6880000233650208,1.2107630968093872,0.0006406877655535936,0.03288447484374046,nan,nan
0,2247,2019-01-23,0.5929999947547913,1.040867805480957,0.000447152357082814,0.021922891959547997,nan,nan
0,2247,2019-01-24,0.5180000066757202,1.051283359527588,0.0003818157420028001,0.00600788090378046,nan,nan
0,2247,2019-01-25,0.4399999976158142,0.9859148859977722,0.00032240021391771734,0.030896548181772232,nan,nan
0,2247,2019-01-26,0.39100000262260437,0.8455116748809814,0.00027314707404002547,0.02113991789519787,nan,nan
0,2247,2019-01-27,0.3840000033378601,0.8135862350463867,0.0002406775311101228,0.011541713029146194,nan,nan
0,2247,2019-01-28,0.48100000619888306,1.2373641729354858,0.001034082961268723,0.12181568890810013,nan,nan
0,2247,2019-01-29,0.5389999747276306,1.3744868040084839,0.001465338165871799,0.0009180958149954677,nan,nan
0,2247,2019-01-30,0.5090000033378601,1.3441847562789917,0.0013697257963940501,0.013429089449346066,nan,nan
0,2247,2019-01-31,0.4779999852180481,1.3854446411132812,0.0013455048901960254,0.005385412834584713,nan,nan
0,2247,2019-02-01,0.527999997138977,1.3838976621627808,0.001313387299887836,0.00990377925336361,nan,nan
0,2247,2019-02-02,1.1019999980926514,1.8137012720108032,0.002626506146043539,0.01292442250996828,nan,nan
0,2247,2019-02-03,1.100000023841858,1.8250811100006104,0.002957116812467575,0.008053572848439217,nan,nan
0,2247,2019-02-04,0.9390000104904175,1.6930464506149292,0.0025107134133577347,0.03032594546675682,nan,nan
0,2247,2019-02-05,0.8190000057220459,1.4674127101898193,0.0020234219264239073,0.05536307767033577,nan,nan
0,2247,2019-02-06,0.7179999947547913,1.2745962142944336,0.0016353803221136332,0.041528258472681046,nan,nan
0,2247,2019-02-07,0.6449999809265137,1.1226708889007568,0.0011385958641767502,0.03243076056241989,nan,nan
0,2247,2019-02-08,0.8809999823570251,1.254044532775879,0.00118177046533674,3.0537771067429276e-07,nan,nan
0,2247,2019-02-09,1.0809999704360962,1.2210419178009033,0.0009513507247902453,0.016016416251659393,nan,nan
0,2247,2019-02-10,2.4670000076293945,1.2016772031784058,0.0007646817830391228,0.01047514472156763,nan,nan
0,2247,2019-02-11,5.01800012588501,1.8177858591079712,0.0015144062926992774,0.2557288110256195,nan,nan
0,2247,2019-02-12,3.7119998931884766,2.029134750366211,0.0016199812525883317,0.21612155437469482,nan,nan
0,2247,2019-02-13,2.822000026702881,1.9703619480133057,0.0010198855306953192,0.012657206505537033,nan,nan
0,2247,2019-02-14,2.1110000610351562,1.7963650226593018,0.0008272482082247734,1.849455111369025e-05,nan,nan
0,2247,2019-02-15,1.6419999599456787,1.6019924879074097,0.0006892459350638092,0.004498288966715336,nan,nan
0,2247,2019-02-16,1.4739999771118164,1.534515142440796,0.0005630264640785754,0.01707719825208187,nan,nan
0,2247,2019-02-17,1.4900000095367432,1.481077790260315,0.0004636876401491463,0.021170077845454216,nan,nan
0,2247,2019-02-18,1.5429999828338623,1.3912662267684937,0.00038837568718008697,0.013984577730298042,nan,nan
0,2247,2019-02-19,1.4859999418258667,1.3710377216339111,0.00032501693931408226,0.010709417052567005,nan,nan
0,2247,2019-02-20,1.409999966621399,1.3006047010421753,0.0002730647975113243,0.008888322860002518,nan,nan
0,2247,2019-02-21,1.3509999513626099,1.259181022644043,0.0002297488390468061,0.009271140210330486,nan,nan
0,2247,2019-02-22,1.3650000095367432,1.296649694442749,0.0001898869959404692,0.01364184357225895,nan,nan
0,2247,2019-02-23,1.6579999923706055,1.292146921157837,0.00015514604456257075,0.012797394767403603,nan,nan
0,2247,2019-02-24,1.7760000228881836,1.1979832649230957,0.00013445578224491328,0.001316278357990086,nan,nan
0,2247,2019-02-25,1.6920000314712524,1.2349497079849243,0.00011341171193635091,0.0006613736622966826,nan,nan
0,2247,2019-02-26,1.7960000038146973,1.2591098546981812,5.760839849244803e-05,0.0022067460231482983,nan,nan
0,2247,2019-02-27,1.994999885559082,1.267197847366333,4.007156167062931e-05,0.0009609480039216578,nan,nan
0,2247,2019-02-28,2.2669999599456787,1.3506637811660767,3.3388416341040283e-05,0.0003585187951102853,nan,nan
0,2247,2019-03-01,3.8610000610351562,1.4511997699737549,2.8491629564086907e-05,1.5460051372429007e-06,nan,nan
0,2247,2019-03-02,6.0970001220703125,2.2336158752441406,9.839977428782731e-05,0.2745952308177948,nan,nan
0,2247,2019-03-03,5.434999942779541,2.416908025741577,0.00013970972213428468,0.16632980108261108,nan,nan
0,2247,2019-03-04,5.271999835968018,2.4351706504821777,0.00011895029456354678,0.08245635032653809,nan,nan
0,2247,2019-03-05,4.538000106811523,2.6968326568603516,0.00011323989019729197,0.09118892252445221,nan,nan
0,2247,2019-03-06,3.4730000495910645,2.546751022338867,0.0001104273833334446,0.00999839510768652,nan,nan
0,2247,2019-03-07,3.671999931335449,2.833547830581665,0.00012797572708223015,0.00992383249104023,nan,nan
0,2247,2019-03-08,4.658999919891357,2.673661708831787,0.0001283238671021536,0.0006202172953635454,nan,nan
0,2247,2019-03-09,4.920000076293945,2.667992115020752,0.0001092899328796193,0.01493991818279028,nan,nan
0,2247,2019-03-10,6.043000221252441,3.2582180500030518,0.00016074080485850573,0.0775829330086708,nan,nan
0,2247,2019-03-11,7.033999919891357,3.5901260375976562,0.00018040603026747704,0.055951520800590515,nan,nan
0,2247,2019-03-12,6.10699987411499,4.20677375793457,0.00020227520144544542,0.20175263285636902,nan,nan
0,2247,2019-03-13,5.099999904632568,4.192586421966553,0.0001980113738682121,0.005555673502385616,nan,nan
0,2247,2019-03-14,4.543000221252441,4.173301696777344,0.0002766243414953351,0.00712993647903204,nan,nan
0,2247,2019-03-15,8.218999862670898,5.535079479217529,0.004732360597699881,0.08057783544063568,nan,nan
0,2247,2019-03-16,13.1850004196167,5.713371276855469,0.01295159850269556,0.027702629566192627,nan,nan
0,2247,2019-03-17,12.588000297546387,6.233412265777588,0.019297931343317032,0.36957404017448425,nan,nan
0,2247,2019-03-18,9.96399974822998,7.344849586486816,0.02439437434077263,0.13448123633861542,nan,nan
0,2247,2019-03-19,7.360000133514404,7.006928443908691,0.024987272918224335,0.024043504148721695,nan,nan
0,2247,2019-03-20,5.1539998054504395,6.2245283126831055,0.02165134809911251,0.1663169413805008,nan,nan
0,2247,2019-03-21,3.5399999618530273,5.20779275894165,0.01796354353427887,0.2669377028942108,nan,nan
0,2247,2019-03-22,2.6029999256134033,4.493580341339111,0.014420034363865852,0.3652619421482086,nan,nan
0,2247,2019-03-23,2.0269999504089355,3.8782119750976562,0.011609918437898159,0.3607787787914276,nan,nan
0,2247,2019-03-24,1.684000015258789,3.1625659465789795,0.00965145230293274,0.2565758228302002,nan,nan
0,2247,2019-03-25,1.4839999675750732,2.7440261840820312,0.007924378849565983,0.20481248199939728,nan,nan
0,2247,2019-03-26,1.2879999876022339,2.5856215953826904,0.0061954353004693985,0.1974944919347763,nan,nan
0,2247,2019-03-27,1.1059999465942383,2.2399957180023193,0.004905605688691139,0.14790554344654083,nan,nan
0,2247,2019-03-28,0.9570000171661377,1.8177751302719116,0.003948981873691082,0.09088443964719772,nan,nan
0,2247,2019-03-29,0.8500000238418579,1.6181888580322266,0.0033085772302001715,0.07463164627552032,nan,nan
0,2247,2019-03-30,0.7680000066757202,1.6464576721191406,0.002770742867141962,0.08975137770175934,nan,nan
0,2247,2019-03-31,0.7129999995231628,1.5202326774597168,0.0018714336911216378,0.07815402746200562,nan,nan
0,2247,2019-04-01,0.6840000152587891,1.4536259174346924,0.0013828882947564125,0.07346479594707489,nan,nan
0,2247,2019-04-02,0.6650000214576721,1.4627540111541748,0.0012243265518918633,0.07761657238006592,nan,nan
0,2247,2019-04-03,0.6800000071525574,1.4194692373275757,0.0010960146319121122,0.07297379523515701,nan,nan
0,2247,2019-04-04,0.8240000009536743,2.679731845855713,0.014169581234455109,0.07398305088281631,nan,nan
0,2247,2019-04-05,0.8830000162124634,2.467331886291504,0.021371593698859215,0.06271465867757797,nan,nan
0,2247,2019-04-06,0.9100000262260437,1.9580849409103394,0.016620447859168053,0.13977760076522827,nan,nan
0,2247,2019-04-07,1.3849999904632568,1.793438196182251,0.013096509501338005,0.0866331160068512,nan,nan
0,2247,2019-04-08,2.242000102996826,1.7390223741531372,0.01014466118067503,0.013625889085233212,nan,nan
0,2247,2019-04-09,2.2720000743865967,1.6574033498764038,0.0077126300893723965,0.0035110495518893003,nan,nan
0,2247,2019-04-10,1.9930000305175781,1.5316163301467896,0.0056076450273394585,0.00039091851795092225,nan,nan
0,2247,2019-04-11,1.6649999618530273,1.433213233947754,0.004072275944054127,0.001743377884849906,nan,nan
0,2247,2019-04-12,1.4429999589920044,1.4957722425460815,0.0032317289151251316,0.013482432812452316,nan,nan
0,2247,2019-04-13,1.2430000305175781,1.3714406490325928,0.00152109214104712,0.014659207314252853,nan,nan
0,2247,2019-04-14,1.0529999732971191,1.2438124418258667,0.0008250578539445996,0.014712178148329258,nan,nan
0,2247,2019-04-15,0.8759999871253967,1.2707775831222534,0.000525621697306633,0.02619350515305996,nan,nan
0,2247,2019-04-16,0.7329999804496765,1.136160969734192,0.0004244030569680035,0.02437976375222206,nan,nan
0,2247,2019-04-17,0.6510000228881836,1.0292420387268066,0.0003381760325282812,0.02178608812391758,nan,nan
0,2247,2019-04-18,0.5889999866485596,0.9232329726219177,0.0003007840714417398,0.018909094855189323,nan,nan
0,2247,2019-04-19,0.5509999990463257,0.9195845723152161,0.00030768351280130446,0.021713318303227425,nan,nan
0,2247,2019-04-20,0.5400000214576721,0.9041124582290649,0.00030573460389859974,0.022435558959841728,nan,nan
0,2247,2019-04-21,0.5299999713897705,0.8831614851951599,0.00040411268128082156,0.021317457780241966,nan,nan
0,2247,2019-04-22,0.5199999809265137,0.8959430456161499,0.00046079212916083634,0.022871119901537895,nan,nan
0,2247,2019-04-23,0.503000020980835,0.9113108515739441,0.0006604389636777341,0.02470020204782486,nan,nan
0,2247,2019-04-24,0.48000001907348633,0.9703025817871094,0.0007616890361532569,0.03104352578520775,nan,nan
0,2247,2019-04-25,0.4869999885559082,1.1133067607879639,0.0006692407769151032,0.01589502952992916,nan,nan
0,2247,2019-04-26,0.6370000243186951,1.5489073991775513,0.0009514327975921333,0.04322698339819908,nan,nan
0,2247,2019-04-27,0.8899999856948853,1.3017536401748657,0.001154043129645288,0.025649337098002434,nan,nan
0,2247,2019-04-28,1.5549999475479126,1.410442590713501,0.0014387627597898245,0.013680806383490562,nan,nan
0,2247,2019-04-29,2.312999963760376,1.254560947418213,0.0013340013101696968,0.0004697093681897968,nan,nan
0,2247,2019-04-30,1.7790000438690186,1.0970627069473267,0.001095531857572496,0.011167924851179123,nan,nan
0,2247,2019-05-01,1.305999994277954,1.044180989265442,0.0009086710051633418,0.0007146859425120056,nan,nan
0,2247,2019-05-02,1.0080000162124634,0.9804957509040833,0.000893311167601496,0.0014905940042808652,nan,nan
0,2247,2019-05-03,0.9139999747276306,1.124631404876709,0.00033868980244733393,0.003552473848685622,nan,nan
0,2247,2019-05-04,0.8970000147819519,1.0147299766540527,0.00022789876675233245,0.013559467159211636,nan,nan
0,2247,2019-05-05,1.0110000371932983,1.081478238105774,0.00024201952328439802,0.007579089142382145,nan,nan
0,2247,2019-05-06,1.1670000553131104,0.9734929800033569,0.00023276093997992575,0.007790842093527317,nan,nan
0,2247,2019-05-07,1.0740000009536743,0.9146862626075745,0.00020793739531654865,0.002024211920797825,nan,nan
0,2247,2019-05-08,0.9900000095367432,0.8831287026405334,0.00020135405065957457,0.0027727694250643253,nan,nan
0,2247,2019-05-09,2.5739998817443848,1.6415570974349976,0.0021673969458788633,0.24325650930404663,nan,nan
0,2247,2019-05-10,2.674999952316284,1.764034628868103,0.003432669211179018,0.042570561170578,nan,nan
0,2247,2019-05-11,2.686000108718872,1.702903151512146,0.002808305434882641,0.00651976652443409,nan,nan
0,2247,2019-05-12,3.4130001068115234,1.9516451358795166,0.0027475631795823574,0.046544838696718216,nan,nan
0,2247,2019-05-13,2.7039999961853027,1.8051916360855103,0.003027763217687607,0.01106706541031599,nan,nan
0,2247,2019-05-14,2.0,1.677061915397644,0.003177599748596549,0.0002607851929496974,nan,nan
0,2247,2019-05-15,1.4989999532699585,1.4307819604873657,0.004021819215267897,0.0015894934767857194,nan,nan
0,2247,2019-05-16,1.152999997138977,1.305712103843689,0.0037208618596196175,0.008722782135009766,nan,nan
0,2247,2019-05-17,0.9229999780654907,1.1983636617660522,0.0032635971438139677,0.015538644045591354,nan,nan
0,2247,2019-05-18,0.7799999713897705,1.1442320346832275,0.002660662168636918,0.01985788345336914,nan,nan
0,2247,2019-05-19,0.6809999942779541,1.071227788925171,0.0021585565991699696,0.024101238697767258,nan,nan
0,2247,2019-05-20,0.7009999752044678,1.302069902420044,0.0019198376685380936,0.006228084210306406,nan,nan
0,2247,2019-05-21,1.1950000524520874,1.4937636852264404,0.0022240395192056894,0.0025000437162816525,nan,nan
0,2247,2019-05-22,1.2269999980926514,1.2568000555038452,0.0023198018316179514,0.017747290432453156,nan,nan
0,2247,2019-05-23,1.0089999437332153,1.1012108325958252,0.0023514425847679377,0.0072718109004199505,nan,nan
0,2247,2019-05-24,0.8069999814033508,1.1064717769622803,0.0026391036808490753,0.015577936545014381,nan,nan
0,2247,2019-05-25,0.6570000052452087,1.1155202388763428,0.0019527567783370614,0.026433084160089493,nan,nan
0,2247,2019-05-26,0.597000002861023,1.3865160942077637,0.0013660540571436286,0.004800208378583193,nan,nan
0,2247,2019-05-27,0.5249999761581421,1.1794532537460327,0.0013640949036926031,0.046955060213804245,nan,nan
0,2247,2019-05-28,0.47300001978874207,1.1807444095611572,0.0011449662270024419,0.046358611434698105,nan,nan
0,2247,2019-05-29,0.46000000834465027,1.5139851570129395,0.0012480743462219834,0.0025929061230272055,nan,nan
0,2247,2019-05-30,0.4399999976158142,1.2990362644195557,0.0012782764388248324,0.07463150471448898,nan,nan
0,2247,2019-05-31,0.42100000381469727,1.1465840339660645,0.0013070916756987572,0.05531277507543564,nan,nan
0,2247,2019-06-01,0.39800000190734863,0.9812127947807312,0.0016346967313438654,0.03744008019566536,nan,nan
0,2247,2019-06-02,0.3709999918937683,0.8839832544326782,0.0022452690172940493,0.02925781160593033,nan,nan
0,2247,2019-06-03,0.3499999940395355,0.798250138759613,0.0032323538325726986,0.02323562651872635,nan,nan
0,2247,2019-06-04,0.3319999873638153,0.8211665749549866,0.0036027776077389717,0.02635451778769493,nan,nan
0,2247,2019-06-05,0.32100000977516174,0.7785283923149109,0.007779012434184551,0.02367938496172428,nan,nan
0,2247,2019-06-06,0.3140000104904175,0.9488508105278015,0.010218730196356773,0.040870606899261475,nan,nan
0,2247,2019-06-07,0.3089999854564667,0.9708044528961182,0.0042589143849909306,0.04383329674601555,nan,nan
0,2247,2019-06-08,0.30300000309944153,0.823087751865387,0.0035399561747908592,0.028910255059599876,nan,nan
0,2247,2019-06-09,0.29600000381469727,0.7117666006088257,0.005156757775694132,0.01981838420033455,nan,nan
0,2247,2019-06-10,0.3019999861717224,1.3327035903930664,0.029828332364559174,0.21702449023723602,nan,nan
0,2247,2019-06-11,0.6669999957084656,2.7315640449523926,0.1453641951084137,0.20515106618404388,nan,nan
0,2247,2019-06-12,1.5740000009536743,1.9843565225601196,0.20763330161571503,0.006281866226345301,nan,nan
0,2247,2019-06-13,2.0269999504089355,1.1923681497573853,0.20362964272499084,0.002443788107484579,nan,nan
0,2247,2019-06-14,1.7619999647140503,1.0702797174453735,0.20078887045383453,0.00396623695269227,nan,nan
0,2247,2019-06-15,1.628999948501587,1.4164772033691406,0.16077814996242523,0.014597401022911072,nan,nan
0,2247,2019-06-16,2.315000057220459,1.9131983518600464,0.13708831369876862,0.0405326746404171,nan,nan
0,2247,2019-06-17,1.8700001239776611,1.423911690711975,0.14573827385902405,0.00029108207672834396,nan,nan
0,2247,2019-06-18,1.3960000276565552,1.1947623491287231,0.14528347551822662,2.729389734668075e-06,nan,nan
0,2247,2019-06-19,1.0850000381469727,1.05433189868927,0.15026941895484924,0.0018468331545591354,nan,nan
0,2247,2019-06-20,0.875,0.9632483124732971,0.16562362015247345,0.005262426566332579,nan,nan
0,2247,2019-06-21,0.7059999704360962,1.2060695886611938,0.12547071278095245,0.005490961484611034,nan,nan
0,2247,2019-06-22,0.597000002861023,1.4165292978286743,0.09195797890424728,0.00017752805433701724,nan,nan
0,2247,2019-06-23,0.6150000095367432,1.2234138250350952,0.06923244893550873,0.04936406388878822,nan,nan
0,2247,2019-06-24,0.6039999723434448,0.8766993880271912,0.06480199098587036,0.017196815460920334,nan,nan
0,2247,2019-06-25,0.5350000262260437,0.768697202205658,0.0764661654829979,0.010745731182396412,nan,nan
0,2247,2019-06-26,0.46699997782707214,0.7988090515136719,0.10605882108211517,0.01535581424832344,nan,nan
0,2247,2019-06-27,0.40799999237060547,0.7649358510971069,0.1501852571964264,0.016023587435483932,nan,nan
0,2247,2019-06-28,0.367000013589859,0.6460620760917664,0.24054299294948578,0.01092863641679287,nan,nan
0,2247,2019-06-29,0.3409999907016754,0.6042055487632751,0.3499995470046997,0.010062783025205135,nan,nan
0,2247,2019-06-30,0.32100000977516174,0.6147786378860474,0.4636504054069519,0.011607040651142597,nan,nan
0,2247,2019-07-01,0.30799999833106995,0.6352149844169617,0.5350002646446228,0.013640954159200191,nan,nan
0,2247,2019-07-02,0.2980000078678131,0.6218931674957275,0.6293963193893433,0.013326546177268028,nan,nan
0,2247,2019-07-03,0.289000004529953,0.6860451698303223,0.591255784034729,0.018130749464035034,nan,nan
0,2247,2019-07-04,0.28299999237060547,0.757163941860199,0.49148961901664734,0.015430710278451443,nan,nan
0,2247,2019-07-05,0.2759999930858612,0.65568608045578,0.4200223684310913,0.016643255949020386,nan,nan
0,2247,2019-07-06,0.27000001072883606,0.5392754673957825,0.46113213896751404,0.009711280465126038,nan,nan
0,2247,2019-07-07,0.28600001335144043,0.9664319157600403,0.47016221284866333,0.08589377254247665,nan,nan
0,2247,2019-07-08,0.3019999861717224,0.6247555613517761,0.5848875641822815,0.01441565528512001,nan,nan
0,2247,2019-07-09,0.3070000112056732,0.6239266991615295,0.466757208108902,0.013699047267436981,nan,nan
0,2247,2019-07-10,0.3059999942779541,0.5636939406394958,0.38117292523384094,0.009954825043678284,nan,nan
0,2247,2019-07-11,0.30000001192092896,0.49545925855636597,0.3392324447631836,0.00662196846678853,nan,nan
0,2247,2019-07-12,0.2930000126361847,0.5513277053833008,0.2354162484407425,0.00953188631683588,nan,nan
0,2247,2019-07-13,0.2840000092983246,0.5017644166946411,0.22089740633964539,0.007287014741450548,nan,nan
0,2247,2019-07-14,0.2750000059604645,0.4691782593727112,0.205193430185318,0.006094507407397032,nan,nan
0,2247,2019-07-15,0.26600000262260437,0.47253862023353577,0.15514032542705536,0.006489129737019539,nan,nan
0,2247,2019-07-16,0.2590000033378601,0.46160078048706055,0.10057446360588074,0.006264886353164911,nan,nan
0,2247,2019-07-17,0.25099998712539673,0.41206875443458557,0.10277486592531204,0.0044745635241270065,nan,nan
0,2247,2019-07-18,0.2449999898672104,0.4371144473552704,0.12021414190530777,0.005641187075525522,nan,nan
0,2247,2019-07-19,0.23899999260902405,0.4694530665874481,0.11132625490427017,0.007218035403639078,nan,nan
0,2247,2019-07-20,0.23399999737739563,0.4601495563983917,0.117381751537323,0.006968142930418253,nan,nan
0,2247,2019-07-21,0.2290000021457672,0.44106996059417725,0.1589941382408142,0.006265669595450163,nan,nan
0,2247,2019-07-22,0.22499999403953552,0.47051554918289185,0.17161841690540314,0.007751903962343931,nan,nan
0,2247,2019-07-23,0.22100000083446503,0.49042582511901855,0.19703106582164764,0.008866775780916214,nan,nan
0,2247,2019-07-24,0.21799999475479126,0.5020830631256104,0.25459039211273193,0.009611011482775211,nan,nan
0,2247,2019-07-25,0.21400000154972076,0.4985581636428833,0.344489723443985,0.009525895118713379,nan,nan
0,2247,2019-07-26,0.210999995470047,0.5052868723869324,0.4171048402786255,0.01002629566937685,nan,nan
0,2247,2019-07-27,0.21199999749660492,0.9054209589958191,0.3685024678707123,0.07894010841846466,nan,nan
0,2247,2019-07-28,0.22100000083446503,1.7299860715866089,0.49002426862716675,0.3009525537490845,nan,nan
0,2247,2019-07-29,0.2549999952316284,1.3955236673355103,0.4964919090270996,0.005321503151208162,nan,nan
0,2247,2019-07-30,0.28200000524520874,0.8401466608047485,0.4203236699104309,0.03389733284711838,nan,nan
0,2247,2019-07-31,0.3160000145435333,0.7110785245895386,0.3402336537837982,0.02081126719713211,nan,nan
0,2247,2019-08-01,0.37599998712539673,0.6559045910835266,0.2650471031665802,0.015202908776700497,nan,nan
0,2247,2019-08-02,0.39500001072883606,0.5818126797676086,0.22238203883171082,0.008583107963204384,nan,nan
0,2247,2019-08-03,0.3700000047683716,0.5311669111251831,0.1733449548482895,0.005706057418137789,nan,nan
0,2247,2019-08-04,0.3409999907016754,0.49900272488594055,0.1491420418024063,0.005062792915850878,nan,nan
0,2247,2019-08-05,0.3199999928474426,0.4595121145248413,0.10363343358039856,0.00428672693669796,nan,nan
0,2247,2019-08-06,0.30799999833106995,0.4693862497806549,0.10506743937730789,0.005159755237400532,nan,nan
0,2247,2019-08-07,0.3059999942779541,0.7945898771286011,0.0943138375878334,0.03768164664506912,nan,nan
0,2247,2019-08-08,0.3149999976158142,1.030856728553772,0.06965090334415436,0.010096633806824684,nan,nan
0,2247,2019-08-09,0.3100000023841858,0.7625761032104492,0.07212353497743607,0.023259423673152924,nan,nan
0,2247,2019-08-10,0.3109999895095825,0.811206579208374,0.057690832763910294,0.003095317166298628,nan,nan
0,2247,2019-08-11,0.3240000009536743,0.728818953037262,0.04807675629854202,0.02074204944074154,nan,nan
0,2247,2019-08-12,0.3529999852180481,0.9285602569580078,0.03832384571433067,0.007478118874132633,nan,nan
0,2247,2019-08-13,0.37299999594688416,0.79951411485672,0.02825063467025757,0.022232292219996452,nan,nan
0,2247,2019-08-14,0.34599998593330383,0.6121491193771362,0.021022414788603783,0.010287412442266941,nan,nan
0,2247,2019-08-15,0.3240000009536743,0.5516498684883118,0.01706830970942974,0.008042258210480213,nan,nan
0,2247,2019-08-16,0.31200000643730164,0.5578774809837341,0.013157819397747517,0.009066693484783173,nan,nan
0,2247,2019-08-17,0.30300000309944153,0.5809160470962524,0.010530069470405579,0.010730409994721413,nan,nan
0,2247,2019-08-18,0.29499998688697815,0.5523715615272522,0.013595362193882465,0.009485033340752125,nan,nan
0,2247,2019-08-19,0.33399999141693115,0.8422149419784546,0.015366489067673683,0.1088300347328186,nan,nan
0,2247,2019-08-20,0.6930000185966492,1.0256544351577759,0.013891772367060184,0.04763811454176903,nan,nan
0,2247,2019-08-21,1.1629999876022339,1.400769591331482,0.02655479498207569,0.19754162430763245,nan,nan
0,2247,2019-08-22,0.9490000009536743,1.0274661779403687,0.03976069763302803,0.005835223477333784,nan,nan
0,2247,2019-08-23,0.7149999737739563,0.9018730521202087,0.030044151470065117,0.0063374703750014305,nan,nan
0,2247,2019-08-24,0.5740000009536743,0.9019495844841003,0.023113684728741646,0.014527581632137299,nan,nan
0,2247,2019-08-25,0.4740000367164612,0.8224718570709229,0.017793478444218636,0.015262777917087078,nan,nan
0,2247,2019-08-26,0.4050000011920929,0.700877845287323,0.015239343978464603,0.011647687293589115,nan,nan
0,2247,2019-08-27,0.36000001430511475,0.6387452483177185,0.013505890965461731,0.010624020360410213,nan,nan
0,2247,2019-08-28,0.33500000834465027,0.7303624749183655,0.010101662017405033,0.0031482502818107605,nan,nan
0,2247,2019-08-29,0.3190000057220459,0.7613011002540588,0.008990652859210968,0.022102026268839836,nan,nan
0,2247,2019-08-30,0.30799999833106995,0.7886963486671448,0.007692912593483925,0.025255894288420677,nan,nan
0,2247,2019-08-31,0.3009999990463257,0.7764129638671875,0.006920177023857832,0.02480633370578289,nan,nan
0,2247,2019-09-01,0.2930000126361847,0.7371981143951416,0.007326827850192785,0.021918712183833122,nan,nan
0,2247,2019-09-02,0.28600001335144043,0.704011857509613,0.005965608172118664,0.019146138802170753,nan,nan
0,2247,2019-09-03,0.27799999713897705,0.6156672835350037,0.0046398877166211605,0.013827743008732796,nan,nan
0,2247,2019-09-04,0.2709999978542328,0.5294408798217773,0.004048242699354887,0.009123939089477062,nan,nan
0,2247,2019-09-05,0.2639999985694885,0.5007837414741516,0.0031992883887141943,0.007910769432783127,nan,nan
0,2247,2019-09-06,0.257999986410141,0.46507036685943604,0.0025694244541227818,0.006471401546150446,nan,nan
0,2247,2019-09-07,0.2529999911785126,0.4846247434616089,0.0016615726053714752,0.0075370860286056995,nan,nan
0,2247,2019-09-08,0.24800001084804535,0.49333709478378296,0.0011722557246685028,0.008111130446195602,nan,nan
0,2247,2019-09-09,0.2449999898672104,0.5976430773735046,0.000896489480510354,0.0003768539463635534,nan,nan
0,2247,2019-09-10,0.24199999868869781,0.5593309998512268,0.0006818560068495572,0.011973481625318527,nan,nan
0,2247,2019-09-11,0.23800000548362732,0.5086129903793335,0.0005745819071307778,0.009243391454219818,nan,nan
0,2247,2019-09-12,0.23399999737739563,0.4787184000015259,0.0004913217853754759,0.00786849670112133,nan,nan
0,2247,2019-09-13,0.23000000417232513,0.45975375175476074,0.0004698866978287697,0.007096651941537857,nan,nan
0,2247,2019-09-14,0.22599999606609344,0.48797088861465454,0.0004684287414420396,0.008578718639910221,nan,nan
0,2247,2019-09-15,0.22300000488758087,0.5181873440742493,0.0004257861291989684,0.010311453603208065,nan,nan
0,2247,2019-09-16,0.2199999988079071,0.6056170463562012,0.00041905062971636653,0.015842676162719727,nan,nan
0,2247,2019-09-17,0.21699999272823334,0.6526622176170349,0.00026542911655269563,0.019375959411263466,nan,nan
0,2247,2019-09-18,0.21400000154972076,0.6892749071121216,0.00029019653447903693,0.022406423464417458,nan,nan
0,2247,2019-09-19,0.210999995470047,0.6467987895011902,0.00021348759764805436,0.019223913550376892,nan,nan
0,2247,2019-09-20,0.20800000429153442,0.5872316360473633,0.00012268885620869696,0.015119352377951145,nan,nan
0,2247,2019-09-21,0.20499999821186066,0.5477619171142578,0.0001124784757848829,0.012710681185126305,nan,nan
0,2247,2019-09-22,0.20200000703334808,0.5200842618942261,0.00010249787737848237,0.011179319582879543,nan,nan
0,2247,2019-09-23,0.210999995470047,0.9972981810569763,0.0007758333813399076,0.29980233311653137,nan,nan
0,2247,2019-09-24,0.21699999272823334,0.7979135513305664,0.0022557300981134176,0.03251078724861145,nan,nan
0,2247,2019-09-25,0.21699999272823334,0.7461668848991394,0.001931948121637106,0.01216411218047142,nan,nan
0,2247,2019-09-26,0.21699999272823334,0.7428268194198608,0.0015270393341779709,0.002541046589612961,nan,nan
0,2247,2019-09-27,0.21699999272823334,0.6831239461898804,0.0012973060365766287,0.02061578631401062,nan,nan
0,2247,2019-09-28,0.21799999475479126,0.7330664992332458,0.0010940436040982604,0.016348185017704964,nan,nan
0,2247,2019-09-29,0.2199999988079071,0.6508378386497498,0.0009722608956508338,0.019335057586431503,nan,nan
0,2247,2019-09-30,0.2199999988079071,0.6092128753662109,0.0011095853988081217,0.016223330050706863,nan,nan
0,2247,2019-10-01,0.21899999678134918,0.6337629556655884,0.0009699635556899011,0.01797027699649334,nan,nan
0,2247,2019-10-02,0.22699999809265137,0.9126661419868469,0.001638685935176909,0.06827741116285324,nan,nan
0,2247,2019-10-03,0.2770000100135803,0.9628329277038574,0.0017823108937591314,0.0018279748037457466,nan,nan
0,2247,2019-10-04,0.31200000643730164,0.8729669451713562,0.0015611641574651003,0.035796791315078735,nan,nan
0,2247,2019-10-05,0.3709999918937683,0.9250321984291077,0.001647362601943314,1.495710966992192e-05,nan,nan
0,2247,2019-10-06,0.7549999952316284,0.8302688002586365,0.001476375968195498,0.006294093560427427,nan,nan
0,2247,2019-10-07,1.4199999570846558,1.0058221817016602,0.0017710987012833357,0.03105812519788742,nan,nan
0,2247,2019-10-08,1.1460000276565552,0.8706409931182861,0.0017277307342737913,0.00012588995741680264,nan,nan
0,2247,2019-10-09,0.9200000166893005,0.8141663670539856,0.0014525847509503365,0.0051986463367938995,nan,nan
0,2247,2019-10-10,1.7130000591278076,1.142640233039856,0.0027677826583385468,0.12384095788002014,nan,nan
0,2247,2019-10-11,1.3389999866485596,0.9838449954986572,0.0034196553751826286,0.0010879489127546549,nan,nan
0,2247,2019-10-12,0.9819999933242798,0.892026424407959,0.002871506614610553,7.672206265851855e-05,nan,nan
0,2247,2019-10-13,0.7820000052452087,0.9359625577926636,0.00251635885797441,0.006908786483108997,nan,nan
0,2247,2019-10-14,0.6370000243186951,0.913335382938385,0.002535429550334811,0.012525753118097782,nan,nan
0,2247,2019-10-15,0.5830000042915344,0.9163256883621216,0.0023336722515523434,0.019065340980887413,nan,nan
0,2247,2019-10-16,1.343000054359436,1.546716332435608,0.012160532176494598,0.16535460948944092,nan,nan
0,2247,2019-10-17,1.284000039100647,1.2453455924987793,0.023040805011987686,0.010864282958209515,nan,nan
0,2247,2019-10-18,1.0470000505447388,1.166033387184143,0.019518544897437096,0.0004280174325685948,nan,nan
0,2247,2019-10-19,5.577000141143799,3.514756202697754,0.2522222399711609,0.1482047140598297,nan,nan
0,2247,2019-10-20,9.16100025177002,6.102445602416992,0.43230870366096497,0.01018977165222168,nan,nan
0,2247,2019-10-21,7.989999771118164,7.615033149719238,0.43578189611434937,0.009517543949186802,nan,nan
0,2247,2019-10-22,8.359000205993652,6.9993438720703125,0.3411678671836853,0.0069185709580779076,nan,nan
0,2247,2019-10-23,6.415999889373779,5.169823169708252,0.26716816425323486,0.0029034523759037256,nan,nan
0,2247,2019-10-24,4.415999889373779,4.2176103591918945,0.22856569290161133,0.0007048578117974102,nan,nan
0,2247,2019-10-25,2.8369998931884766,3.326383113861084,0.18415695428848267,0.017834316939115524,nan,nan
0,2247,2019-10-26,1.929999828338623,2.5915420055389404,0.14418818056583405,0.04389918968081474,nan,nan
0,2247,2019-10-27,1.3769999742507935,2.2163329124450684,0.11289279162883759,0.07071741670370102,nan,nan
0,2247,2019-10-28,1.0549999475479126,1.8209809064865112,0.08773821592330933,0.06501194089651108,nan,nan
0,2247,2019-10-29,0.8790000081062317,2.030153512954712,0.0876215398311615,0.007211069110780954,nan,nan
0,2247,2019-10-30,0.753000020980835,1.870822787284851,0.07365407794713974,0.1180998757481575,nan,nan
0,2247,2019-10-31,0.640999972820282,1.6326535940170288,0.04729989171028137,0.0978330597281456,nan,nan
0,2247,2019-11-01,0.5559999942779541,1.3238857984542847,0.036350272595882416,0.04415677487850189,nan,nan
0,2247,2019-11-02,0.9710000157356262,1.686331868171692,0.04953358694911003,0.016652964055538177,nan,nan
0,2247,2019-11-03,2.3329999446868896,2.02656626701355,0.0557224415242672,0.022158799692988396,nan,nan
0,2247,2019-11-04,4.519999980926514,2.7714507579803467,0.08297121524810791,0.09501983225345612,nan,nan
0,2247,2019-11-05,5.091000080108643,2.9020462036132812,0.07987742125988007,0.06404567509889603,nan,nan
0,2247,2019-11-06,4.934000015258789,3.0821032524108887,0.06574264913797379,0.10254756361246109,nan,nan
0,2247,2019-11-07,4.186999797821045,2.783851385116577,0.05410952866077423,0.01574169285595417,nan,nan
0,2247,2019-11-08,3.322999954223633,2.8527393341064453,0.04163852334022522,0.02469770610332489,nan,nan
0,2247,2019-11-09,2.569000005722046,2.540325403213501,0.028720634058117867,0.011062259785830975,nan,nan
0,2247,2019-11-10,1.959999918937683,2.1449646949768066,0.021549062803387642,0.018173519521951675,nan,nan
0,2247,2019-11-11,1.4609999656677246,1.8319035768508911,0.016220713034272194,0.0243496336042881,nan,nan
0,2247,2019-11-12,1.1579999923706055,1.553871512413025,0.01237858459353447,0.01710086688399315,nan,nan
0,2247,2019-11-13,0.9629999995231628,1.4992029666900635,0.009387129917740822,0.03873192518949509,nan,nan
0,2247,2019-11-14,0.8130000233650208,1.2979823350906372,0.003919485956430435,0.03421774134039879,nan,nan
0,2247,2019-11-15,0.7049999833106995,1.2842166423797607,0.0020031093154102564,0.009609523229300976,nan,nan
0,2247,2019-11-16,0.628000020980835,1.2177187204360962,0.0016911355778574944,0.04335944727063179,nan,nan
0,2247,2019-11-17,0.5609999895095825,1.0735132694244385,0.0003954132553189993,0.03328297287225723,nan,nan
0,2247,2019-11-18,0.5289999842643738,1.3402249813079834,0.0006120034959167242,0.037554703652858734,nan,nan
0,2247,2019-11-19,0.5210000276565552,1.19167959690094,0.0006802216521464288,0.053621940314769745,nan,nan
0,2247,2019-11-20,0.5109999775886536,1.0194501876831055,0.0005536587559618056,0.034753620624542236,nan,nan
0,2247,2019-11-21,0.515999972820282,0.9376145005226135,0.0003849538916256279,0.02752142772078514,nan,nan
0,2247,2019-11-22,0.5870000123977661,0.911909282207489,0.000328841240843758,0.021045710891485214,nan,nan
0,2247,2019-11-23,0.8820000290870667,0.9722319841384888,0.00027696473989635706,0.026255134493112564,nan,nan
0,2247,2019-11-24,0.98499995470047,1.002866268157959,0.00022940670896787196,0.014115629717707634,nan,nan
0,2247,2019-11-25,0.9369999766349792,1.048890471458435,0.00019307855109218508,0.012844418175518513,nan,nan
0,2247,2019-11-26,0.8500000238418579,1.1166260242462158,0.00016335640975739807,0.01964498683810234,nan,nan
0,2247,2019-11-27,0.7860000133514404,1.2851753234863281,0.00017723318887874484,0.0026368030812591314,nan,nan
0,2247,2019-11-28,1.6269999742507935,1.4741588830947876,0.00017389166168868542,0.00014990735508035868,nan,nan
0,2247,2019-11-29,5.63700008392334,2.4299540519714355,0.001338257105089724,0.18740776181221008,nan,nan
0,2247,2019-11-30,8.427000045776367,3.081019878387451,0.002758633578196168,0.31110718846321106,nan,nan
0,2247,2019-12-01,7.751999855041504,3.1067633628845215,0.002707549836486578,0.40386882424354553,nan,nan
0,2247,2019-12-02,6.048999786376953,3.637735605239868,0.0031086893286556005,0.3264850676059723,nan,nan
0,2247,2019-12-03,4.23799991607666,3.3119277954101562,0.0027348853182047606,0.024281412363052368,nan,nan
0,2247,2019-12-04,2.9049999713897705,2.9071431159973145,0.0019154723268002272,0.0025545803364366293,nan,nan
0,2247,2019-12-05,2.0769999027252197,2.427131414413452,0.001556197414174676,0.023373397067189217,nan,nan
0,2247,2019-12-06,1.5119999647140503,2.0005643367767334,0.0011755089508369565,0.03294289484620094,nan,nan
0,2247,2019-12-07,1.1859999895095825,1.7018157243728638,0.0009146715747192502,0.039577607065439224,nan,nan
0,2247,2019-12-08,1.027999997138977,1.6006641387939453,0.0007257318357005715,0.049852680414915085,nan,nan
0,2247,2019-12-09,1.187999963760376,1.5778107643127441,0.0006172432913444936,0.033354680985212326,nan,nan
0,2247,2019-12-10,3.005000114440918,2.395172595977783,0.0034486777149140835,0.08270066976547241,nan,nan
0,2247,2019-12-11,2.4130001068115234,1.9769350290298462,0.006744155660271645,0.00016545357357244939,nan,nan
0,2247,2019-12-12,2.0869998931884766,1.960200309753418,0.00845902319997549,0.036973368376493454,nan,nan
0,2247,2019-12-13,2.4140000343322754,2.2036242485046387,0.011261574923992157,0.04275006428360939,nan,nan
0,2247,2019-12-14,4.40500020980835,2.8593146800994873,0.022310273721814156,0.0905294269323349,nan,nan
0,2247,2019-12-15,6.866000175476074,2.8815627098083496,0.02678372897207737,0.00890241377055645,nan,nan
0,2247,2019-12-16,6.539999961853027,3.099099636077881,0.022729329764842987,0.127135768532753,nan,nan
0,2247,2019-12-17,5.3470001220703125,3.206632614135742,0.015300936996936798,0.073066845536232,nan,nan
0,2247,2019-12-18,4.176000118255615,3.184098243713379,0.010876164771616459,0.0046125310473144054,nan,nan
0,2247,2019-12-19,3.1989998817443848,3.2082231044769287,0.008562110364437103,0.020544230937957764,nan,nan
0,2247,2019-12-20,2.8389999866485596,2.9951066970825195,0.006685361266136169,0.06558473408222198,nan,nan
0,2247,2019-12-21,5.431000232696533,4.7326812744140625,0.045214343816041946,0.008768133819103241,nan,nan
0,2247,2019-12-22,5.806000232696533,4.617967128753662,0.07205922901630402,0.004079351667314768,nan,nan
0,2247,2019-12-23,8.664999961853027,6.762930393218994,0.21382255852222443,0.001871344167739153,nan,nan
0,2247,2019-12-24,10.50100040435791,6.503330230712891,0.28728511929512024,0.0016227418091148138,nan,nan
0,2247,2019-12-25,11.444999694824219,8.967732429504395,0.35225003957748413,0.01879921182990074,nan,nan
0,2247,2019-12-26,8.675000190734863,7.6058125495910645,0.3680686354637146,0.00033489364432170987,nan,nan
0,2247,2019-12-27,8.142000198364258,7.325918674468994,0.4479357898235321,0.0006629851995967329,nan,nan
0,2247,2019-12-28,9.642999649047852,7.677929401397705,0.40702322125434875,0.09769527614116669,nan,nan
0,2247,2019-12-29,7.408999919891357,6.665414333343506,0.3697609603404999,0.01658344641327858,nan,nan
0,2247,2019-12-30,5.385000228881836,5.746294021606445,0.28969481587409973,0.07240493595600128,nan,nan
0,2247,2019-12-31,3.566999912261963,4.731969356536865,0.22690175473690033,0.12024669349193573,nan,nan
0,2247,2020-01-01,2.507999897003174,3.9613213539123535,0.1722390204668045,0.20681674778461456,nan,nan
0,2247,2020-01-02,1.8370000123977661,3.2789759635925293,0.13111352920532227,0.2062472105026245,nan,nan
0,2247,2020-01-03,1.4170000553131104,2.752372980117798,0.099184550344944,0.18326179683208466,nan,nan
0,2247,2020-01-04,1.2029999494552612,2.417653799057007,0.07502161711454391,0.13930661976337433,nan,nan
0,2247,2020-01-05,1.128999948501587,2.198976993560791,0.05691808834671974,0.14292220771312714,nan,nan
0,2247,2020-01-06,1.0130000114440918,1.8291349411010742,0.04285457357764244,0.09032569080591202,nan,nan
0,2247,2020-01-07,0.8920000195503235,1.8555686473846436,0.03242824971675873,0.10759274661540985,nan,nan
0,2247,2020-01-08,0.7850000262260437,1.6490637063980103,0.01616017147898674,0.0858217105269432,nan,nan
0,2247,2020-01-09,0.6859999895095825,1.6017054319381714,0.007670173887163401,0.08926079422235489,nan,nan
0,2247,2020-01-10,0.6240000128746033,1.5824992656707764,0.005556326825171709,0.08712023496627808,nan,nan
0,2247,2020-01-11,0.6209999918937683,1.6423290967941284,0.004234135616570711,0.10585383325815201,nan,nan
0,2247,2020-01-12,0.6039999723434448,1.5393871068954468,0.0029534357599914074,0.0963907390832901,nan,nan
0,2247,2020-01-13,0.5609999895095825,1.4526482820510864,0.0018389889737591147,0.08400151133537292,nan,nan
0,2247,2020-01-14,0.5230000019073486,1.365885853767395,0.0014076955849304795,0.07492802292108536,nan,nan
0,2247,2020-01-15,0.4790000021457672,1.2605311870574951,0.0011165539035573602,0.06335030496120453,nan,nan
0,2247,2020-01-16,0.4390000104904175,1.2732254266738892,0.0008879436063580215,0.06908539682626724,nan,nan
0,2247,2020-01-17,0.4059999883174896,1.2520023584365845,0.0007160074892453849,0.06972550600767136,nan,nan
0,2247,2020-01-18,0.46399998664855957,1.5778015851974487,0.0008739612530916929,0.005060793366283178,nan,nan
0,2247,2020-01-19,0.5519999861717224,1.3219531774520874,0.0003448065253905952,0.07768840342760086,nan,nan
0,2247,2020-01-20,0.5299999713897705,1.2502342462539673,0.00016960162611212581,0.059449702501297,nan,nan
0,2247,2020-01-21,0.4819999933242798,1.083689570426941,8.845394768286496e-05,0.04093977063894272,nan,nan
0,2247,2020-01-22,0.4440000057220459,1.0057910680770874,4.17126138927415e-05,0.03591865673661232,nan,nan
0,2247,2020-01-23,0.40799999237060547,0.9265497326850891,3.116815787507221e-05,0.03048345446586609,nan,nan
0,2247,2020-01-24,0.382999986410141,0.8788206577301025,1.7238953660125844e-05,0.02818906679749489,nan,nan
0,2247,2020-01-25,0.3619999885559082,0.853385865688324,1.0910577657341491e-05,0.027338160201907158,nan,nan
0,2247,2020-01-26,0.34700000286102295,0.8131533861160278,9.516333193460014e-06,0.024983622133731842,nan,nan
0,2247,2020-01-27,0.34299999475479126,0.8353193998336792,7.366724275925662e-06,0.010186195373535156,nan,nan
0,2247,2020-01-28,0.4650000035762787,1.0024759769439697,1.2335374776739627e-05,0.004666814114898443,nan,nan
0,2247,2020-01-29,1.1169999837875366,1.4432671070098877,6.126765947556123e-05,0.08121122419834137,nan,nan
0,2247,2020-01-30,1.7419999837875366,1.423073649406433,0.00010233624198008329,4.0062182961264625e-05,nan,nan
0,2247,2020-01-31,5.204999923706055,1.549135684967041,0.00013396269059740007,0.028847279027104378,nan,nan
0,2247,2020-02-01,5.584000110626221,1.6984847784042358,0.00016228748427238315,0.2020663470029831,nan,nan
0,2247,2020-02-02,5.635000228881836,2.074119806289673,0.00016573524044360965,0.27168864011764526,nan,nan
0,2247,2020-02-03,8.902999877929688,3.5977745056152344,0.0017946286825463176,0.6774882674217224,nan,nan
0,2247,2020-02-04,8.625,4.3894171714782715,0.003625373123213649,0.5042688250541687,nan,nan
0,2247,2020-02-05,7.806000232696533,5.030848979949951,0.004809231963008642,0.2581317126750946,nan,nan
0,2247,2020-02-06,6.014999866485596,4.500269412994385,0.005233511794358492,0.01945279911160469,nan,nan
0,2247,2020-02-07,4.230999946594238,3.845538377761841,0.004487813450396061,2.1488389393198304e-05,nan,nan
0,2247,2020-02-08,2.9730000495910645,3.2963263988494873,0.003702427027747035,0.024869421496987343,nan,nan
0,2247,2020-02-09,2.193000078201294,2.7344179153442383,0.0029839056078344584,0.05046303570270538,nan,nan
0,2247,2020-02-10,2.4700000286102295,2.3101720809936523,0.0023751389235258102,0.05110732838511467,nan,nan
0,2247,2020-02-11,4.234000205993652,2.527837038040161,0.0027674392331391573,0.011902542784810066,nan,nan
0,2247,2020-02-12,4.480999946594238,2.427346706390381,0.002682848833501339,0.054174747318029404,nan,nan
0,2247,2020-02-13,3.375,2.2799768447875977,0.00221646879799664,0.0264529250562191,nan,nan
0,2247,2020-02-14,4.732999801635742,3.4324047565460205,0.012280243448913097,0.19241397082805634,nan,nan
0,2247,2020-02-15,5.4039998054504395,3.164492607116699,0.023860247805714607,0.0005685199284926057,nan,nan
0,2247,2020-02-16,4.508999824523926,2.964890241622925,0.017804965376853943,0.018918955698609352,nan,nan
0,2247,2020-02-17,4.044000148773193,2.749918222427368,0.016327740624547005,0.0015698802890256047,nan,nan
0,2247,2020-02-18,3.802000045776367,3.197110891342163,0.016514990478754044,0.00449673505499959,nan,nan
0,2247,2020-02-19,3.2260000705718994,3.1164207458496094,0.013952785171568394,0.02068796008825302,nan,nan
0,2247,2020-02-20,2.943000078201294,3.045473575592041,0.01211617887020111,0.01324709877371788,nan,nan
0,2247,2020-02-21,2.809000015258789,2.741352081298828,0.009786565788090229,0.032507143914699554,nan,nan
0,2247,2020-02-22,2.440000057220459,2.571106433868408,0.007759276777505875,0.04361957684159279,nan,nan
0,2247,2020-02-23,1.9559998512268066,2.353466749191284,0.006289380602538586,0.04584339261054993,nan,nan
0,2247,2020-02-24,1.684000015258789,2.127194404602051,0.005877679213881493,0.05622577667236328,nan,nan
0,2247,2020-02-25,1.4900000095367432,2.164583683013916,0.004861277528107166,0.08693085610866547,nan,nan
0,2247,2020-02-26,2.5460000038146973,2.751145124435425,0.00880108680576086,6.074767043173779e-06,nan,nan
0,2247,2020-02-27,2.565999984741211,2.8072519302368164,0.009571601636707783,0.020100204274058342,nan,nan
0,2247,2020-02-28,3.4800000190734863,2.9571847915649414,0.011410649865865707,0.029451463371515274,nan,nan
0,2247,2020-02-29,3.863999843597412,2.6476125717163086,0.012030413374304771,0.006131468806415796,nan,nan
0,2247,2020-03-01,8.458000183105469,3.532095432281494,0.02288408763706684,0.10640957951545715,nan,nan
0,2247,2020-03-02,7.978000164031982,4.337757110595703,0.034023791551589966,0.17701569199562073,nan,nan
0,2247,2020-03-03,7.458000183105469,5.625612258911133,0.059389520436525345,0.243562251329422,nan,nan
0,2247,2020-03-04,6.185999870300293,4.9251861572265625,0.06798451393842697,0.001370097161270678,nan,nan
0,2247,2020-03-05,5.664000034332275,4.477648735046387,0.05882137641310692,0.0018582622287794948,nan,nan
0,2247,2020-03-06,10.01200008392334,12.105727195739746,0.596127450466156,1.0782244205474854,nan,nan
0,2247,2020-03-07,9.22700023651123,7.875785827636719,0.865303635597229,0.13605159521102905,nan,nan
0,2247,2020-03-08,7.264999866485596,6.659785270690918,0.8398491144180298,0.039983175694942474,nan,nan
0,2247,2020-03-09,5.579999923706055,6.350009441375732,0.8138432502746582,0.08679793030023575,nan,nan
0,2247,2020-03-10,5.409999847412109,4.832961082458496,0.7764694690704346,0.040163520723581314,nan,nan
0,2247,2020-03-11,7.256999969482422,5.494804859161377,0.7566652297973633,0.041492801159620285,nan,nan
0,2247,2020-03-12,6.65500020980835,5.461302757263184,0.7319929003715515,0.04755745083093643,nan,nan
0,2247,2020-03-13,5.310999870300293,5.329164505004883,0.6692969799041748,0.0658714696764946,nan,nan
0,2247,2020-03-14,3.995999813079834,4.242332458496094,0.5002813339233398,0.05126769095659256,nan,nan
0,2247,2020-03-15,2.9709999561309814,3.4130053520202637,0.35900744795799255,0.053146861493587494,nan,nan
0,2247,2020-03-16,2.255000114440918,2.9035935401916504,0.2955651879310608,0.07346174120903015,nan,nan
0,2247,2020-03-17,1.7410000562667847,2.8213918209075928,0.2403252273797989,0.13973723351955414,nan,nan
0,2247,2020-03-18,1.4259999990463257,2.591414451599121,0.1832934319972992,0.16084808111190796,nan,nan
0,2247,2020-03-19,1.2259999513626099,2.1979148387908936,0.1435818374156952,0.1218075379729271,nan,nan
0,2247,2020-03-20,1.0959999561309814,1.9421855211257935,0.11269376426935196,0.09882181137800217,nan,nan
0,2247,2020-03-21,1.0839999914169312,2.1058640480041504,0.09004129469394684,0.085652194917202,nan,nan
0,2247,2020-03-22,1.003999948501587,1.9407172203063965,0.07120821624994278,0.1147720217704773,nan,nan
0,2247,2020-03-23,0.8920000195503235,1.7960373163223267,0.055413827300071716,0.0982084646821022,nan,nan
0,2247,2020-03-24,0.7760000228881836,1.5367223024368286,0.043610744178295135,0.06884042173624039,nan,nan
0,2247,2020-03-25,0.6679999828338623,1.410312533378601,0.0346444733440876,0.06162422522902489,nan,nan
0,2247,2020-03-26,0.5879999995231628,1.3593640327453613,0.023314276710152626,0.06413651257753372,nan,nan
0,2247,2020-03-27,0.5189999938011169,1.3200583457946777,0.018122578039765358,0.0658109188079834,nan,nan
0,2247,2020-03-28,0.4650000035762787,1.194573163986206,0.014075539074838161,0.054962363094091415,nan,nan
0,2247,2020-03-29,0.42500001192092896,1.2194197177886963,0.008668339811265469,0.06282161921262741,nan,nan
0,2247,2020-03-30,0.3930000066757202,1.1677435636520386,0.00495690805837512,0.05932541564106941,nan,nan
0,2247,2020-03-31,0.3700000047683716,1.1715930700302124,0.002774119144305587,0.06260468065738678,nan,nan
0,2247,2020-04-01,0.35499998927116394,1.051958441734314,0.0018218298209831119,0.04913556948304176,nan,nan
0,2247,2020-04-02,0.34200000762939453,0.9855101108551025,0.0010707307374104857,0.04251859337091446,nan,nan
0,2247,2020-04-03,0.3310000002384186,1.0321937799453735,0.000980276265181601,0.048920489847660065,nan,nan
0,2247,2020-04-04,0.32100000977516174,0.9135469198226929,0.00012003137089777738,0.036407437175512314,nan,nan
0,2247,2020-04-05,0.3140000104904175,0.8538928031921387,1.3625523024529684e-05,0.03108791820704937,nan,nan
0,2247,2020-04-06,0.30799999833106995,0.8466657400131226,1.5285368135664612e-05,0.030826237052679062,nan,nan
0,2247,2020-04-07,0.3019999861717224,0.8488596677780151,1.8049135178443976e-05,0.031406912952661514,nan,nan
0,2247,2020-04-08,0.296999990940094,0.8898316621780396,2.3132348360377364e-05,0.03588036075234413,nan,nan
0,2247,2020-04-09,0.29100000858306885,0.8659145832061768,2.4664363081683405e-05,0.03377690538764,nan,nan
0,2247,2020-04-10,0.2849999964237213,0.8442128896713257,2.5770345018827356e-05,0.03201472386717796,nan,nan
0,2247,2020-04-11,0.2800000011920929,0.8181972503662109,3.392460712348111e-05,0.0298923347145319,nan,nan
0,2247,2020-04-12,0.2750000059604645,0.7814252376556396,4.329607691033743e-05,0.026816939935088158,nan,nan
0,2247,2020-04-13,0.27000001072883606,0.7465038895606995,4.832780541619286e-05,0.024064475670456886,nan,nan
0,2247,2020-04-14,0.2639999985694885,0.6919657588005066,5.905325087951496e-05,0.01992507092654705,nan,nan
0,2247,2020-04-15,0.2590000033378601,0.6256924271583557,7.050473504932597e-05,0.015417107380926609,nan,nan
0,2247,2020-04-16,0.2540000081062317,0.5973888635635376,8.850971062202007e-05,0.013767620548605919,nan,nan
0,2247,2020-04-17,0.24899999797344208,0.5976597666740417,0.00010608597949612886,0.013990916311740875,nan,nan
0,2247,2020-04-18,0.24400000274181366,0.6185787320137024,0.00012273367610760033,0.015587825328111649,nan,nan
0,2247,2020-04-19,0.23899999260902405,0.6595849394798279,0.00011929252650588751,0.018738018348813057,nan,nan
0,2247,2020-04-20,0.23399999737739563,0.6578765511512756,0.000115785667730961,0.01885014772415161,nan,nan
0,2247,2020-04-21,0.23100000619888306,0.6296125650405884,0.00012699095532298088,0.01702410727739334,nan,nan
0,2247,2020-04-22,0.22699999809265137,0.6073638200759888,0.0001245425082743168,0.01561120804399252,nan,nan
0,2247,2020-04-23,0.22300000488758087,0.5820558667182922,0.00014587203622795641,0.014102816581726074,nan,nan
0,2247,2020-04-24,0.2199999988079071,0.568720281124115,0.0001801200269255787,0.013415328226983547,nan,nan
0,2247,2020-04-25,0.2160000056028366,0.5632739067077637,0.0001955038751475513,0.013194301165640354,nan,nan
0,2247,2020-04-26,0.21299999952316284,0.6195605397224426,0.00016945807146839797,0.015562728978693485,nan,nan
0,2247,2020-04-27,0.210999995470047,0.7245611548423767,0.0001455470483051613,0.00112381880171597,nan,nan
0,2247,2020-04-28,0.20900000631809235,0.8328020572662354,0.00011986550816800445,0.0012617359170690179,nan,nan
0,2247,2020-04-29,0.2070000022649765,0.9878247976303101,0.00014130229828879237,0.009799015708267689,nan,nan
0,2247,2020-04-30,0.2070000022649765,0.9042628407478333,0.00012886844342574477,0.012342730537056923,nan,nan
0,2247,2020-05-01,0.20999999344348907,1.2751810550689697,0.0005681511829607189,0.10243908315896988,nan,nan
0,2247,2020-05-02,0.2199999988079071,1.2780909538269043,0.0007586422143504024,0.0052288793958723545,nan,nan
0,2247,2020-05-03,0.24299998581409454,1.2002217769622803,0.0007112707244232297,0.0005786488763988018,nan,nan
0,2247,2020-05-04,0.27000001072883606,0.9257116913795471,0.0006862136069685221,0.04389034956693649,nan,nan
0,2247,2020-05-05,0.3479999899864197,0.9552570581436157,0.0006097938166931272,0.0030242623761296272,nan,nan
0,2247,2020-05-06,0.9580000042915344,1.0826958417892456,0.0005232063704170287,0.004792802967131138,nan,nan
0,2247,2020-05-07,0.8569999933242798,0.9649949073791504,0.0004568116564769298,0.009066201746463776,nan,nan
0,2247,2020-05-08,0.6069999933242798,0.8542556166648865,0.0005048847524449229,0.006843897048383951,nan,nan
0,2247,2020-05-09,0.46399998664855957,0.8093499541282654,0.000598144659306854,0.013042265549302101,nan,nan
0,2247,2020-05-10,0.38600000739097595,0.8238476514816284,0.0008897471707314253,0.020490268245339394,nan,nan
0,2247,2020-05-11,1.9249999523162842,1.4578183889389038,0.002819971414282918,0.11385814100503922,nan,nan
0,2247,2020-05-12,3.759000062942505,1.9031282663345337,0.004034810699522495,0.09801623970270157,nan,nan
0,2247,2020-05-13,2.453000068664551,1.5874544382095337,0.004248829558491707,0.05060037225484848,nan,nan
0,2247,2020-05-14,3.006999969482422,1.9951210021972656,0.011073721572756767,0.2119991034269333,nan,nan
0,2247,2020-05-15,2.5409998893737793,1.5757193565368652,0.014402574859559536,0.00935008842498064,nan,nan
0,2247,2020-05-16,1.8459999561309814,1.4415558576583862,0.01110617071390152,0.0026792476419359446,nan,nan
0,2247,2020-05-17,1.3329999446868896,1.1878221035003662,0.010045632719993591,4.274754132893577e-07,nan,nan
0,2247,2020-05-18,0.9710000157356262,0.9386395812034607,0.010768412612378597,0.0005060597904957831,nan,nan
0,2247,2020-05-19,0.7390000224113464,0.8374170660972595,0.013126649893820286,0.003389354795217514,nan,nan
0,2247,2020-05-20,0.5820000171661377,0.7903347015380859,0.020277123898267746,0.007388144265860319,nan,nan
0,2247,2020-05-21,0.47700002789497375,0.7808449864387512,0.029946431517601013,0.012279657647013664,nan,nan
0,2247,2020-05-22,0.4090000092983246,0.8705320358276367,0.042266204953193665,0.0235865730792284,nan,nan
0,2247,2020-05-23,0.3970000147819519,0.8901603817939758,0.04736650362610817,0.02917531318962574,nan,nan
0,2247,2020-05-24,0.49399998784065247,1.1716063022613525,0.053130678832530975,0.008983253501355648,nan,nan
0,2247,2020-05-25,0.43299999833106995,0.9612898826599121,0.05620867758989334,0.030734170228242874,nan,nan
0,2247,2020-05-26,0.36899998784065247,0.7980940937995911,0.05631745234131813,0.02003718912601471,nan,nan
0,2247,2020-05-27,0.3330000042915344,0.6879254579544067,0.06536693871021271,0.015068063512444496,nan,nan
0,2247,2020-05-28,0.3140000104904175,0.6078816056251526,0.07904413342475891,0.011504055932164192,nan,nan
0,2247,2020-05-29,0.30399999022483826,0.6034777760505676,0.08493874222040176,0.011963834054768085,nan,nan
0,2247,2020-05-30,0.29499998688697815,0.5186884999275208,0.0986315906047821,0.0077524445950984955,nan,nan
0,2247,2020-05-31,0.28600001335144043,0.546150803565979,0.09216740727424622,0.009427674114704132,nan,nan
0,2247,2020-06-01,0.27799999713897705,0.5518894791603088,0.10016725212335587,0.010046329349279404,nan,nan
0,2247,2020-06-02,0.27000001072883606,0.5762383937835693,0.10261082649230957,0.011719662696123123,nan,nan
0,2247,2020-06-03,0.2630000114440918,0.5724120736122131,0.11588772386312485,0.011797047220170498,nan,nan
0,2247,2020-06-04,0.26100000739097595,1.1441391706466675,0.18329653143882751,0.14221090078353882,nan,nan
0,2247,2020-06-05,0.26100000739097595,1.0215705633163452,0.16566821932792664,0.0051298486068844795,nan,nan
0,2247,2020-06-06,0.2619999945163727,0.8130804300308228,0.1241966187953949,0.020052749663591385,nan,nan
0,2247,2020-06-07,0.27000001072883606,0.9532473087310791,0.10551141947507858,0.014330749399960041,nan,nan
0,2247,2020-06-08,0.28200000524520874,0.8767685890197754,0.08365390449762344,0.024551279842853546,nan,nan
0,2247,2020-06-09,0.28999999165534973,1.0141865015029907,0.04482043907046318,7.021038527454948e-06,nan,nan
0,2247,2020-06-10,0.30300000309944153,0.9289175271987915,0.03431772068142891,0.005626133643090725,nan,nan
0,2247,2020-06-11,0.36000001430511475,0.8822664022445679,0.019159235060214996,0.009118161164224148,nan,nan
0,2247,2020-06-12,0.656000018119812,0.8090522885322571,0.010549653321504593,0.024741830304265022,nan,nan
0,2247,2020-06-13,0.7509999871253967,0.7312164902687073,0.008225377649068832,0.007118353620171547,nan,nan
0,2247,2020-06-14,1.1059999465942383,1.0114814043045044,0.008922778069972992,0.037281084805727005,nan,nan
0,2247,2020-06-15,0.8930000066757202,1.0023574829101562,0.007879725657403469,0.006323002744466066,nan,nan
0,2247,2020-06-16,0.6850000023841858,0.9152368307113647,0.005792335141450167,0.008655352517962456,nan,nan
0,2247,2020-06-17,1.312000036239624,1.3723057508468628,0.011464310809969902,0.18963079154491425,nan,nan
0,2247,2020-06-18,2.010999917984009,1.3833943605422974,0.012851539999246597,0.002216307446360588,nan,nan
0,2247,2020-06-19,1.593999981880188,1.4078799486160278,0.009400712326169014,0.001304955338127911,nan,nan
0,2247,2020-06-20,1.6009999513626099,1.363539695739746,0.006775197107344866,0.00016291778592858464,nan,nan
0,2247,2020-06-21,1.3910000324249268,1.1986900568008423,0.00553392106667161,0.0021563104819506407,nan,nan
0,2247,2020-06-22,1.1119999885559082,1.0597423315048218,0.0046586329117417336,0.0020540340337902308,nan,nan
0,2247,2020-06-23,0.8709999918937683,0.9415496587753296,0.004561348352581263,0.003833705559372902,nan,nan
0,2247,2020-06-24,0.6830000281333923,0.895003616809845,0.00941480789333582,0.008348877541720867,nan,nan
0,2247,2020-06-25,0.5519999861717224,0.925814151763916,0.015115536749362946,0.01758795604109764,nan,nan
0,2247,2020-06-26,0.4610000252723694,0.8809539079666138,0.01969452016055584,0.02053678035736084,nan,nan
0,2247,2020-06-27,0.41600000858306885,0.9451594948768616,0.017930893227458,0.028051309287548065,nan,nan
0,2247,2020-06-28,0.3709999918937683,0.9208706617355347,0.022634271532297134,0.03166388347744942,nan,nan
0,2247,2020-06-29,0.37400001287460327,1.2861367464065552,0.0228413175791502,0.011622417718172073,nan,nan
0,2247,2020-06-30,0.3889999985694885,1.0640816688537598,0.02597666159272194,0.05029531568288803,nan,nan
0,2247,2020-07-01,0.375,0.8187848329544067,0.032197821885347366,0.023986434563994408,nan,nan
0,2247,2020-07-02,0.36000001430511475,0.7910834550857544,0.037252772599458694,0.022434785962104797,nan,nan
0,2247,2020-07-03,0.3409999907016754,0.747510552406311,0.020411495119333267,0.019752606749534607,nan,nan
0,2247,2020-07-04,0.3199999928474426,0.6930685043334961,0.017279475927352905,0.01665290631353855,nan,nan
0,2247,2020-07-05,0.3070000112056732,0.6106946468353271,0.018161293119192123,0.012164978310465813,nan,nan
0,2247,2020-07-06,0.2980000078678131,0.5431769490242004,0.020748034119606018,0.008871612139046192,nan,nan
0,2247,2020-07-07,0.289000004529953,0.5803959965705872,0.019163616001605988,0.011213376186788082,nan,nan
0,2247,2020-07-08,0.27900001406669617,0.5451411604881287,0.022038044407963753,0.009578564204275608,nan,nan
0,2247,2020-07-09,0.26899999380111694,0.5053675770759583,0.0290512815117836,0.007883994840085506,nan,nan
0,2247,2020-07-10,0.25999999046325684,0.4919288456439972,0.0469927117228508,0.0075484514236450195,nan,nan
0,2247,2020-07-11,0.25200000405311584,0.7235623598098755,0.0469047911465168,0.031246758997440338,nan,nan
0,2247,2020-07-12,0.2449999898672104,0.6554176807403564,0.05724220722913742,0.018051059916615486,nan,nan
0,2247,2020-07-13,0.23899999260902405,0.5634505152702332,0.06321744620800018,0.01222013495862484,nan,nan
0,2247,2020-07-14,0.2329999804496765,0.5289835929870605,0.06487791985273361,0.010447237640619278,nan,nan
0,2247,2020-07-15,0.2280000001192093,0.5337766408920288,0.0748121440410614,0.010933865793049335,nan,nan
0,2247,2020-07-16,0.22300000488758087,0.6035690307617188,0.03849169611930847,0.015484386123716831,nan,nan
0,2247,2020-07-17,0.2199999988079071,0.5715933442115784,0.023673739284276962,0.013597097247838974,nan,nan
0,2247,2020-07-18,0.2160000056028366,0.5233992338180542,0.017280617728829384,0.01081865094602108,nan,nan
0,2247,2020-07-19,0.21199999749660492,0.4469378590583801,0.01925070956349373,0.007039117161184549,nan,nan
0,2247,2020-07-20,0.20800000429153442,0.4229164123535156,0.022540954872965813,0.006093377713114023,nan,nan
0,2247,2020-07-21,0.20499999821186066,0.4241507053375244,0.028352728113532066,0.006256054155528545,nan,nan
0,2247,2020-07-22,0.2029999941587448,0.5818725228309631,0.023693032562732697,0.0007907524122856557,nan,nan
0,2247,2020-07-23,0.2029999941587448,0.5968420505523682,0.019480442628264427,0.01612265408039093,nan,nan
0,2247,2020-07-24,0.20000000298023224,0.5393685698509216,0.0217894334346056,0.012394588440656662,nan,nan
0,2247,2020-07-25,0.19699999690055847,0.573074221611023,0.017181869596242905,0.014648236334323883,nan,nan
0,2247,2020-07-26,0.1940000057220459,0.5521724224090576,0.01846197433769703,0.013424674049019814,nan,nan
0,2247,2020-07-27,0.19099999964237213,0.5430037975311279,0.02583152987062931,0.012971753254532814,nan,nan
0,2247,2020-07-28,0.18799999356269836,0.49105802178382874,0.04030843824148178,0.010055791586637497,nan,nan
0,2247,2020-07-29,0.18400000035762787,0.47993233799934387,0.05539633706212044,0.009559869766235352,nan,nan
0,2247,2020-07-30,0.1809999942779541,0.47875818610191345,0.0644671693444252,0.009634238667786121,nan,nan
0,2247,2020-07-31,0.17800000309944153,0.49545395374298096,0.07992322742938995,0.010654998011887074,nan,nan
0,2247,2020-08-01,0.17399999499320984,0.4988653361797333,0.12800262868404388,0.010957060381770134,nan,nan
0,2247,2020-08-02,0.17399999499320984,0.7443233132362366,0.11424855887889862,0.014062892645597458,nan,nan
0,2247,2020-08-03,0.1770000010728836,0.9240902662277222,0.08529950678348541,0.011924189515411854,nan,nan
0,2247,2020-08-04,0.1770000010728836,0.9442808628082275,0.06657333672046661,0.0115120904520154,nan,nan
0,2247,2020-08-05,0.17499999701976776,0.6775638461112976,0.05230387672781944,0.02355971746146679,nan,nan
0,2247,2020-08-06,0.17299999296665192,0.5426272749900818,0.04514053463935852,0.013715259730815887,nan,nan
0,2247,2020-08-07,0.17000000178813934,0.47840553522109985,0.042789965867996216,0.009996176697313786,nan,nan
0,2247,2020-08-08,0.16699999570846558,0.47323349118232727,0.04451846703886986,0.00982030387967825,nan,nan
0,2247,2020-08-09,0.164000004529953,0.43486347794532776,0.04043159633874893,0.007952657528221607,nan,nan
0,2247,2020-08-10,0.16099999845027924,0.4350433051586151,0.0452093668282032,0.008055241778492928,nan,nan
0,2247,2020-08-11,0.15800000727176666,0.5677518844604492,0.03487829491496086,0.003194132586941123,nan,nan
0,2247,2020-08-12,0.15600000321865082,0.6179090738296509,0.027823515236377716,0.019761336967349052,nan,nan
0,2247,2020-08-13,0.15399999916553497,0.6703914403915405,0.02607843466103077,0.024090168997645378,nan,nan
0,2247,2020-08-14,0.15399999916553497,0.8241876363754272,0.018716171383857727,7.166920568124624e-06,nan,nan
0,2247,2020-08-15,0.15299999713897705,0.75081467628479,0.013581421226263046,0.027509676292538643,nan,nan
0,2247,2020-08-16,0.15199999511241913,0.5836007595062256,0.011589258909225464,0.017453158274292946,nan,nan
0,2247,2020-08-17,0.15199999511241913,0.5887853503227234,0.00878236349672079,0.0018508100183680654,nan,nan
0,2247,2020-08-18,0.15000000596046448,0.5727707147598267,0.006241445895284414,0.016030147671699524,nan,nan
0,2247,2020-08-19,0.14800000190734863,0.616612434387207,0.004297618288546801,0.013232220895588398,nan,nan
0,2247,2020-08-20,0.1459999978542328,0.5303471088409424,0.0033571638632565737,0.014039631932973862,nan,nan
0,2247,2020-08-21,0.14399999380111694,0.4732341170310974,0.0054940772242844105,0.010669367387890816,nan,nan
0,2247,2020-08-22,0.1420000046491623,0.5132720470428467,0.011089053004980087,0.013119494542479515,nan,nan
0,2247,2020-08-23,0.13899999856948853,0.577308177947998,0.00878172367811203,0.01750866137444973,nan,nan
0,2247,2020-08-24,0.13699999451637268,0.5507945418357849,0.007690517697483301,0.015782341361045837,nan,nan
0,2247,2020-08-25,0.13500000536441803,0.4806157052516937,0.006623275578022003,0.011422262527048588,nan,nan
0,2247,2020-08-26,0.13300000131130219,0.4212595224380493,0.007102996110916138,0.0082933958619833,nan,nan
0,2247,2020-08-27,0.13099999725818634,0.3959091305732727,0.009678426198661327,0.007143189199268818,nan,nan
0,2247,2020-08-28,0.1289999932050705,0.41471758484840393,0.009287197142839432,0.008097581565380096,nan,nan
0,2247,2020-08-29,0.1289999932050705,0.8552217483520508,0.03659117966890335,0.3272884488105774,nan,nan
0,2247,2020-08-30,0.1289999932050705,0.9059230089187622,0.04327775537967682,0.007841330952942371,nan,nan
0,2247,2020-08-31,0.12999999523162842,0.9581658840179443,0.03616109490394592,0.026224054396152496,nan,nan
0,2247,2020-09-01,0.12999999523162842,0.7485421895980835,0.033357925713062286,0.03277076035737991,nan,nan
0,2247,2020-09-02,0.12999999523162842,0.6238783597946167,0.02478826232254505,0.02163664810359478,nan,nan
0,2247,2020-09-03,0.12800000607967377,0.591030478477478,0.01741102524101734,0.019086239859461784,nan,nan
0,2247,2020-09-04,0.12700000405311584,0.5044574737548828,0.014058589935302734,0.01321068312972784,nan,nan
0,2247,2020-09-05,0.125,0.4617757797241211,0.012459130957722664,0.010711167939007282,nan,nan
0,2247,2020-09-06,0.12400000542402267,0.46035251021385193,0.01312826294451952,0.010703339241445065,nan,nan
0,2247,2020-09-07,0.12200000137090683,0.5020068287849426,0.00953017920255661,0.013218067586421967,nan,nan
0,2247,2020-09-08,0.12000000476837158,0.5320786833763123,0.00732186995446682,0.015253454446792603,nan,nan
0,2247,2020-09-09,0.11800000071525574,0.5506371855735779,0.005645325873047113,0.016616756096482277,nan,nan
0,2247,2020-09-10,0.11599999666213989,0.5281471610069275,0.005022810772061348,0.015161954797804356,nan,nan
0,2247,2020-09-11,0.11500000208616257,0.5530944466590881,0.0045757838524878025,0.016971321776509285,nan,nan
0,2247,2020-09-12,0.11400000005960464,0.5360798835754395,0.003433378878980875,0.01583004929125309,nan,nan
0,2247,2020-09-13,0.1120000034570694,0.5220139026641846,0.002996157156303525,0.014923950657248497,nan,nan
0,2247,2020-09-14,0.10899999737739563,0.5022546052932739,0.0026607138570398092,0.013720563612878323,nan,nan
0,2247,2020-09-15,0.1080000028014183,0.5037236213684082,0.0022716603707522154,0.013937938027083874,nan,nan
0,2247,2020-09-16,0.10599999874830246,0.5080975294113159,0.002219534246250987,0.014262186363339424,nan,nan
0,2247,2020-09-17,0.10599999874830246,0.5633425116539001,0.0018344204872846603,0.01817411743104458,nan,nan
0,2247,2020-09-18,0.10499999672174454,0.5642526149749756,0.00215125922113657,0.018240973353385925,nan,nan
0,2247,2020-09-19,0.10300000011920929,0.5993444323539734,0.001885738573037088,0.020962921902537346,nan,nan
0,2247,2020-09-20,0.10100000351667404,0.6240490078926086,0.0014065492432564497,0.023061413317918777,nan,nan
0,2247,2020-09-21,0.09799999743700027,0.8590008020401001,0.001792250550352037,0.05029296875,nan,nan
0,2247,2020-09-22,0.09200000017881393,0.7426782846450806,0.0019089970737695694,0.02619348093867302,nan,nan
0,2247,2020-09-23,0.09700000286102295,0.8639345765113831,0.002164414618164301,0.018809102475643158,nan,nan
0,2247,2020-09-24,0.09799999743700027,0.8464332222938538,0.0018847695318982005,0.008860628120601177,nan,nan
0,2247,2020-09-25,0.10199999809265137,0.999130129814148,0.0021117336582392454,0.022850729525089264,nan,nan
0,2247,2020-09-26,0.10999999940395355,1.4692927598953247,0.0045667989179492,0.09858382493257523,nan,nan
0,2247,2020-09-27,0.12000000476837158,1.0700753927230835,0.0029383960645645857,0.020600616931915283,nan,nan
0,2247,2020-09-28,0.12800000607967377,0.9222436547279358,0.0019861410837620497,0.013109262101352215,nan,nan
0,2247,2020-09-29,0.1379999965429306,0.8706809878349304,0.0018687956035137177,0.0007889257976785302,nan,nan
0,2247,2020-09-30,0.1509999930858612,0.7062495350837708,0.0014758192701265216,0.028263241052627563,nan,nan
0,2247,2020-10-01,0.15600000321865082,0.647009551525116,0.0011999764246866107,0.02241595648229122,nan,nan
0,2247,2020-10-02,0.1589999943971634,0.6801475882530212,0.0010177104268223047,0.007210777141153812,nan,nan
0,2247,2020-10-03,0.18199999630451202,1.2653474807739258,0.01046737190335989,0.3653486967086792,nan,nan
0,2247,2020-10-04,0.2449999898672104,1.3296666145324707,0.016851533204317093,0.008012393489480019,nan,nan
0,2247,2020-10-05,0.31200000643730164,1.0226666927337646,0.014968971721827984,0.0554797388613224,nan,nan
0,2247,2020-10-06,0.6140000224113464,1.0726099014282227,0.013083449564874172,0.004441063851118088,nan,nan
0,2247,2020-10-07,1.2619999647140503,1.1259592771530151,0.010991554707288742,3.454097532085143e-05,nan,nan
0,2247,2020-10-08,1.8200000524520874,1.0931415557861328,0.0088573032990098,2.6413115392642794e-06,nan,nan
0,2247,2020-10-09,1.3370000123977661,0.9545508623123169,0.0070289308205246925,0.003398542059585452,nan,nan
0,2247,2020-10-10,1.1549999713897705,1.0086315870285034,0.0057056015357375145,0.0025168436113744974,nan,nan
0,2247,2020-10-11,1.2289999723434448,1.016998291015625,0.004553608130663633,0.00031219347147271037,nan,nan
0,2247,2020-10-12,1.0180000066757202,0.9291208386421204,0.003653354477137327,0.00034238724038004875,nan,nan
0,2247,2020-10-13,0.8169999718666077,0.8134139180183411,0.002910615410655737,0.0018895877292379737,nan,nan
0,2247,2020-10-14,0.6489999890327454,0.8278921842575073,0.002327358117327094,0.0045622712932527065,nan,nan
0,2247,2020-10-15,0.5270000100135803,0.784654974937439,0.001869905972853303,0.010027941316366196,nan,nan
0,2247,2020-10-16,0.4490000009536743,0.7127204537391663,0.0015240272041410208,0.0047829714603722095,nan,nan
0,2247,2020-10-17,0.3970000147819519,0.6759864091873169,0.0012415674282237887,0.01113424263894558,nan,nan
0,2247,2020-10-18,0.3569999933242798,0.6638753414154053,0.001002242206595838,0.012390254065394402,nan,nan
0,2247,2020-10-19,0.32899999618530273,0.6640474200248718,0.0008272502454929054,0.01400673296302557,nan,nan
0,2247,2020-10-20,0.31299999356269836,0.6164584755897522,0.0005151203367859125,0.012164043262600899,nan,nan
0,2247,2020-10-21,0.3050000071525574,0.6425942778587341,0.00040273566264659166,0.014448387548327446,nan,nan
0,2247,2020-10-22,0.29899999499320984,0.6886072158813477,0.00040807289769873023,0.017989329993724823,nan,nan
0,2247,2020-10-23,0.5640000104904175,1.2751085758209229,0.001020515337586403,0.055186863988637924,nan,nan
0,2247,2020-10-24,3.4739999771118164,3.596548080444336,0.1271483600139618,0.43255674839019775,nan,nan
0,2247,2020-10-25,2.305000066757202,2.710719585418701,0.5617840886116028,0.01706116460263729,nan,nan
0,2247,2020-10-26,3.312000036239624,6.644562244415283,0.7354456782341003,0.4660908877849579,nan,nan
0,2247,2020-10-27,4.605999946594238,3.700702428817749,0.7518616914749146,0.021660102531313896,nan,nan
0,2247,2020-10-28,3.6679999828338623,3.666825294494629,0.6966127157211304,0.011397198773920536,nan,nan
0,2247,2020-10-29,4.073999881744385,3.905531167984009,0.6421681642532349,0.04069080203771591,nan,nan
0,2247,2020-10-30,4.264999866485596,3.2056148052215576,0.5829681754112244,0.012784477323293686,nan,nan
0,2247,2020-10-31,3.009000062942505,3.0266833305358887,0.5163796544075012,0.00614057295024395,nan,nan
0,2247,2020-11-01,2.2300000190734863,2.1034393310546875,0.34447646141052246,0.002171339699998498,nan,nan
0,2247,2020-11-02,1.690000057220459,1.7792704105377197,0.2635026276111603,0.008934656158089638,nan,nan
0,2247,2020-11-03,1.2730000019073486,1.639706015586853,0.20193010568618774,0.02277751825749874,nan,nan
0,2247,2020-11-04,1.1610000133514404,1.9911448955535889,0.17658120393753052,0.02780698426067829,nan,nan
0,2247,2020-11-05,0.9980000257492065,1.5133095979690552,0.14584104716777802,0.04367375373840332,nan,nan
0,2247,2020-11-06,0.8050000071525574,1.2495654821395874,0.1161632239818573,0.02745111845433712,nan,nan
0,2247,2020-11-07,0.6620000004768372,1.1068928241729736,0.0914916917681694,0.025787150487303734,nan,nan
0,2247,2020-11-08,0.5580000281333923,1.0312691926956177,0.07182616740465164,0.02722323127090931,nan,nan
0,2247,2020-11-09,0.4779999852180481,0.9575210809707642,0.056832876056432724,0.026601314544677734,nan,nan
0,2247,2020-11-10,0.4180000126361847,0.9222320318222046,0.04499000683426857,0.028048524633049965,nan,nan
0,2247,2020-11-11,0.37700000405311584,0.84083092212677,0.03560051694512367,0.02427595667541027,nan,nan
0,2247,2020-11-12,0.3479999899864197,0.8698129653930664,0.028393225744366646,0.0291940588504076,nan,nan
0,2247,2020-11-13,0.3310000002384186,0.9449207186698914,0.0224936380982399,0.038563407957553864,nan,nan
0,2247,2020-11-14,0.3190000057220459,0.9192979335784912,0.017837658524513245,0.037007272243499756,nan,nan
0,2247,2020-11-15,0.3109999895095825,0.9050519466400146,0.014206343330442905,0.03632551059126854,nan,nan
0,2247,2020-11-16,0.34200000762939453,1.2476145029067993,0.020190931856632233,0.0364738292992115,nan,nan
0,2247,2020-11-17,0.43299999833106995,1.0392334461212158,0.021994465962052345,0.04344634711742401,nan,nan
0,2247,2020-11-18,0.4339999854564667,0.9286623001098633,0.017576774582266808,0.03136188164353371,nan,nan
0,2247,2020-11-19,0.42399999499320984,0.9239529967308044,0.014065657742321491,0.03084808588027954,nan,nan
0,2247,2020-11-20,0.6439999938011169,1.0795801877975464,0.013813924975693226,0.0003186784451827407,nan,nan
0,2247,2020-11-21,0.8579999804496765,1.1382077932357788,0.011970117688179016,0.038907214999198914,nan,nan
0,2247,2020-11-22,0.734000027179718,0.8938234448432922,0.002812444232404232,0.008709228597581387,nan,nan
0,2247,2020-11-23,0.6169999837875366,0.8687753081321716,0.00014550653577316552,0.011702796444296837,nan,nan
0,2247,2020-11-24,0.5339999794960022,0.809864342212677,5.6312950619030744e-05,0.012677596881985664,nan,nan
0,2247,2020-11-25,0.46699997782707214,0.7583578824996948,4.1033181332750246e-05,0.012787709012627602,nan,nan
0,2247,2020-11-26,0.4180000126361847,0.712684690952301,3.4724140277830884e-05,0.012625168077647686,nan,nan
0,2247,2020-11-27,0.38199999928474426,0.6912544965744019,3.1081901397556067e-05,0.013246485963463783,nan,nan
0,2247,2020-11-28,0.3569999933242798,0.6540800333023071,2.827807838912122e-05,0.012380382046103477,nan,nan
0,2247,2020-11-29,0.3409999907016754,0.6220350861549377,2.626580317155458e-05,0.011430704966187477,nan,nan
0,2247,2020-11-30,0.33000001311302185,0.6103454232215881,2.530338679207489e-05,0.011348485946655273,nan,nan
0,2247,2020-12-01,0.3240000009536743,0.7129204273223877,3.2703421311452985e-05,0.0009823774453252554,nan,nan
0,2247,2020-12-02,0.3199999928474426,0.7521384954452515,3.77913165721111e-05,0.0002093613293254748,nan,nan
0,2247,2020-12-03,0.3160000145435333,0.6894997954368591,3.529904279275797e-05,0.016910651698708534,nan,nan
0,2247,2020-12-04,0.3160000145435333,0.6738789081573486,3.343872958794236e-05,0.013201574794948101,nan,nan
0,2247,2020-12-05,0.3330000042915344,1.2187045812606812,0.0009715881897136569,0.3026694059371948,nan,nan
0,2247,2020-12-06,0.34200000762939453,1.0605095624923706,0.0027084911707788706,0.03264928609132767,nan,nan
0,2247,2020-12-07,0.34599998593330383,0.9599267840385437,0.0023807622492313385,0.033776190131902695,nan,nan
0,2247,2020-12-08,0.34599998593330383,0.9085280895233154,0.002113460563123226,0.02722589671611786,nan,nan
0,2247,2020-12-09,0.34599998593330383,0.8879947662353516,0.0019434791756793857,0.012171875685453415,nan,nan
0,2247,2020-12-10,0.3440000116825104,0.864996075630188,0.0017240807646885514,0.026916278526186943,nan,nan
0,2247,2020-12-11,0.3440000116825104,0.7571320533752441,0.0015165681252256036,0.02110564336180687,nan,nan
0,2247,2020-12-12,0.6909999847412109,1.0759466886520386,0.003662474686279893,0.07146989554166794,nan,nan
0,2247,2020-12-13,2.569000005722046,1.2456454038619995,0.004724737256765366,0.01570861041545868,nan,nan
0,2247,2020-12-14,2.009000062942505,1.214869499206543,0.004545149393379688,0.014251901768147945,nan,nan
0,2247,2020-12-15,1.7899999618530273,1.1958693265914917,0.0030138702131807804,0.0061063505709171295,nan,nan
0,2247,2020-12-16,3.8289999961853027,1.7255874872207642,0.004149069543927908,0.06746573001146317,nan,nan
0,2247,2020-12-17,3.2799999713897705,1.730342149734497,0.004688815679401159,0.03945315256714821,nan,nan
0,2247,2020-12-18,2.8420000076293945,1.712654709815979,0.003946188371628523,0.01542194839566946,nan,nan
0,2247,2020-12-19,2.4670000076293945,1.6350200176239014,0.003043585456907749,0.002674315357580781,nan,nan
0,2247,2020-12-20,2.062999963760376,1.6239125728607178,0.0023724783677607775,0.00011685305798891932,nan,nan
0,2247,2020-12-21,2.0390000343322754,1.6896940469741821,0.00222562113776803,0.0015263049863278866,nan,nan
0,2247,2020-12-22,2.4570000171661377,1.7948180437088013,0.002175963018089533,0.0066576143726706505,nan,nan
0,2247,2020-12-23,2.5380001068115234,1.8395031690597534,0.0019030454568564892,0.0016176546923816204,nan,nan
0,2247,2020-12-24,3.190999984741211,2.197471857070923,0.00204774783924222,0.019032752141356468,nan,nan
0,2247,2020-12-25,3.3299999237060547,2.2675514221191406,0.001943248906172812,0.01873985305428505,nan,nan
0,2247,2020-12-26,2.700000047683716,2.0758469104766846,0.0016794163966551423,0.011525233276188374,nan,nan
0,2247,2020-12-27,2.183000087738037,1.8553115129470825,0.0014051462057977915,0.0010711350478231907,nan,nan
0,2247,2020-12-28,2.183000087738037,2.0855727195739746,0.0026287368964403868,0.08958490192890167,nan,nan
0,2247,2020-12-29,2.0480000972747803,2.1969518661499023,0.0033779011573642492,0.02929455041885376,nan,nan
0,2247,2020-12-30,1.6460000276565552,2.2466158866882324,0.004151393659412861,0.02091166563332081,nan,nan
0,2247,2020-12-31,1.3660000562667847,1.8818120956420898,0.004013238940387964,0.03523043543100357,nan,nan
0,2488,2018-10-19,0.4169999957084656,0.41080063581466675,0.0001927954435814172,0.0014615849358960986,nan,nan
0,2488,2018-10-20,0.414000004529953,0.4409327805042267,0.00016896470333449543,0.002221395494416356,nan,nan
0,2488,2018-10-21,0.4129999876022339,0.4467325508594513,0.00014873633335810155,0.002424058970063925,nan,nan
0,2488,2018-10-22,0.4169999957084656,0.4560779929161072,0.00013257704267743975,0.00269914697855711,nan,nan
0,2488,2018-10-23,0.421999990940094,0.4131595194339752,6.720898090861738e-05,0.0015659370692446828,nan,nan
0,2488,2018-10-24,0.7929999828338623,0.391431599855423,4.3761072447523475e-05,0.0010747723281383514,nan,nan
0,2488,2018-10-25,0.8009999990463257,0.38981422781944275,4.193928907625377e-05,0.0010565351694822311,nan,nan
0,2488,2018-10-26,0.7979999780654907,0.4051029086112976,3.800624472205527e-05,0.0008845398551784456,nan,nan
0,2488,2018-10-27,1.0049999952316284,0.5190672278404236,3.8950569432927296e-05,0.029483167454600334,nan,nan
0,2488,2018-10-28,0.9629999995231628,0.8312252759933472,0.0002690648252610117,0.3822036683559418,nan,nan
0,2488,2018-10-29,0.7580000162124634,0.7930976152420044,0.00046916361316107213,0.00776499742642045,nan,nan
0,2488,2018-10-30,0.8899999856948853,1.2206326723098755,0.0052564325742423534,0.543158769607544,nan,nan
0,2488,2018-10-31,0.47600001096725464,0.9050915837287903,0.012193875387310982,0.0014151893556118011,nan,nan
0,2488,2018-11-01,0.453000009059906,0.7331913709640503,0.009826752357184887,0.011194282211363316,nan,nan
0,2488,2018-11-02,0.4429999887943268,0.673235297203064,0.008257941342890263,0.0056393626146018505,nan,nan
0,2488,2018-11-03,0.43700000643730164,0.5976275205612183,0.007036725990474224,0.0018171563278883696,nan,nan
0,2488,2018-11-04,0.43299999833106995,0.5827093720436096,0.005881533492356539,0.006761250086128712,nan,nan
0,2488,2018-11-05,0.44200000166893005,0.5416297912597656,0.004859432112425566,0.005147244781255722,nan,nan
0,2488,2018-11-06,0.4399999976158142,0.5262847542762756,0.004032720811665058,0.004355250392109156,nan,nan
0,2488,2018-11-07,0.42800000309944153,0.5699278116226196,0.003398767439648509,0.000993644818663597,nan,nan
0,2488,2018-11-08,0.4259999990463257,0.6334022879600525,0.0030023041181266308,8.777565199125092e-06,nan,nan
0,2488,2018-11-09,0.421999990940094,0.5782583355903625,0.0025606551207602024,0.006878707092255354,nan,nan
0,2488,2018-11-10,0.41999998688697815,0.5656039714813232,0.0021322108805179596,0.006430866662412882,nan,nan
0,2488,2018-11-11,0.4180000126361847,0.5372521281242371,0.001792171155102551,0.003423169255256653,nan,nan
0,2488,2018-11-12,0.5659999847412109,0.5085210204124451,0.0015021654544398189,0.0042711603455245495,nan,nan
0,2488,2018-11-13,0.7990000247955322,0.48782843351364136,0.0012535545974969864,0.0011459891684353352,nan,nan
0,2488,2018-11-14,0.8029999732971191,0.5423989295959473,0.0010971955489367247,0.0034214078914374113,nan,nan
0,2488,2018-11-15,0.7900000214576721,0.5083130598068237,0.0009321296238340437,3.9897718124848325e-06,nan,nan
0,2488,2018-11-16,0.7820000052452087,0.5112318992614746,0.0007809700910001993,1.1435057558628614e-06,nan,nan
0,2488,2018-11-17,0.765999972820282,0.5096059441566467,0.000657696626149118,4.101076683582505e-06,nan,nan
0,2488,2018-11-18,0.7440000176429749,0.4942769408226013,0.0005569006898440421,4.2158737301178917e-07,nan,nan
0,2488,2018-11-19,0.7289999723434448,0.47944822907447815,0.00047420497867278755,2.1013474338360538e-07,nan,nan
0,2488,2018-11-20,0.7960000038146973,0.44435346126556396,0.00041554824565537274,0.000743452284950763,nan,nan
0,2488,2018-11-21,0.7279999852180481,0.40801769495010376,0.0003581778728403151,0.0007881417404860258,nan,nan
0,2488,2018-11-22,0.7089999914169312,0.4058428108692169,0.00030643437639810145,0.0002815680345520377,nan,nan
0,2488,2018-11-23,0.6949999928474426,0.42525455355644226,0.00026401420473121107,6.683308311039582e-05,nan,nan
0,2488,2018-11-24,0.7129999995231628,0.4489212930202484,0.00022793133393861353,0.00011099207040388137,nan,nan
0,2488,2018-11-25,0.7279999852180481,0.504361629486084,0.00020291749387979507,0.0001602321135578677,nan,nan
0,2488,2018-11-26,0.703000009059906,0.48413997888565063,0.00012331294419709593,2.0540481273201294e-05,nan,nan
0,2488,2018-11-27,0.7179999947547913,0.575156033039093,7.05577404005453e-05,0.012517517432570457,nan,nan
0,2488,2018-11-28,0.6880000233650208,0.560187041759491,1.9388593500480056e-05,0.005927479825913906,nan,nan
0,2488,2018-11-29,0.6970000267028809,0.5346664190292358,4.629247996490449e-06,0.0005882691475562751,nan,nan
0,2488,2018-11-30,0.7379999756813049,0.5299782156944275,4.498852376855211e-06,0.0005030006868764758,nan,nan
0,2488,2018-12-01,0.746999979019165,0.5604258179664612,5.045676516601816e-06,0.0018132902914658189,nan,nan
0,2488,2018-12-02,0.7950000166893005,0.5659124255180359,5.105435320729157e-06,9.733189472171944e-06,nan,nan
0,2488,2018-12-03,3.6410000324249268,1.3810983896255493,0.010570120066404343,1.180888056755066,nan,nan
0,2488,2018-12-04,4.679999828338623,2.416120767593384,0.06809461116790771,1.094977855682373,nan,nan
0,2488,2018-12-05,2.555000066757202,2.246119260787964,0.1015409603714943,0.26502206921577454,nan,nan
0,2488,2018-12-06,2.503999948501587,1.8534069061279297,0.08176092803478241,1.7185500837513246e-05,nan,nan
0,2488,2018-12-07,1.253000020980835,1.57196843624115,0.06355873495340347,0.0018665101379156113,nan,nan
0,2488,2018-12-08,0.5820000171661377,1.6639937162399292,0.06798673421144485,0.016410211101174355,nan,nan
0,2488,2018-12-09,0.6449999809265137,1.5905778408050537,0.06907913088798523,0.0046645705588161945,nan,nan
0,2488,2018-12-10,0.7009999752044678,2.0227766036987305,0.33470696210861206,0.43894094228744507,nan,nan
0,2488,2018-12-11,0.5899999737739563,1.3642935752868652,0.4582950174808502,0.05792931094765663,nan,nan
0,2488,2018-12-12,0.5210000276565552,0.9738360643386841,0.4058663547039032,0.02470373921096325,nan,nan
0,2488,2018-12-13,0.49900001287460327,0.8865909576416016,0.32935577630996704,0.02257792465388775,nan,nan
0,2488,2018-12-14,0.48000001907348633,0.8031306266784668,0.26157259941101074,0.01726265251636505,nan,nan
0,2488,2018-12-15,0.4519999921321869,0.7403792142868042,0.20459787547588348,0.013676375150680542,nan,nan
0,2488,2018-12-16,0.4699999690055847,0.8116171956062317,0.2816130220890045,0.14777381718158722,nan,nan
0,2488,2018-12-17,0.4859999716281891,0.7252850532531738,0.2684341073036194,0.022790100425481796,nan,nan
0,2488,2018-12-18,0.4690000116825104,0.659368097782135,0.21528571844100952,0.004432312678545713,nan,nan
0,2488,2018-12-19,0.465999960899353,0.621771514415741,0.16443748772144318,0.007615358103066683,nan,nan
0,2488,2018-12-20,0.4519999921321869,0.71123868227005,0.15179890394210815,0.026999296620488167,nan,nan
0,2488,2018-12-21,0.8209999799728394,0.7100889682769775,0.12384967505931854,0.01305925752967596,nan,nan
0,2488,2018-12-22,6.166999816894531,1.5119891166687012,0.5448055267333984,0.6306656002998352,nan,nan
0,2488,2018-12-23,3.5390000343322754,2.65181565284729,0.6929367184638977,0.3541325032711029,nan,nan
0,2488,2018-12-24,14.479000091552734,2.6057918071746826,0.8756874203681946,0.6603981256484985,nan,nan
0,2488,2018-12-25,6.0960001945495605,10.300971984863281,0.969465970993042,0.45738062262535095,nan,nan
0,2488,2018-12-26,1.343000054359436,1.9422752857208252,0.9821471571922302,0.288211852312088,nan,nan
0,2488,2018-12-27,0.9719999432563782,0.8134015202522278,0.9741514325141907,0.0001779937738319859,nan,nan
0,2488,2018-12-28,0.8140000104904175,0.8079776167869568,0.9616145491600037,0.0025030095130205154,nan,nan
0,2488,2018-12-29,0.6970000267028809,0.7624545693397522,0.9438771605491638,0.004258353263139725,nan,nan
0,2488,2018-12-30,0.6290000081062317,0.7222437858581543,0.9187630414962769,0.005589286796748638,nan,nan
0,2488,2018-12-31,0.5989999771118164,0.7410748600959778,0.882980227470398,0.008422307670116425,nan,nan
0,2488,2019-01-01,0.5640000104904175,0.7462177276611328,0.7122983932495117,0.009685859084129333,nan,nan
0,2488,2019-01-02,0.5400000214576721,0.7156088948249817,0.611413836479187,0.007391932420432568,nan,nan
0,2488,2019-01-03,0.5090000033378601,0.6601234078407288,0.466555655002594,0.0029457181226462126,nan,nan
0,2488,2019-01-04,0.4909999966621399,0.6296167969703674,0.38096296787261963,0.006791371386498213,nan,nan
0,2488,2019-01-05,0.4740000367164612,0.6080148220062256,0.3109840154647827,0.0063482774421572685,nan,nan
0,2488,2019-01-06,0.46299999952316284,0.5980891585350037,0.24552300572395325,0.00030849018367007375,nan,nan
0,2488,2019-01-07,0.46299999952316284,0.592487096786499,0.19492687284946442,0.006077367812395096,nan,nan
0,2488,2019-01-08,0.465999960899353,0.6084263324737549,0.11094769835472107,0.0028431136161088943,nan,nan
0,2488,2019-01-09,0.46000000834465027,0.7570365071296692,0.10794102400541306,0.066318079829216,nan,nan
0,2488,2019-01-10,0.44600000977516174,0.9083426594734192,0.11604773253202438,0.10833634436130524,nan,nan
0,2488,2019-01-11,0.43799999356269836,0.7847848534584045,0.11314405500888824,0.015140077099204063,nan,nan
0,2488,2019-01-12,0.42500001192092896,0.7394976615905762,0.0924932211637497,0.003045782446861267,nan,nan
0,2488,2019-01-13,0.4580000042915344,1.0353091955184937,0.13431212306022644,0.09292126446962357,nan,nan
0,2488,2019-01-14,0.5460000038146973,2.020216703414917,0.7757460474967957,1.0007940530776978,nan,nan
0,2488,2019-01-15,0.4829999804496765,0.8612993359565735,0.9079213738441467,0.029192760586738586,nan,nan
0,2488,2019-01-16,0.46000000834465027,0.7521833181381226,0.8694459795951843,0.014149796217679977,nan,nan
0,2488,2019-01-17,0.45100000500679016,0.7753569483757019,0.8247189521789551,0.017067965120077133,nan,nan
0,2488,2019-01-18,0.43700000643730164,0.7861775755882263,0.7707377076148987,0.00038411421701312065,nan,nan
0,2488,2019-01-19,0.41999998688697815,0.7815256714820862,0.6860074400901794,0.018219659104943275,nan,nan
0,2488,2019-01-20,0.41600000858306885,0.7696509957313538,0.43306905031204224,0.01851857639849186,nan,nan
0,2488,2019-01-21,0.4189999997615814,0.7376766800880432,0.2312970608472824,0.016404198482632637,nan,nan
0,2488,2019-01-22,0.41499999165534973,0.6414483785629272,0.14472271502017975,0.010274168103933334,nan,nan
0,2488,2019-01-23,0.4129999876022339,0.5285317897796631,0.06930400431156158,0.005087305326014757,nan,nan
0,2488,2019-01-24,0.41200000047683716,0.48519834876060486,0.027812441810965538,0.0035855844616889954,nan,nan
0,2488,2019-01-25,0.4050000011920929,0.5134332776069641,0.02044561691582203,0.004588702693581581,nan,nan
0,2488,2019-01-26,0.39399999380111694,0.4691128432750702,0.015971655026078224,0.0032375736627727747,nan,nan
0,2488,2019-01-27,0.3970000147819519,0.4399693012237549,0.01238013431429863,0.0025897566229104996,nan,nan
0,2488,2019-01-28,0.4020000100135803,0.6737326979637146,0.030974717810750008,0.2725847065448761,nan,nan
0,2488,2019-01-29,0.39800000190734863,0.8059485554695129,0.03693775832653046,0.04694163799285889,nan,nan
0,2488,2019-01-30,0.39500001072883606,0.7048713564872742,0.031286269426345825,0.010721981525421143,nan,nan
0,2488,2019-01-31,0.39399999380111694,0.6821502447128296,0.025583121925592422,0.0001691679935902357,nan,nan
0,2488,2019-02-01,0.3970000147819519,0.6382412314414978,0.020196586847305298,0.003874789224937558,nan,nan
0,2488,2019-02-02,0.3880000114440918,0.9553542733192444,0.045979466289281845,0.18061409890651703,nan,nan
0,2488,2019-02-03,0.3889999985694885,1.0568283796310425,0.05214677006006241,0.01661016419529915,nan,nan
0,2488,2019-02-04,0.38999998569488525,1.0145766735076904,0.045941293239593506,0.0007129122386686504,nan,nan
0,2488,2019-02-05,0.3880000114440918,0.8721817135810852,0.036429163068532944,0.028410248458385468,nan,nan
0,2488,2019-02-06,0.3889999985694885,0.7666687369346619,0.027843642979860306,0.019651219248771667,nan,nan
0,2488,2019-02-07,0.40700000524520874,0.7205049991607666,0.02008318342268467,0.016415812075138092,nan,nan
0,2488,2019-02-08,0.39100000262260437,0.7707728147506714,0.016270413994789124,0.0029834641609340906,nan,nan
0,2488,2019-02-09,0.3880000114440918,0.7398068308830261,0.01116195134818554,0.01751565746963024,nan,nan
0,2488,2019-02-10,0.4189999997615814,0.6637451648712158,0.008546608500182629,0.012734946794807911,nan,nan
0,2488,2019-02-11,1.2009999752044678,1.105061411857605,0.039625246077775955,0.3737642765045166,nan,nan
0,2488,2019-02-12,1.2929999828338623,0.9458624124526978,0.02759004756808281,0.003301443299278617,nan,nan
0,2488,2019-02-13,1.2050000429153442,0.8610796332359314,0.009743039496243,7.015677692834288e-05,nan,nan
0,2488,2019-02-14,1.2070000171661377,0.7951200008392334,0.007476801052689552,2.984272396133747e-05,nan,nan
0,2488,2019-02-15,1.2769999504089355,0.747923731803894,0.006154508329927921,5.464855348691344e-05,nan,nan
0,2488,2019-02-16,1.409999966621399,0.7602746486663818,0.004873770754784346,0.00026458382490091026,nan,nan
0,2488,2019-02-17,1.5290000438690186,0.7708274722099304,0.003869826439768076,0.001342559466138482,nan,nan
0,2488,2019-02-18,1.5980000495910645,0.7626484632492065,0.0031322515569627285,0.003560212440788746,nan,nan
0,2488,2019-02-19,1.6050000190734863,0.7777727842330933,0.0025450142566114664,0.004571300931274891,nan,nan
0,2488,2019-02-20,1.531999945640564,0.7325800061225891,0.0020757901947945356,0.006583086214959621,nan,nan
0,2488,2019-02-21,1.5410000085830688,0.7111642360687256,0.001701328088529408,0.005506479647010565,nan,nan
0,2488,2019-02-22,1.652999997138977,0.7775017023086548,0.0013917125761508942,0.003331833053380251,nan,nan
0,2488,2019-02-23,1.7860000133514404,0.7957212328910828,0.0011355462484061718,0.005232998635619879,nan,nan
0,2488,2019-02-24,1.75,0.7555435299873352,0.000931902730371803,0.011347156018018723,nan,nan
0,2488,2019-02-25,1.7899999618530273,0.7622800469398499,0.0007656157831661403,0.009681937284767628,nan,nan
0,2488,2019-02-26,1.8920000791549683,0.769707977771759,0.0004096703778486699,0.010684670880436897,nan,nan
0,2488,2019-02-27,2.0850000381469727,0.7342886924743652,0.00032024114625528455,0.017118174582719803,nan,nan
0,2488,2019-02-28,2.450000047683716,0.7982280254364014,0.00023291479737963527,0.021658221259713173,nan,nan
0,2488,2019-03-01,2.7360000610351562,0.811626136302948,0.00019981466175522655,0.04298137500882149,nan,nan
0,2488,2019-03-02,2.4089999198913574,1.1204066276550293,0.00034948773100040853,0.28798747062683105,nan,nan
0,2488,2019-03-03,2.1029999256134033,1.042062759399414,0.0002833015169017017,0.018886778503656387,nan,nan
0,2488,2019-03-04,2.2019999027252197,0.9749659895896912,0.0002188870421377942,0.010446113534271717,nan,nan
0,2488,2019-03-05,1.659000039100647,1.1673741340637207,0.00029408634873107076,0.16620458662509918,nan,nan
0,2488,2019-03-06,0.5649999976158142,1.00104558467865,0.00033659287146292627,0.00030624400824308395,nan,nan
0,2488,2019-03-07,0.640999972820282,0.8776733875274658,0.0003100235480815172,0.019639598205685616,nan,nan
0,2488,2019-03-08,0.5789999961853027,0.8828270435333252,0.00029955379432067275,0.00037415834958665073,nan,nan
0,2488,2019-03-09,0.5350000262260437,0.7861257791519165,0.00027068451163358986,0.012718292884528637,nan,nan
0,2488,2019-03-10,1.1490000486373901,0.9204707145690918,0.00035039332578890026,0.014343456365168095,nan,nan
0,2488,2019-03-11,1.2640000581741333,1.0917364358901978,0.0003692228638101369,0.038608431816101074,nan,nan
0,2488,2019-03-12,0.8259999752044678,1.2457724809646606,0.00029230467043817043,0.1702396720647812,nan,nan
0,2488,2019-03-13,0.7369999885559082,1.1154371500015259,0.00022954479209147394,0.00022633947082795203,nan,nan
0,2488,2019-03-14,0.6930000185966492,1.0802712440490723,0.00031660558306612074,0.026584887877106667,nan,nan
0,2488,2019-03-15,1.069000005722046,1.8326029777526855,0.013756997883319855,0.6593318581581116,nan,nan
0,2488,2019-03-16,0.9950000047683716,1.616965413093567,0.04073530435562134,0.0012327393051236868,nan,nan
0,2488,2019-03-17,0.878000020980835,1.2884795665740967,0.03353191912174225,0.03125838562846184,nan,nan
0,2488,2019-03-18,0.8429999947547913,1.2171716690063477,0.029064055532217026,1.9482827440242545e-07,nan,nan
0,2488,2019-03-19,0.734000027179718,1.0190576314926147,0.02441224828362465,0.016908666118979454,nan,nan
0,2488,2019-03-20,0.6610000133514404,0.9127260446548462,0.019693760201334953,0.014434261247515678,nan,nan
0,2488,2019-03-21,0.6190000176429749,0.7659620642662048,0.015834202989935875,0.008640441112220287,nan,nan
0,2488,2019-03-22,0.6000000238418579,0.6924541592597961,0.012749738059937954,0.006445955019444227,nan,nan
0,2488,2019-03-23,0.5979999899864197,0.6932830214500427,0.010351207107305527,0.0070280334912240505,nan,nan
0,2488,2019-03-24,0.6399999856948853,0.6288719177246094,0.008420479483902454,0.004442294593900442,nan,nan
0,2488,2019-03-25,0.703000009059906,0.6092724800109863,0.006847580429166555,0.002913234755396843,nan,nan
0,2488,2019-03-26,0.6690000295639038,0.703528881072998,0.005854238756000996,0.002139943651854992,nan,nan
0,2488,2019-03-27,0.625,0.6311188340187073,0.004875375889241695,0.0030087297782301903,nan,nan
0,2488,2019-03-28,0.5989999771118164,0.5427996516227722,0.003938593436032534,0.0014824538957327604,nan,nan
0,2488,2019-03-29,0.5920000076293945,0.5186682343482971,0.003189114620909095,0.0013307016342878342,nan,nan
0,2488,2019-03-30,0.593999981880188,0.5499368906021118,0.002615154953673482,0.0021356886718422174,nan,nan
0,2488,2019-03-31,0.6359999775886536,0.5355696082115173,0.001824638107791543,0.0017600730061531067,nan,nan
0,2488,2019-04-01,0.7390000224113464,0.5331200957298279,0.0013514901511371136,0.0011522769927978516,nan,nan
0,2488,2019-04-02,0.7639999985694885,0.5509163737297058,0.001149635063484311,0.0004320446460042149,nan,nan
0,2488,2019-04-03,0.7850000262260437,0.5525806546211243,0.0008160271099768579,0.0002845596754923463,nan,nan
0,2488,2019-04-04,0.7879999876022339,0.9857715368270874,0.003912273328751326,0.34552666544914246,nan,nan
0,2488,2019-04-05,0.7099999785423279,1.2716094255447388,0.00796216819435358,0.1720152199268341,nan,nan
0,2488,2019-04-06,0.6660000085830688,0.9696601033210754,0.009506141766905785,0.019363591447472572,nan,nan
0,2488,2019-04-07,0.6790000200271606,0.8566493391990662,0.007293705362826586,0.01363399252295494,nan,nan
0,2488,2019-04-08,0.6759999990463257,0.8256736993789673,0.0060713146813213825,0.0001755291741574183,nan,nan
0,2488,2019-04-09,0.6830000281333923,0.7620324492454529,0.004929905757308006,0.007967788726091385,nan,nan
0,2488,2019-04-10,0.6909999847412109,0.697528600692749,0.003628519596531987,0.004967606160789728,nan,nan
0,2488,2019-04-11,0.6769999861717224,0.6400572061538696,0.0024784624110907316,0.0028557756450027227,nan,nan
0,2488,2019-04-12,0.6620000004768372,0.6726072430610657,0.0020848142448812723,0.004192112945020199,nan,nan
0,2488,2019-04-13,0.6520000100135803,0.6197543144226074,0.0006647513364441693,0.0028070996049791574,nan,nan
0,2488,2019-04-14,0.6389999985694885,0.5955491065979004,0.0002791757869999856,0.0003939426096621901,nan,nan
0,2488,2019-04-15,0.621999979019165,0.6388556957244873,0.00020684015180449933,0.0038690385408699512,nan,nan
0,2488,2019-04-16,0.6520000100135803,0.6452149748802185,0.00016420659085270017,0.004476150497794151,nan,nan
0,2488,2019-04-17,0.7200000286102295,0.5957648754119873,0.0001370654790662229,0.0023232558742165565,nan,nan
0,2488,2019-04-18,0.8899999856948853,0.5489791631698608,0.00012079341831849888,0.0005559895071201026,nan,nan
0,2488,2019-04-19,1.0149999856948853,0.5801461338996887,0.00011054421338485554,5.514494660019409e-06,nan,nan
0,2488,2019-04-20,1.0429999828338623,0.6083279848098755,9.915489499690011e-05,0.00013994255277793854,nan,nan
0,2488,2019-04-21,1.1160000562667847,0.6122696399688721,0.00010315778490621597,0.00024495404795743525,nan,nan
0,2488,2019-04-22,1.1929999589920044,0.6268751621246338,0.0001226785680046305,0.000597083184402436,nan,nan
0,2488,2019-04-23,1.5160000324249268,0.6705479621887207,0.00014375302998814732,0.0006763491546735168,nan,nan
0,2488,2019-04-24,1.690000057220459,0.7455446720123291,0.00013003962521906942,0.0038503005634993315,nan,nan
0,2488,2019-04-25,1.621999979019165,0.8209604620933533,0.00010950106661766768,0.005174898076802492,nan,nan
0,2488,2019-04-26,1.4620000123977661,0.9617728590965271,9.884554310701787e-05,0.06341312825679779,nan,nan
0,2488,2019-04-27,1.0709999799728394,1.0048885345458984,9.108024823945016e-05,0.03858722746372223,nan,nan
0,2488,2019-04-28,0.9540000557899475,1.0977511405944824,0.00010555652261245996,0.05179251730442047,nan,nan
0,2488,2019-04-29,0.8529999852180481,0.9340468645095825,0.00010475753515493125,3.723920144693693e-06,nan,nan
0,2488,2019-04-30,0.7889999747276306,0.7623538970947266,8.859061199473217e-05,0.0034119347110390663,nan,nan
0,2488,2019-05-01,0.7889999747276306,0.6890473365783691,7.765176269458607e-05,0.0024646001402288675,nan,nan
0,2488,2019-05-02,0.8679999709129333,0.6618552207946777,7.419684698106721e-05,0.001784484600648284,nan,nan
0,2488,2019-05-03,0.9220000505447388,0.7567510008811951,3.5372981074033305e-05,0.010796411894261837,nan,nan
0,2488,2019-05-04,0.8640000224113464,0.6877636909484863,3.222630766686052e-05,0.0006784973083995283,nan,nan
0,2488,2019-05-05,0.8009999990463257,0.8200042247772217,3.491007737466134e-05,0.07933080941438675,nan,nan
0,2488,2019-05-06,0.7580000162124634,0.800778865814209,4.0026534406933933e-05,0.007813101634383202,nan,nan
0,2488,2019-05-07,0.75,0.7039297819137573,3.640059367171489e-05,0.0034944915678352118,nan,nan
0,2488,2019-05-08,0.9399999380111694,0.6866267323493958,3.196668694727123e-05,0.0031139471102505922,nan,nan
0,2488,2019-05-09,2.0880000591278076,1.1462892293930054,0.00032482860842719674,0.2808668613433838,nan,nan
0,2488,2019-05-10,0.9100000262260437,1.0931415557861328,0.000640051846858114,0.018201440572738647,nan,nan
0,2488,2019-05-11,1.4769999980926514,0.944135308265686,0.0005864266422577202,0.009590035304427147,nan,nan
0,2488,2019-05-12,1.625,1.4010918140411377,0.0020073060877621174,0.2602640986442566,nan,nan
0,2488,2019-05-13,0.5230000019073486,1.1435989141464233,0.0043387385085225105,0.0007423180504702032,nan,nan
0,2488,2019-05-14,0.46000000834465027,0.9950836896896362,0.004036664497107267,0.03219914436340332,nan,nan
0,2488,2019-05-15,0.44999998807907104,0.8271424174308777,0.004197828471660614,0.020949728786945343,nan,nan
0,2488,2019-05-16,0.4440000057220459,0.7518184185028076,0.003890105988830328,0.01587228663265705,nan,nan
0,2488,2019-05-17,0.43700000643730164,0.7370738983154297,0.0034946666564792395,0.015134074725210667,nan,nan
0,2488,2019-05-18,0.42500001192092896,0.6798115968704224,0.0030056159012019634,0.011806480586528778,nan,nan
0,2488,2019-05-19,0.4440000057220459,0.6327069401741028,0.002547284821048379,0.00959096010774374,nan,nan
0,2488,2019-05-20,5.2789998054504395,1.105501413345337,0.007879740558564663,0.20956526696681976,nan,nan
0,2488,2019-05-21,4.295000076293945,1.7193657159805298,0.014098910614848137,1.1181116104125977,nan,nan
0,2488,2019-05-22,2.497999906539917,1.5277724266052246,0.016514169052243233,0.12820637226104736,nan,nan
0,2488,2019-05-23,2.009999990463257,1.3696140050888062,0.014999192208051682,0.004073967691510916,nan,nan
0,2488,2019-05-24,2.0920000076293945,1.2504866123199463,0.01511567085981369,0.00012001380673609674,nan,nan
0,2488,2019-05-25,2.2219998836517334,1.2510786056518555,0.012920175679028034,0.0006313604535534978,nan,nan
0,2488,2019-05-26,2.4560000896453857,1.5091534852981567,0.01168433390557766,0.04471110552549362,nan,nan
0,2488,2019-05-27,1.8049999475479126,1.3040448427200317,0.011017083190381527,0.005525549408048391,nan,nan
0,2488,2019-05-28,3.9660000801086426,1.3208645582199097,0.009225046262145042,0.009828292764723301,nan,nan
0,2488,2019-05-29,3.7190003395080566,2.0384411811828613,0.016938136890530586,0.5326165556907654,nan,nan
0,2488,2019-05-30,1.9509999752044678,1.797432780265808,0.020741017535328865,0.03498641029000282,nan,nan
0,2488,2019-05-31,1.5460000038146973,1.5539005994796753,0.02053716778755188,0.006715085823088884,nan,nan
0,2488,2019-06-01,1.9219999313354492,1.3206714391708374,0.020658086985349655,0.007965999655425549,nan,nan
0,2488,2019-06-02,2.5769999027252197,1.1650470495224,0.022190554067492485,0.0003545559011399746,nan,nan
0,2488,2019-06-03,3.063999891281128,1.0709129571914673,0.02663327194750309,0.02526235021650791,nan,nan
0,2488,2019-06-04,3.2090001106262207,1.111606240272522,0.02888702228665352,0.05428367108106613,nan,nan
0,2488,2019-06-05,3.424999952316284,1.1120604276657104,0.038284435868263245,0.06667229533195496,nan,nan
0,2488,2019-06-06,2.7869999408721924,1.292148232460022,0.04505990073084831,0.06098219007253647,nan,nan
0,2488,2019-06-07,1.4919999837875366,1.3606984615325928,0.023529164493083954,0.023379364982247353,nan,nan
0,2488,2019-06-08,1.4769999980926514,1.1534414291381836,0.017293650656938553,0.0028272555209696293,nan,nan
0,2488,2019-06-09,1.2410000562667847,1.1065051555633545,0.019266018643975258,0.0018505462212488055,nan,nan
0,2488,2019-06-10,2.252000093460083,1.183122992515564,0.011165414936840534,0.0038751258980482817,nan,nan
0,2488,2019-06-11,7.326000213623047,5.361642837524414,0.38374122977256775,0.15008500218391418,nan,nan
0,2488,2019-06-12,2.312999963760376,3.584679126739502,0.8119409680366516,0.10335978120565414,nan,nan
0,2488,2019-06-13,1.7359999418258667,1.9282797574996948,0.7823811173439026,0.0014762517530471087,nan,nan
0,2488,2019-06-14,1.4670000076293945,1.7627875804901123,0.7614285349845886,0.03111133724451065,nan,nan
0,2488,2019-06-15,2.1029999256134033,1.2000526189804077,0.7552270889282227,0.004932128358632326,nan,nan
0,2488,2019-06-16,2.309999942779541,2.306689500808716,0.7753520011901855,0.05443737283349037,nan,nan
0,2488,2019-06-17,1.3969999551773071,1.734883189201355,0.8064862489700317,0.00468648923560977,nan,nan
0,2488,2019-06-18,1.2910000085830688,1.2239832878112793,0.7614362239837646,0.00791715458035469,nan,nan
0,2488,2019-06-19,1.1449999809265137,1.0029493570327759,0.7204023599624634,0.0022412524558603764,nan,nan
0,2488,2019-06-20,1.222000002861023,1.0367279052734375,0.6662040948867798,0.006733168847858906,nan,nan
0,2488,2019-06-21,0.9959999918937683,1.0841126441955566,0.5890792608261108,0.001183775020763278,nan,nan
0,2488,2019-06-22,3.627000093460083,1.3624786138534546,0.5870442986488342,0.09386760741472244,nan,nan
0,2488,2019-06-23,1.7059999704360962,1.8158609867095947,0.5648338198661804,0.03127872943878174,nan,nan
0,2488,2019-06-24,1.2769999504089355,1.0704108476638794,0.5515976548194885,4.670520866056904e-05,nan,nan
0,2488,2019-06-25,1.2120000123977661,0.7486171722412109,0.5950509309768677,0.00037788046756759286,nan,nan
0,2488,2019-06-26,1.2710000276565552,0.6936085224151611,0.7034239768981934,0.0005313389701768756,nan,nan
0,2488,2019-06-27,1.1660000085830688,0.7275110483169556,0.783871054649353,0.0005825178814120591,nan,nan
0,2488,2019-06-28,0.9529999494552612,0.7206470966339111,0.8686060309410095,5.853118636878207e-05,nan,nan
0,2488,2019-06-29,0.7770000100135803,0.577267050743103,0.9030689001083374,8.925117435865104e-05,nan,nan
0,2488,2019-06-30,0.5899999737739563,0.5865185856819153,0.9257665872573853,0.0005680763279087842,nan,nan
0,2488,2019-07-01,0.699999988079071,0.6142719388008118,0.9334548711776733,0.0041055828332901,nan,nan
0,2488,2019-07-02,1.2419999837875366,0.8350932002067566,0.9096325635910034,0.016263693571090698,nan,nan
0,2488,2019-07-03,0.9540000557899475,0.4987121522426605,0.8823240995407104,0.0066169253550469875,nan,nan
0,2488,2019-07-04,1.2130000591278076,0.49906274676322937,0.8314853310585022,0.010928628034889698,nan,nan
0,2488,2019-07-05,0.6830000281333923,0.6856560111045837,0.7605748772621155,0.027614351361989975,nan,nan
0,2488,2019-07-06,0.46000000834465027,0.5893893241882324,0.8026658892631531,0.0016847912920638919,nan,nan
0,2488,2019-07-07,0.4610000252723694,0.5112276077270508,0.7544716596603394,0.0001239173870999366,nan,nan
0,2488,2019-07-08,0.46299999952316284,0.5306470990180969,0.6874363422393799,0.0040781861171126366,nan,nan
0,2488,2019-07-09,0.4580000042915344,0.5784093737602234,0.6181041598320007,0.005854052025824785,nan,nan
0,2488,2019-07-10,0.4449999928474426,0.5444903373718262,0.26010724902153015,0.0046448479406535625,nan,nan
0,2488,2019-07-11,0.44200000166893005,0.4898206293582916,0.0811312273144722,0.003085198812186718,nan,nan
0,2488,2019-07-12,0.4410000145435333,0.49761995673179626,0.05677137151360512,0.0033862958662211895,nan,nan
0,2488,2019-07-13,0.43799999356269836,0.51372230052948,0.044311217963695526,0.003937520086765289,nan,nan
0,2488,2019-07-14,0.43799999356269836,0.4840792119503021,0.03539863973855972,0.0030476280953735113,nan,nan
0,2488,2019-07-15,0.5070000290870667,0.6221430897712708,0.026459796354174614,0.14701886475086212,nan,nan
0,2488,2019-07-16,0.45399999618530273,0.5605234503746033,0.02181922271847725,0.0040899161249399185,nan,nan
0,2488,2019-07-17,0.43799999356269836,0.48426568508148193,0.02164933830499649,0.002751989522948861,nan,nan
0,2488,2019-07-18,0.4339999854564667,0.49519893527030945,0.021686969324946404,0.0033909734338521957,nan,nan
0,2488,2019-07-19,0.4309999942779541,0.49857819080352783,0.02218186855316162,0.003582148579880595,nan,nan
0,2488,2019-07-20,0.4309999942779541,0.5177046656608582,0.023722542449831963,0.004300942178815603,nan,nan
0,2488,2019-07-21,0.42800000309944153,0.48787134885787964,0.02220461517572403,0.00330177485011518,nan,nan
0,2488,2019-07-22,0.42500001192092896,0.48087602853775024,0.022227894514799118,0.003145118011161685,nan,nan
0,2488,2019-07-23,0.4230000078678131,0.4918326735496521,0.02749696560204029,0.0035507390275597572,nan,nan
0,2488,2019-07-24,0.4189999997615814,0.49816587567329407,0.04024830460548401,0.003802144667133689,nan,nan
0,2488,2019-07-25,0.4189999997615814,0.4839761257171631,0.0698910504579544,0.0034220523666590452,nan,nan
0,2488,2019-07-26,0.44600000977516174,0.5466307997703552,0.07221809029579163,0.005708200857043266,nan,nan
0,2488,2019-07-27,0.4449999928474426,0.8023110032081604,0.06073659285902977,0.09581483155488968,nan,nan
0,2488,2019-07-28,1.3869999647140503,0.9284604787826538,0.045110080391168594,0.0745193213224411,nan,nan
0,2488,2019-07-29,1.6690000295639038,1.2062098979949951,0.06028074026107788,0.33268865942955017,nan,nan
0,2488,2019-07-30,0.49799999594688416,0.9073760509490967,0.08112884312868118,0.0020020424854010344,nan,nan
0,2488,2019-07-31,0.4580000042915344,0.6935598254203796,0.06561726331710815,0.01035052165389061,nan,nan
0,2488,2019-08-01,0.44999998807907104,0.6204506754875183,0.054267603904008865,0.007890625856816769,nan,nan
0,2488,2019-08-02,0.453000009059906,0.5456635355949402,0.04914887994527817,0.00488192867487669,nan,nan
0,2488,2019-08-03,0.4440000057220459,0.5717195868492126,0.03663978725671768,0.004590810742229223,nan,nan
0,2488,2019-08-04,0.4399999976158142,0.5118650794029236,0.0333637073636055,0.0038093288894742727,nan,nan
0,2488,2019-08-05,0.44699999690055847,0.461891233921051,0.03444449231028557,0.0023830279242247343,nan,nan
0,2488,2019-08-06,0.49900001287460327,0.4836800694465637,0.036987584084272385,0.0028647701255977154,nan,nan
0,2488,2019-08-07,0.8790000081062317,0.8309928774833679,0.04816567525267601,0.16658546030521393,nan,nan
0,2488,2019-08-08,0.5120000243186951,0.9314144849777222,0.04249691590666771,0.025776708498597145,nan,nan
0,2488,2019-08-09,0.4699999690055847,0.7219040989875793,0.04309643432497978,0.011450199410319328,nan,nan
0,2488,2019-08-10,2.3259999752044678,1.0403046607971191,0.05657709017395973,0.159972682595253,nan,nan
0,2488,2019-08-11,0.8799999952316284,1.0162513256072998,0.05888674408197403,0.04061555117368698,nan,nan
0,2488,2019-08-12,0.9860000610351562,1.0896562337875366,0.04492073878645897,0.005278978496789932,nan,nan
0,2488,2019-08-13,1.3650000095367432,1.0676411390304565,0.026987506076693535,0.01916121132671833,nan,nan
0,2488,2019-08-14,1.1720000505447388,0.797819197177887,0.02010582946240902,0.0004591715696733445,nan,nan
0,2488,2019-08-15,0.5139999985694885,0.7039743065834045,0.017275014892220497,0.000175233741174452,nan,nan
0,2488,2019-08-16,0.4880000054836273,0.6114364266395569,0.014826765283942223,0.005865599028766155,nan,nan
0,2488,2019-08-17,0.4650000035762787,0.5896358489990234,0.013359321281313896,0.005654705688357353,nan,nan
0,2488,2019-08-18,0.4560000002384186,0.5710456967353821,0.016719747334718704,0.005499384365975857,nan,nan
0,2488,2019-08-19,1.1399999856948853,1.0283730030059814,0.0371793732047081,0.36350196599960327,nan,nan
0,2488,2019-08-20,7.964000225067139,1.2651664018630981,0.04643091559410095,0.24916331470012665,nan,nan
0,2488,2019-08-21,6.122000217437744,3.177107334136963,0.15501044690608978,1.9827338457107544,nan,nan
0,2488,2019-08-22,1.6929999589920044,2.343433141708374,0.2704503536224365,0.18680110573768616,nan,nan
0,2488,2019-08-23,0.6060000061988831,1.4074032306671143,0.2315860539674759,0.007597920019179583,nan,nan
0,2488,2019-08-24,0.4569999873638153,1.2259379625320435,0.1888449788093567,0.05187962204217911,nan,nan
0,2488,2019-08-25,0.43700000643730164,1.034044861793518,0.14451242983341217,0.04063551127910614,nan,nan
0,2488,2019-08-26,0.4300000071525574,0.8618980050086975,0.13771134614944458,0.02503380738198757,nan,nan
0,2488,2019-08-27,0.42899999022483826,0.7432235479354858,0.12764832377433777,0.01616499200463295,nan,nan
0,2488,2019-08-28,0.41999998688697815,0.6842486262321472,0.09091466665267944,0.012379610911011696,nan,nan
0,2488,2019-08-29,0.781000018119812,0.6958568096160889,0.07320737093687057,0.013455193489789963,nan,nan
0,2488,2019-08-30,0.4050000011920929,0.7564292550086975,0.06455113738775253,0.004814157262444496,nan,nan
0,2488,2019-08-31,0.3919999897480011,0.7433305382728577,0.05704307556152344,0.017302917316555977,nan,nan
0,2488,2019-09-01,0.39399999380111694,0.7115535140037537,0.044908445328474045,0.015665847808122635,nan,nan
0,2488,2019-09-02,0.4099999964237213,0.9088732004165649,0.058433860540390015,0.13386070728302002,nan,nan
0,2488,2019-09-03,0.4090000092983246,0.7466602921485901,0.0624135285615921,0.011897253803908825,nan,nan
0,2488,2019-09-04,0.39399999380111694,0.6212975382804871,0.053182538598775864,0.009530548006296158,nan,nan
0,2488,2019-09-05,0.3930000066757202,0.5771747827529907,0.03560416027903557,0.007785659283399582,nan,nan
0,2488,2019-09-06,0.4009999930858612,0.5515899658203125,0.028700126335024834,6.733211921527982e-05,nan,nan
0,2488,2019-09-07,0.39100000262260437,0.5709894895553589,0.019518349319696426,0.007281077094376087,nan,nan
0,2488,2019-09-08,0.4009999930858612,0.5688056349754333,0.009550112299621105,0.0010333145037293434,nan,nan
0,2488,2019-09-09,0.41100001335144043,0.6820042133331299,0.006592250429093838,0.0175873264670372,nan,nan
0,2488,2019-09-10,0.4059999883174896,0.6370368003845215,0.005952837876975536,0.01031425129622221,nan,nan
0,2488,2019-09-11,0.4009999930858612,0.5553849339485168,0.004805766977369785,0.006433288101106882,nan,nan
0,2488,2019-09-12,0.39500001072883606,0.4973292648792267,0.003724396927282214,0.00426137913018465,nan,nan
0,2488,2019-09-13,0.382999986410141,0.4823046326637268,0.0032913393806666136,0.003873612266033888,nan,nan
0,2488,2019-09-14,0.38100001215934753,0.495441198348999,0.003061247756704688,0.004611981566995382,nan,nan
0,2488,2019-09-15,0.37700000405311584,0.4882337152957916,0.0027558854781091213,0.004395598545670509,nan,nan
0,2488,2019-09-16,0.38600000739097595,0.567090630531311,0.0024888014886528254,0.007825699634850025,nan,nan
0,2488,2019-09-17,0.38600000739097595,0.614701509475708,0.0010179276578128338,0.009969890117645264,nan,nan
0,2488,2019-09-18,0.38600000739097595,0.6035930514335632,0.0009248925489373505,0.009375208057463169,nan,nan
0,2488,2019-09-19,0.3840000033378601,0.554948627948761,0.0005188575596548617,0.0069864289835095406,nan,nan
0,2488,2019-09-20,0.38199999928474426,0.516362726688385,0.00019070385314989835,0.0053921896032989025,nan,nan
0,2488,2019-09-21,0.3720000088214874,0.47710660099983215,0.00015451725630555302,0.003981075249612331,nan,nan
0,2488,2019-09-22,0.36899998784065247,0.4516304135322571,0.00014611982624046504,0.0033534725662320852,nan,nan
0,2488,2019-09-23,0.38100001215934753,0.5805811285972595,0.00017027683497872204,0.03757105767726898,nan,nan
0,2488,2019-09-24,0.37299999594688416,0.5244038701057434,0.00017474348715040833,0.005798011086881161,nan,nan
0,2488,2019-09-25,0.4309999942779541,0.49311739206314087,0.00014631585509050637,0.001317836344242096,nan,nan
0,2488,2019-09-26,0.47300001978874207,0.4914340078830719,0.00012153215357102454,1.512611925136298e-05,nan,nan
0,2488,2019-09-27,0.4740000367164612,0.4818899929523468,0.00010137150820810348,0.0012149622198194265,nan,nan
0,2488,2019-09-28,0.4560000002384186,0.49106985330581665,9.938048606272787e-05,0.0025822280440479517,nan,nan
0,2488,2019-09-29,0.4490000009536743,0.4604063630104065,9.616631723474711e-05,0.00208076648414135,nan,nan
0,2488,2019-09-30,0.44999998807907104,0.45509907603263855,0.00014434076729230583,0.0020606466569006443,nan,nan
0,2488,2019-10-01,0.42800000309944153,0.4548504054546356,9.319044329458848e-05,0.0020386911928653717,nan,nan
0,2488,2019-10-02,0.4399999976158142,0.6261696815490723,0.00010605178977129981,0.0664958730340004,nan,nan
0,2488,2019-10-03,0.46699997782707214,0.7039011716842651,0.00011142962466692552,0.01171770878136158,nan,nan
0,2488,2019-10-04,0.4480000138282776,0.6157662868499756,0.0001094238250516355,0.00739273289218545,nan,nan
0,2488,2019-10-05,0.4490000009536743,0.6066232919692993,9.672446321928874e-05,5.457062434288673e-05,nan,nan
0,2488,2019-10-06,0.45500001311302185,0.5666088461875916,8.34437450976111e-05,0.0017639345023781061,nan,nan
0,2488,2019-10-07,0.6050000190734863,0.757540225982666,0.0001885853271232918,0.1139848455786705,nan,nan
0,2488,2019-10-08,0.5149999856948853,0.5934631824493408,0.0002814058098010719,0.0031123992521315813,nan,nan
0,2488,2019-10-09,1.1059999465942383,0.49757882952690125,0.00023602013243362308,0.0020630555227398872,nan,nan
0,2488,2019-10-10,1.5,0.7971900105476379,0.0010846825316548347,0.3556905686855316,nan,nan
0,2488,2019-10-11,0.6019999980926514,0.6595534682273865,0.00208884384483099,0.006832764949649572,nan,nan
0,2488,2019-10-12,0.5429999828338623,0.5847663283348083,0.0018592576961964369,0.002910172799602151,nan,nan
0,2488,2019-10-13,0.5080000162124634,0.5814539790153503,0.0016704489244148135,0.004014127887785435,nan,nan
0,2488,2019-10-14,0.4960000216960907,0.57854825258255,0.0014893797924742103,0.004717483185231686,nan,nan
0,2488,2019-10-15,0.5180000066757202,0.5769910216331482,0.0013291402719914913,0.0049501885659992695,nan,nan
0,2488,2019-10-16,0.5659999847412109,0.8709250092506409,0.005169822368770838,0.23469972610473633,nan,nan
0,2488,2019-10-17,0.5210000276565552,0.6985684633255005,0.008823373354971409,0.008320173248648643,nan,nan
0,2488,2019-10-18,0.5040000081062317,0.6455928087234497,0.007421934511512518,0.007167464587837458,nan,nan
0,2488,2019-10-19,0.5109999775886536,0.651696503162384,0.006455325521528721,0.00031485306681133807,nan,nan
0,2488,2019-10-20,0.5019999742507935,0.6135375499725342,0.005514070391654968,1.6421694454038516e-05,nan,nan
0,2488,2019-10-21,0.503000020980835,0.6935892701148987,0.004600700456649065,0.00018988398369401693,nan,nan
0,2488,2019-10-22,0.5019999742507935,0.7785530090332031,0.004325741436332464,0.019844135269522667,nan,nan
0,2488,2019-10-23,0.48399999737739563,0.6540237069129944,0.003839743323624134,0.008149897679686546,nan,nan
0,2488,2019-10-24,0.4749999940395355,0.5933300256729126,0.003371867351233959,0.005913992412388325,nan,nan
0,2488,2019-10-25,0.46399998664855957,0.5731960535049438,0.00285299401730299,0.0037705921567976475,nan,nan
0,2488,2019-10-26,0.453000009059906,0.5337386131286621,0.0024034257512539625,0.0041187903843820095,nan,nan
0,2488,2019-10-27,0.44600000977516174,0.5441873669624329,0.002076217904686928,0.004753360524773598,nan,nan
0,2488,2019-10-28,0.4610000252723694,0.5151234269142151,0.0017577633261680603,0.0038759445305913687,nan,nan
0,2488,2019-10-29,1.3650000095367432,0.8929184675216675,0.011120937764644623,0.35521531105041504,nan,nan
0,2488,2019-10-30,0.7099999785423279,0.8978298306465149,0.018359022215008736,0.008099004626274109,nan,nan
0,2488,2019-10-31,0.5220000147819519,0.797227680683136,0.013247725553810596,0.0029571345075964928,nan,nan
0,2488,2019-11-01,0.39399999380111694,0.6887425184249878,0.011117808520793915,0.0057423291727900505,nan,nan
0,2488,2019-11-02,0.39800000190734863,0.7291762232780457,0.01018328033387661,0.005976306740194559,nan,nan
0,2488,2019-11-03,0.4339999854564667,0.6959322094917297,0.008650198578834534,0.00045568341738544405,nan,nan
0,2488,2019-11-04,0.503000020980835,0.7605229020118713,0.009372190572321415,0.028387712314724922,nan,nan
0,2488,2019-11-05,0.5540000200271606,0.7952574491500854,0.0074392519891262054,0.023836035281419754,nan,nan
0,2488,2019-11-06,0.41600000858306885,0.7580444812774658,0.005748678930103779,0.007962755858898163,nan,nan
0,2488,2019-11-07,0.414000004529953,0.6698030829429626,0.004980142693966627,0.0037036282010376453,nan,nan
0,2488,2019-11-08,0.4300000071525574,0.7310830354690552,0.0048261843621730804,0.08248414844274521,nan,nan
0,2488,2019-11-09,0.4099999964237213,0.7721501588821411,0.00393585953861475,0.01712823286652565,nan,nan
0,2488,2019-11-10,0.39899998903274536,0.6215904355049133,0.003535973373800516,0.009511996060609818,nan,nan
0,2488,2019-11-11,0.4000000059604645,0.521504819393158,0.0029557759407907724,0.005214182659983635,nan,nan
0,2488,2019-11-12,0.3919999897480011,0.46289920806884766,0.0025205020792782307,0.00045420389506034553,nan,nan
0,2488,2019-11-13,0.36800000071525574,0.4891643524169922,0.0021189101971685886,0.004177025519311428,nan,nan
0,2488,2019-11-14,0.36500000953674316,0.4246980547904968,0.001042385003529489,0.002629379741847515,nan,nan
0,2488,2019-11-15,0.36800000071525574,0.534593403339386,0.0010659487452358007,0.0997023954987526,nan,nan
0,2488,2019-11-16,0.3630000054836273,0.5077762603759766,0.0012075555277988315,0.0018672222504392266,nan,nan
0,2488,2019-11-17,0.3630000054836273,0.48465168476104736,0.0010262101422995329,0.0038010748103260994,nan,nan
0,2488,2019-11-18,0.367000013589859,0.6549678444862366,0.002264412585645914,0.12451308220624924,nan,nan
0,2488,2019-11-19,0.3619999885559082,0.6091417074203491,0.0028026350773870945,0.009519202634692192,nan,nan
0,2488,2019-11-20,0.3619999885559082,0.5713903903961182,0.002312234602868557,0.0074753668159246445,nan,nan
0,2488,2019-11-21,0.36500000953674316,0.5204845070838928,0.00184098060708493,0.006146384868770838,nan,nan
0,2488,2019-11-22,0.3569999933242798,0.4918067157268524,0.0015735516790300608,0.004580900073051453,nan,nan
0,2488,2019-11-23,0.35899999737739563,0.50776606798172,0.0013358142459765077,0.0046664574183523655,nan,nan
0,2488,2019-11-24,0.3580000102519989,0.5262036919593811,0.0011221242602914572,0.0024800756946206093,nan,nan
0,2488,2019-11-25,0.3569999933242798,0.5420246720314026,0.0009626233950257301,0.006106405518949032,nan,nan
0,2488,2019-11-26,0.3569999933242798,0.6203851699829102,0.0008252146653831005,0.011334874667227268,nan,nan
0,2488,2019-11-27,0.37299999594688416,0.6382392644882202,0.0003764555440284312,0.002099723555147648,nan,nan
0,2488,2019-11-28,0.37400001287460327,0.7678545713424683,0.000344444764778018,0.04926634952425957,nan,nan
0,2488,2019-11-29,0.41100001335144043,0.9940109252929688,0.0006348281167447567,0.09102441370487213,nan,nan
0,2488,2019-11-30,0.4129999876022339,1.2387667894363403,0.0015634521842002869,0.12655432522296906,nan,nan
0,2488,2019-12-01,0.39399999380111694,0.9073877930641174,0.0021804464049637318,0.03055429831147194,nan,nan
0,2488,2019-12-02,0.39399999380111694,0.856896162033081,0.002157652983441949,1.458139104215661e-05,nan,nan
0,2488,2019-12-03,0.3880000114440918,0.7517918944358826,0.0018257370684295893,0.012829640880227089,nan,nan
0,2488,2019-12-04,0.382999986410141,0.6591341495513916,0.0014967701863497496,0.012453246861696243,nan,nan
0,2488,2019-12-05,0.3790000081062317,0.6256316900253296,0.0012291166931390762,0.010680988430976868,nan,nan
0,2488,2019-12-06,0.37400001287460327,0.5848105549812317,0.0009685289696790278,0.008637228049337864,nan,nan
0,2488,2019-12-07,0.3630000054836273,0.5547794103622437,0.0006965604843571782,0.007333576213568449,nan,nan
0,2488,2019-12-08,0.3610000014305115,0.5465624332427979,0.0005639316514134407,0.007279911078512669,nan,nan
0,2488,2019-12-09,0.3779999911785126,0.570961058139801,0.00045171845704317093,0.0014266938669607043,nan,nan
0,2488,2019-12-10,0.38199999928474426,1.082732081413269,0.012523526325821877,0.6320784091949463,nan,nan
0,2488,2019-12-11,0.37700000405311584,0.8408755660057068,0.04257526248693466,0.026169924065470695,nan,nan
0,2488,2019-12-12,0.375,0.7537177205085754,0.0407077819108963,0.000733853958081454,nan,nan
0,2488,2019-12-13,0.3889999985694885,0.7442019581794739,0.03749183937907219,0.0038932757452130318,nan,nan
0,2488,2019-12-14,0.4009999930858612,1.1467187404632568,0.1414109468460083,0.4309660792350769,nan,nan
0,2488,2019-12-15,0.4129999876022339,0.9431759715080261,0.21523220837116241,0.01808524690568447,nan,nan
0,2488,2019-12-16,0.4090000092983246,0.8258030414581299,0.17099663615226746,0.023283973336219788,nan,nan
0,2488,2019-12-17,0.40299999713897705,0.7468041181564331,0.1182461604475975,0.017367778345942497,nan,nan
0,2488,2019-12-18,0.4020000100135803,0.7070320248603821,0.08395439386367798,0.014886399731040001,nan,nan
0,2488,2019-12-19,0.39500001072883606,0.6956748366355896,0.06729854643344879,0.01418319996446371,nan,nan
0,2488,2019-12-20,0.39100000262260437,0.6512448787689209,0.053320083767175674,0.011712249368429184,nan,nan
0,2488,2019-12-21,0.39399999380111694,0.7832053899765015,0.04964384436607361,0.011030711233615875,nan,nan
0,2488,2019-12-22,0.42100000381469727,0.9299938082695007,0.06826965510845184,0.10629716515541077,nan,nan
0,2488,2019-12-23,0.4449999928474426,1.34515380859375,0.2248976081609726,0.45545443892478943,nan,nan
0,2488,2019-12-24,2.311000108718872,0.936589241027832,0.29949280619621277,0.009861396625638008,nan,nan
0,2488,2019-12-25,2.6089999675750732,1.5773608684539795,0.45809245109558105,0.48808833956718445,nan,nan
0,2488,2019-12-26,0.5080000162124634,1.1437416076660156,0.5105718970298767,0.020941296592354774,nan,nan
0,2488,2019-12-27,0.4950000047683716,0.9191215634346008,0.5070909261703491,0.01883169822394848,nan,nan
0,2488,2019-12-28,0.46000000834465027,1.166176199913025,0.5477861166000366,0.08727309107780457,nan,nan
0,2488,2019-12-29,0.43700000643730164,0.7666581273078918,0.5242463946342468,0.016454897820949554,nan,nan
0,2488,2019-12-30,0.4339999854564667,0.7404193878173828,0.39621928334236145,0.01566372625529766,nan,nan
0,2488,2019-12-31,0.4259999990463257,0.6861606240272522,0.32487303018569946,0.012301068753004074,nan,nan
0,2488,2020-01-01,0.4180000126361847,0.6325027942657471,0.26183387637138367,0.009545891545712948,nan,nan
0,2488,2020-01-02,0.41200000047683716,0.6092848181724548,0.20956163108348846,0.008608423173427582,nan,nan
0,2488,2020-01-03,0.40700000524520874,0.5893401503562927,0.16563302278518677,0.007814823649823666,nan,nan
0,2488,2020-01-04,0.40299999713897705,0.5619441270828247,0.13017569482326508,0.003126053372398019,nan,nan
0,2488,2020-01-05,0.3959999978542328,0.552642822265625,0.10194160789251328,0.0063977232202887535,nan,nan
0,2488,2020-01-06,0.38999998569488525,0.49664467573165894,0.07948897778987885,0.004351626615971327,nan,nan
0,2488,2020-01-07,0.39399999380111694,0.5400489568710327,0.06296715140342712,0.006214180029928684,nan,nan
0,2488,2020-01-08,0.3919999897480011,0.49052655696868896,0.021452534943819046,0.004179766867309809,nan,nan
0,2488,2020-01-09,0.38999998569488525,0.5008174180984497,0.007853815332055092,0.004597087390720844,nan,nan
0,2488,2020-01-10,0.38600000739097595,0.47273051738739014,0.006067308131605387,0.0036610099487006664,nan,nan
0,2488,2020-01-11,0.375,0.5029101371765137,0.004789179190993309,0.004819165915250778,nan,nan
0,2488,2020-01-12,0.37400001287460327,0.4719165861606598,0.002112962771207094,0.003957242239266634,nan,nan
0,2488,2020-01-13,0.382999986410141,0.4618692398071289,0.0009739900124259293,0.003641706658527255,nan,nan
0,2488,2020-01-14,0.382999986410141,0.45773571729660034,0.0007897738250903785,0.003323327051475644,nan,nan
0,2488,2020-01-15,0.38199999928474426,0.4462193250656128,0.0006473929970525205,0.002971731824800372,nan,nan
0,2488,2020-01-16,0.38100001215934753,0.45651018619537354,0.0005352020380087197,0.0033050437923520803,nan,nan
0,2488,2020-01-17,0.3799999952316284,0.45961567759513855,0.00044741458259522915,0.003423373680561781,nan,nan
0,2488,2020-01-18,0.3709999918937683,0.6380237936973572,0.0008998068515211344,0.1123739555478096,nan,nan
0,2488,2020-01-19,0.367000013589859,0.5700337290763855,0.0010867329547181726,0.008156410418450832,nan,nan
0,2488,2020-01-20,0.4749999940395355,0.5412527918815613,0.0009110863320529461,0.006918573286384344,nan,nan
0,2488,2020-01-21,0.3779999911785126,0.4730783998966217,0.0005324274534359574,0.0020924806594848633,nan,nan
0,2488,2020-01-22,0.375,0.46303731203079224,0.000228210337809287,0.0035958418156951666,nan,nan
0,2488,2020-01-23,0.3720000088214874,0.4629766643047333,0.000130249114590697,0.0036570082884281874,nan,nan
0,2488,2020-01-24,0.36899998784065247,0.46199050545692444,5.138489723321982e-05,0.0036880297120660543,nan,nan
0,2488,2020-01-25,0.36000001430511475,0.4814699590206146,4.32094166171737e-05,0.004429668188095093,nan,nan
0,2488,2020-01-26,0.35899999737739563,0.4729691445827484,3.3874952350743115e-05,0.00433161249384284,nan,nan
0,2488,2020-01-27,0.367000013589859,0.4694240093231201,2.0829043933190405e-05,0.004228226840496063,nan,nan
0,2488,2020-01-28,0.37599998712539673,0.5224603414535522,2.41911275224993e-05,0.0033978649880737066,nan,nan
0,2488,2020-01-29,0.37599998712539673,0.8943233489990234,0.00032534461934119463,0.3581849932670593,nan,nan
0,2488,2020-01-30,0.36399999260902405,0.8931944966316223,0.0006752103217877448,0.010568968020379543,nan,nan
0,2488,2020-01-31,0.3869999945163727,0.8985848426818848,0.000827274692710489,0.014572476036846638,nan,nan
0,2488,2020-02-01,0.38600000739097595,0.7940190434455872,0.000827623123768717,0.02204749546945095,nan,nan
0,2488,2020-02-02,1.9800000190734863,0.77167809009552,0.0007432689308188856,0.004339987877756357,nan,nan
0,2488,2020-02-03,11.317000389099121,1.6175810098648071,0.02385818213224411,1.0316685438156128,nan,nan
0,2488,2020-02-04,5.432000160217285,2.664219617843628,0.09156904369592667,2.552222490310669,nan,nan
0,2488,2020-02-05,1.1150000095367432,2.5924949645996094,0.20748808979988098,0.8949680924415588,nan,nan
0,2488,2020-02-06,0.4569999873638153,1.6435993909835815,0.2582574188709259,0.06238023564219475,nan,nan
0,2488,2020-02-07,0.43799999356269836,1.2632176876068115,0.21355359256267548,0.06967612355947495,nan,nan
0,2488,2020-02-08,0.414000004529953,1.0982390642166138,0.17527030408382416,0.04945152625441551,nan,nan
0,2488,2020-02-09,0.4050000011920929,0.9666358828544617,0.1425587385892868,0.036385633051395416,nan,nan
0,2488,2020-02-10,0.5049999952316284,0.861275315284729,0.11404495686292648,0.015913134440779686,nan,nan
0,2488,2020-02-11,0.43799999356269836,0.8111531138420105,0.09089447557926178,4.7603938583051786e-05,nan,nan
0,2488,2020-02-12,0.42500001192092896,0.7117262482643127,0.07271402329206467,0.003001717384904623,nan,nan
0,2488,2020-02-13,0.4259999990463257,0.6626429557800293,0.0577484630048275,0.011253368109464645,nan,nan
0,2488,2020-02-14,0.5429999828338623,1.2814562320709229,0.2473168820142746,0.4129795730113983,nan,nan
0,2488,2020-02-15,0.41499999165534973,0.9715832471847534,0.39676231145858765,0.0276024267077446,nan,nan
0,2488,2020-02-16,0.4050000011920929,0.8602324724197388,0.30266404151916504,0.026118705049157143,nan,nan
0,2488,2020-02-17,1.784999966621399,0.7915204763412476,0.23903760313987732,0.02092583291232586,nan,nan
0,2488,2020-02-18,2.7260000705718994,0.9039239883422852,0.21995705366134644,0.08504541218280792,nan,nan
0,2488,2020-02-19,2.3329999446868896,0.9215945601463318,0.18738381564617157,0.050908539444208145,nan,nan
0,2488,2020-02-20,2.11299991607666,0.9262556433677673,0.16005171835422516,0.08587463200092316,nan,nan
0,2488,2020-02-21,1.9780000448226929,0.8393197059631348,0.13079844415187836,0.02461700700223446,nan,nan
0,2488,2020-02-22,1.8410000801086426,0.8273806571960449,0.10398262739181519,0.01452732179313898,nan,nan
0,2488,2020-02-23,1.8929998874664307,0.8518849015235901,0.08204948902130127,0.008084324188530445,nan,nan
0,2488,2020-02-24,1.5080000162124634,0.8642845153808594,0.06924614310264587,0.009144512005150318,nan,nan
0,2488,2020-02-25,0.4129999876022339,0.9361417889595032,0.05514049902558327,7.696100510656834e-05,nan,nan
0,2488,2020-02-26,0.4129999876022339,0.9854972958564758,0.048989515751600266,6.61144222249277e-05,nan,nan
0,2488,2020-02-27,0.41600000858306885,1.0798979997634888,0.05616360530257225,0.13117532432079315,nan,nan
0,2488,2020-02-28,0.41600000858306885,1.1829581260681152,0.07296968996524811,0.16697461903095245,nan,nan
0,2488,2020-02-29,0.4129999876022339,0.9300817251205444,0.08488055318593979,0.029325470328330994,nan,nan
0,2488,2020-03-01,0.47600001096725464,1.0022938251495361,0.09671462327241898,0.033940013498067856,nan,nan
0,2488,2020-03-02,0.4610000252723694,1.0544942617416382,0.09090308099985123,0.0008581781876273453,nan,nan
0,2488,2020-03-03,0.47600001096725464,1.2710402011871338,0.09754102677106857,0.1866740733385086,nan,nan
0,2488,2020-03-04,0.4580000042915344,0.9951720237731934,0.06730364263057709,0.034968506544828415,nan,nan
0,2488,2020-03-05,0.609000027179718,0.7945928573608398,0.04607992619276047,0.01187209878116846,nan,nan
0,2488,2020-03-06,1.0329999923706055,1.4280693531036377,0.1941877007484436,0.4212419092655182,nan,nan
0,2488,2020-03-07,0.453000009059906,1.0110011100769043,0.328098863363266,0.004629559814929962,nan,nan
0,2488,2020-03-08,0.42899999022483826,0.8954868316650391,0.27525413036346436,0.025534261018037796,nan,nan
0,2488,2020-03-09,0.4350000023841858,0.9084564447402954,0.24947530031204224,3.588831168599427e-05,nan,nan
0,2488,2020-03-10,0.4560000002384186,0.8808959722518921,0.21832241117954254,0.0003063167096115649,nan,nan
0,2488,2020-03-11,0.6819999814033508,1.386228322982788,0.41353973746299744,0.2105005532503128,nan,nan
0,2488,2020-03-12,1.027999997138977,1.0939680337905884,0.5010005831718445,0.03188551217317581,nan,nan
0,2488,2020-03-13,3.489000082015991,1.1446887254714966,0.4547237753868103,0.007680211216211319,nan,nan
0,2488,2020-03-14,0.8600000143051147,1.1637331247329712,0.263185054063797,0.08589969575405121,nan,nan
0,2488,2020-03-15,0.4650000035762787,0.9177676439285278,0.15651389956474304,0.009898492135107517,nan,nan
0,2488,2020-03-16,0.4359999895095825,0.8183454871177673,0.1258758008480072,0.020014258101582527,nan,nan
0,2488,2020-03-17,0.6940000057220459,0.8011237978935242,0.10078292340040207,0.02012229524552822,nan,nan
0,2488,2020-03-18,2.5759999752044678,0.7958522439002991,0.07547100633382797,0.009086249396204948,nan,nan
0,2488,2020-03-19,3.569000005722046,0.7985974550247192,0.057794224470853806,0.054237596690654755,nan,nan
0,2488,2020-03-20,1.9059998989105225,0.8039354085922241,0.045060835778713226,0.16402927041053772,nan,nan
0,2488,2020-03-21,0.9490000009536743,0.9433252215385437,0.041652973741292953,0.10008847713470459,nan,nan
0,2488,2020-03-22,0.8610000014305115,0.8631637096405029,0.03661132976412773,0.00477090198546648,nan,nan
0,2488,2020-03-23,0.8550000190734863,0.7833001613616943,0.029064780101180077,0.003933160100132227,nan,nan
0,2488,2020-03-24,0.8080000281333923,0.6980959177017212,0.023135822266340256,0.0016460414044559002,nan,nan
0,2488,2020-03-25,0.75,0.629117488861084,0.01841343753039837,0.0009006619220599532,nan,nan
0,2488,2020-03-26,0.7070000171661377,0.609897255897522,0.014627623371779919,0.0012192192953079939,nan,nan
0,2488,2020-03-27,0.5289999842643738,0.5605030059814453,0.010978281497955322,0.0008403316023759544,nan,nan
0,2488,2020-03-28,0.3869999945163727,0.5199798345565796,0.008437816053628922,0.0024079864379018545,nan,nan
0,2488,2020-03-29,0.38999998569488525,0.5328214764595032,0.004678837023675442,0.005988770630210638,nan,nan
0,2488,2020-03-30,0.39100000262260437,0.5832876563072205,0.003699659137055278,0.0011210869997739792,nan,nan
0,2488,2020-03-31,0.3889999985694885,0.5905938744544983,0.002910897834226489,0.008540232665836811,nan,nan
0,2488,2020-04-01,0.414000004529953,0.5702404379844666,0.0016887100646272302,0.007607824634760618,nan,nan
0,2488,2020-04-02,0.4169999957084656,0.5586286187171936,0.0009429488563910127,0.00635087164118886,nan,nan
0,2488,2020-04-03,0.4129999876022339,0.5875194072723389,0.0008178934804163873,0.007574556861072779,nan,nan
0,2488,2020-04-04,0.39500001072883606,0.5535907745361328,0.00023054804478306323,0.006161602213978767,nan,nan
0,2488,2020-04-05,0.4020000100135803,0.5367023348808289,8.566628821427003e-05,0.005935957655310631,nan,nan
0,2488,2020-04-06,0.40799999237060547,0.5398535132408142,8.408514986513183e-05,0.005879723466932774,nan,nan
0,2488,2020-04-07,0.41100001335144043,0.5545381903648376,7.996506610652432e-05,0.006340573076158762,nan,nan
0,2488,2020-04-08,0.414000004529953,0.6190651655197144,8.102216088445857e-05,0.009344566613435745,nan,nan
0,2488,2020-04-09,0.414000004529953,0.6070509552955627,3.823840961558744e-05,0.008625338785350323,nan,nan
0,2488,2020-04-10,0.41200000047683716,0.6428454518318176,1.37584465846885e-05,0.010530004277825356,nan,nan
0,2488,2020-04-11,0.40299999713897705,0.6260523200035095,1.3732544175582007e-05,0.009681453928351402,nan,nan
0,2488,2020-04-12,0.40299999713897705,0.605782151222229,1.4182137419993524e-05,0.008920814841985703,nan,nan
0,2488,2020-04-13,0.4180000126361847,0.5784080624580383,1.60368927026866e-05,0.007568818051367998,nan,nan
0,2488,2020-04-14,0.42100000381469727,0.5764495134353638,1.6339452486135997e-05,0.0070298099890351295,nan,nan
0,2488,2020-04-15,0.41600000858306885,0.5166594982147217,2.0519799363682978e-05,0.004495032597333193,nan,nan
0,2488,2020-04-16,0.4189999997615814,0.49292147159576416,2.452909029670991e-05,0.0037770329508930445,nan,nan
0,2488,2020-04-17,0.4180000126361847,0.483197957277298,2.9188777261879295e-05,0.0033973155077546835,nan,nan
0,2488,2020-04-18,0.40299999713897705,0.5073840022087097,3.2989562896545976e-05,0.004230803344398737,nan,nan
0,2488,2020-04-19,0.4129999876022339,0.5237609148025513,2.9751656256848946e-05,0.005201905500143766,nan,nan
0,2488,2020-04-20,0.44999998807907104,0.5351920127868652,2.6179606720688753e-05,0.005400458350777626,nan,nan
0,2488,2020-04-21,0.45399999618530273,0.5294076204299927,2.5055865989997983e-05,0.004283181391656399,nan,nan
0,2488,2020-04-22,0.42100000381469727,0.5148138999938965,2.3114507712307386e-05,0.003693539649248123,nan,nan
0,2488,2020-04-23,0.4129999876022339,0.4778427481651306,2.8337686671875417e-05,0.0031899060122668743,nan,nan
0,2488,2020-04-24,0.41200000047683716,0.4593763053417206,3.5273435059934855e-05,0.0027932391967624426,nan,nan
0,2488,2020-04-25,0.4099999964237213,0.45911309123039246,3.958834713557735e-05,0.0028041524346917868,nan,nan
0,2488,2020-04-26,0.414000004529953,0.48134884238243103,3.6981589801143855e-05,0.0035231714136898518,nan,nan
0,2488,2020-04-27,0.4090000092983246,0.6039028763771057,4.171699038124643e-05,0.017319781705737114,nan,nan
0,2488,2020-04-28,0.6930000185966492,0.6606402397155762,3.410131830605678e-05,0.005481917876750231,nan,nan
0,2488,2020-04-29,1.0529999732971191,1.098130226135254,0.000312668300466612,0.3399818539619446,nan,nan
0,2488,2020-04-30,0.453000009059906,0.8540514707565308,0.0010055494494736195,0.002343821804970503,nan,nan
0,2488,2020-05-01,0.4259999990463257,0.9053280353546143,0.001468754606321454,0.020730918273329735,nan,nan
0,2488,2020-05-02,0.49900001287460327,1.0010998249053955,0.001647320226766169,0.05062704160809517,nan,nan
0,2488,2020-05-03,0.9969999194145203,1.0328609943389893,0.0018031825311481953,0.03684964030981064,nan,nan
0,2488,2020-05-04,0.421999990940094,0.8183343410491943,0.0020746132358908653,0.0023502465337514877,nan,nan
0,2488,2020-05-05,0.6850000023841858,0.8128541707992554,0.001944663468748331,0.0004958436475135386,nan,nan
0,2488,2020-05-06,0.6919999718666077,0.8748112320899963,0.0016948733245953918,0.002171657048165798,nan,nan
0,2488,2020-05-07,0.4230000078678131,0.7512857913970947,0.0015960505697876215,0.006979032419621944,nan,nan
0,2488,2020-05-08,0.4169999957084656,0.6583813428878784,0.00172226142603904,0.011082086712121964,nan,nan
0,2488,2020-05-09,0.4180000126361847,0.6113314628601074,0.001910855993628502,0.008744768798351288,nan,nan
0,2488,2020-05-10,0.5040000081062317,0.7451476454734802,0.0018355069914832711,0.010644841007888317,nan,nan
0,2488,2020-05-11,1.0670000314712524,0.7005347013473511,0.0017363399965688586,0.010524151846766472,nan,nan
0,2488,2020-05-12,1.0130000114440918,0.8519279956817627,0.00203580386005342,0.07212824374437332,nan,nan
0,2488,2020-05-13,0.578000009059906,0.734534502029419,0.002020458457991481,0.0005231607356108725,nan,nan
0,2488,2020-05-14,3.7119998931884766,0.7517867088317871,0.0018523555481806397,0.002977595431730151,nan,nan
0,2488,2020-05-15,0.42399999499320984,0.7486821413040161,0.0017310607945546508,0.1980607956647873,nan,nan
0,2488,2020-05-16,0.40799999237060547,0.657948911190033,0.0015663503436371684,0.01102058868855238,nan,nan
0,2488,2020-05-17,0.4050000011920929,0.6421685814857483,0.0012957514263689518,0.005152085330337286,nan,nan
0,2488,2020-05-18,0.47300001978874207,0.5416938066482544,0.0014259876916185021,0.005876128561794758,nan,nan
0,2488,2020-05-19,0.45100000500679016,0.5038568377494812,0.0015965582570061088,0.0029670882504433393,nan,nan
0,2488,2020-05-20,0.38999998569488525,0.5080156922340393,0.002012654673308134,0.003534116083756089,nan,nan
0,2488,2020-05-21,0.3869999945163727,0.5031331181526184,0.0025880811735987663,0.004730927757918835,nan,nan
0,2488,2020-05-22,0.382999986410141,0.5095605850219727,0.0035025745164602995,0.0050489031709730625,nan,nan
0,2488,2020-05-23,0.414000004529953,0.5215311646461487,0.005806301720440388,0.005626973230391741,nan,nan
0,2488,2020-05-24,0.3889999985694885,0.8461126089096069,0.009836704470217228,0.10993628948926926,nan,nan
0,2488,2020-05-25,0.3790000081062317,0.7516395449638367,0.015973130241036415,0.018659260123968124,nan,nan
0,2488,2020-05-26,0.37599998712539673,0.612583577632904,0.015939394012093544,0.01009952463209629,nan,nan
0,2488,2020-05-27,0.3720000088214874,0.5691339373588562,0.018140137195587158,0.007955563254654408,nan,nan
0,2488,2020-05-28,0.3700000047683716,0.4950338304042816,0.014449148438870907,0.0048613520339131355,nan,nan
0,2488,2020-05-29,0.36899998784065247,0.48638904094696045,0.009171593934297562,0.0045859855599701405,nan,nan
0,2488,2020-05-30,0.36899998784065247,0.43732312321662903,0.009046009741723537,0.002974521368741989,nan,nan
0,2488,2020-05-31,0.367000013589859,0.435690701007843,0.007555210031569004,0.002926251385360956,nan,nan
0,2488,2020-06-01,0.36500000953674316,0.4107205867767334,0.006985479965806007,0.002270299708470702,nan,nan
0,2488,2020-06-02,0.3630000054836273,0.4104543924331665,0.006069442257285118,0.0022967855911701918,nan,nan
0,2488,2020-06-03,0.367000013589859,0.40366318821907043,0.006863059476017952,0.00215535843744874,nan,nan
0,2488,2020-06-04,0.375,0.5003798007965088,0.005941330920904875,3.612166256061755e-05,nan,nan
0,2488,2020-06-05,0.37599998712539673,0.7121965289115906,0.00814108271151781,0.12294378876686096,nan,nan
0,2488,2020-06-06,0.3700000047683716,0.573943018913269,0.009320375509560108,0.008190789259970188,nan,nan
0,2488,2020-06-07,0.3869999945163727,0.6138203144073486,0.007643439806997776,0.0043999142944812775,nan,nan
0,2488,2020-06-08,0.4050000011920929,0.7142178416252136,0.006248281337320805,0.012133574113249779,nan,nan
0,2488,2020-06-09,0.4480000138282776,0.8904418349266052,0.005865633022040129,0.040952447801828384,nan,nan
0,2488,2020-06-10,1.4910000562667847,1.0303783416748047,0.005711269099265337,0.06782019138336182,nan,nan
0,2488,2020-06-11,0.5640000104904175,0.95035320520401,0.004637912847101688,0.03186630830168724,nan,nan
0,2488,2020-06-12,0.4560000002384186,0.7929685115814209,0.0037380473222583532,0.013749871402978897,nan,nan
0,2488,2020-06-13,0.4390000104904175,0.7014269828796387,0.0036544029135257006,0.012369930744171143,nan,nan
0,2488,2020-06-14,0.4269999861717224,0.833423912525177,0.0032467120327055454,0.00607328861951828,nan,nan
0,2488,2020-06-15,0.4269999861717224,0.7835496068000793,0.0026764862705022097,0.015712140128016472,nan,nan
0,2488,2020-06-16,0.41999998688697815,0.7463833689689636,0.002036742866039276,0.013994782231748104,nan,nan
0,2488,2020-06-17,1.0870000123977661,0.9172155261039734,0.002237875247374177,0.07269924879074097,nan,nan
0,2488,2020-06-18,0.965999960899353,0.942954957485199,0.0020561227574944496,0.012155061587691307,nan,nan
0,2488,2020-06-19,0.7099999785423279,0.9283594489097595,0.0015881978906691074,0.0006883651949465275,nan,nan
0,2488,2020-06-20,0.48000001907348633,0.8962380886077881,0.0012062944006174803,0.0025654323399066925,nan,nan
0,2488,2020-06-21,0.45100000500679016,0.7990520596504211,0.001049884594976902,0.017848504707217216,nan,nan
0,2488,2020-06-22,0.43799999356269836,0.6660401225090027,0.0006932217511348426,0.01049846038222313,nan,nan
0,2488,2020-06-23,0.42100000381469727,0.5767085552215576,0.0006839132402092218,0.006467155180871487,nan,nan
0,2488,2020-06-24,0.41200000047683716,0.5714559555053711,0.00105778977740556,0.006717500276863575,nan,nan
0,2488,2020-06-25,0.40299999713897705,0.6271365284919739,0.0012889894424006343,0.009739616885781288,nan,nan
0,2488,2020-06-26,0.4320000112056732,0.6464901566505432,0.001320215524174273,0.011136708781123161,nan,nan
0,2488,2020-06-27,0.4020000100135803,0.7114693522453308,0.0011639755684882402,0.0034215282648801804,nan,nan
0,2488,2020-06-28,0.3959999978542328,0.6882990002632141,0.001276885624974966,0.013709030114114285,nan,nan
0,2488,2020-06-29,1.496999979019165,1.3676912784576416,0.009393272921442986,0.3437555432319641,nan,nan
0,2488,2020-06-30,0.5619999766349792,1.20695960521698,0.02035464718937874,0.0005349142593331635,nan,nan
0,2488,2020-07-01,0.5090000033378601,0.8772128820419312,0.023938549682497978,0.019751600921154022,nan,nan
0,2488,2020-07-02,0.7110000252723694,1.0463875532150269,0.02429169975221157,0.013707567937672138,nan,nan
0,2488,2020-07-03,0.8069999814033508,1.1360887289047241,0.019053546711802483,0.013229014351963997,nan,nan
0,2488,2020-07-04,0.4519999921321869,0.9599204063415527,0.015581313520669937,0.01445500086992979,nan,nan
0,2488,2020-07-05,0.42500001192092896,0.748325765132904,0.014661774970591068,0.015546348877251148,nan,nan
0,2488,2020-07-06,0.421999990940094,0.6410151124000549,0.01798168011009693,0.010039016604423523,nan,nan
0,2488,2020-07-07,0.41200000047683716,0.6302640438079834,0.020990682765841484,0.00956344697624445,nan,nan
0,2488,2020-07-08,0.40700000524520874,0.5909117460250854,0.024436263367533684,0.007890639826655388,nan,nan
0,2488,2020-07-09,0.4000000059604645,0.5005558729171753,0.02847885899245739,0.004239149857312441,nan,nan
0,2488,2020-07-10,0.4009999930858612,0.48666173219680786,0.04426933825016022,0.003912549000233412,nan,nan
0,2488,2020-07-11,0.8240000009536743,1.2066675424575806,0.1263464242219925,0.3628571033477783,nan,nan
0,2488,2020-07-12,0.4169999957084656,0.7497747540473938,0.24843575060367584,0.0036068132612854242,nan,nan
0,2488,2020-07-13,0.41499999165534973,0.6836998462677002,0.23335161805152893,0.012816917151212692,nan,nan
0,2488,2020-07-14,0.40700000524520874,0.6259344220161438,0.20863808691501617,0.009572258219122887,nan,nan
0,2488,2020-07-15,0.5809999704360962,0.5797145366668701,0.18749520182609558,0.007509158458560705,nan,nan
0,2488,2020-07-16,0.4009999930858612,0.5869889259338379,0.13328592479228973,0.003389759222045541,nan,nan
0,2488,2020-07-17,0.39500001072883606,0.538506805896759,0.10100385546684265,0.005850350949913263,nan,nan
0,2488,2020-07-18,0.38199999928474426,0.4921160042285919,0.08385678380727768,0.004213172942399979,nan,nan
0,2488,2020-07-19,0.3779999911785126,0.45945289731025696,0.08438113331794739,0.003397782798856497,nan,nan
0,2488,2020-07-20,0.382999986410141,0.43606287240982056,0.09097437560558319,0.0027691812720149755,nan,nan
0,2488,2020-07-21,0.3840000033378601,0.42516037821769714,0.1152729019522667,0.0023796288296580315,nan,nan
0,2488,2020-07-22,0.8429999947547913,0.6111490726470947,0.10282623767852783,0.020293544977903366,nan,nan
0,2488,2020-07-23,2.993000030517578,1.2324738502502441,0.1368613839149475,0.34743255376815796,nan,nan
0,2488,2020-07-24,0.3880000114440918,0.9307420253753662,0.2588803470134735,0.0727967843413353,nan,nan
0,2488,2020-07-25,0.3720000088214874,0.8283897042274475,0.23227809369564056,0.00025143357925117016,nan,nan
0,2488,2020-07-26,0.36399999260902405,0.7390585541725159,0.24480244517326355,0.01853569969534874,nan,nan
0,2488,2020-07-27,0.35899999737739563,0.6678053736686707,0.2367931306362152,0.013959282077848911,nan,nan
0,2488,2020-07-28,0.3540000021457672,0.6024289727210999,0.16670852899551392,0.01024714671075344,nan,nan
0,2488,2020-07-29,0.35499998927116394,0.6311818957328796,0.11932863295078278,1.2860167771577835e-05,nan,nan
0,2488,2020-07-30,0.37599998712539673,0.6125966310501099,0.11562598496675491,0.010961032472550869,nan,nan
0,2488,2020-07-31,0.4129999876022339,0.6503950953483582,0.09375748038291931,0.01239056047052145,nan,nan
0,2488,2020-08-01,0.34599998593330383,0.6027069091796875,0.13369207084178925,0.008439190685749054,nan,nan
0,2488,2020-08-02,0.37700000405311584,0.7126119136810303,0.11385301500558853,0.0023894088808447123,nan,nan
0,2488,2020-08-03,1.8820000886917114,0.9690707325935364,0.09743829816579819,0.051621295511722565,nan,nan
0,2488,2020-08-04,4.02400016784668,1.730920672416687,0.23441734910011292,0.6018850207328796,nan,nan
0,2488,2020-08-05,1.7130000591278076,1.3978921175003052,0.3171389698982239,0.14788904786109924,nan,nan
0,2488,2020-08-06,0.48100000619888306,0.9111664295196533,0.2892191708087921,0.002642301144078374,nan,nan
0,2488,2020-08-07,0.44999998807907104,0.6945940256118774,0.27821534872055054,0.011023001745343208,nan,nan
0,2488,2020-08-08,0.4309999942779541,0.6734941601753235,0.2844238579273224,0.010954917408525944,nan,nan
0,2488,2020-08-09,0.4129999876022339,0.6153835654258728,0.1617177277803421,0.00849518645554781,nan,nan
0,2488,2020-08-10,0.9629999995231628,0.5517102479934692,0.12707945704460144,0.006081503815948963,nan,nan
0,2488,2020-08-11,0.40400001406669617,0.6466130614280701,0.10249395668506622,0.010007827542722225,nan,nan
0,2488,2020-08-12,0.4000000059604645,0.6722689270973206,0.09920834749937057,0.012627617456018925,nan,nan
0,2488,2020-08-13,0.4269999861717224,0.7999256253242493,0.08194839209318161,0.0036555554252117872,nan,nan
0,2488,2020-08-14,0.6169999837875366,1.0679407119750977,0.06991955637931824,0.07329525798559189,nan,nan
0,2488,2020-08-15,0.43299999833106995,0.953673779964447,0.06182112172245979,0.0072703915648162365,nan,nan
0,2488,2020-08-16,0.6290000081062317,0.68891841173172,0.05575045198202133,0.012507205829024315,nan,nan
0,2488,2020-08-17,2.249000072479248,0.8651102781295776,0.06930294632911682,0.16365335881710052,nan,nan
0,2488,2020-08-18,0.5889999866485596,0.8874183297157288,0.06594854593276978,0.054460808634757996,nan,nan
0,2488,2020-08-19,0.4309999942779541,0.8417434692382812,0.04960988089442253,0.012663221918046474,nan,nan
0,2488,2020-08-20,0.4189999997615814,0.7080919742584229,0.043222520500421524,0.01378373708575964,nan,nan
0,2488,2020-08-21,0.4059999883174896,0.5901923179626465,0.033481016755104065,0.007640488911420107,nan,nan
0,2488,2020-08-22,0.3959999978542328,0.604703426361084,0.02219538576900959,0.008766962215304375,nan,nan
0,2488,2020-08-23,0.3919999897480011,0.6100187301635742,0.01641942746937275,0.009375425986945629,nan,nan
0,2488,2020-08-24,0.39899998903274536,0.5881147384643555,0.014050086960196495,0.008383926004171371,nan,nan
0,2488,2020-08-25,0.39800000190734863,0.532025933265686,0.011824124492704868,0.005635970272123814,nan,nan
0,2488,2020-08-26,0.3919999897480011,0.4592602252960205,0.011557468213140965,0.0030737475026398897,nan,nan
0,2488,2020-08-27,0.8880000114440918,0.3942832052707672,0.015050409361720085,0.0015057254349812865,nan,nan
0,2488,2020-08-28,0.3970000147819519,0.42856839299201965,0.014047483913600445,0.0014869450824335217,nan,nan
0,2488,2020-08-29,0.40299999713897705,0.7015631794929504,0.02642575278878212,0.1992231160402298,nan,nan
0,2488,2020-08-30,6.000999927520752,1.137943983078003,0.06212056428194046,0.3619956970214844,nan,nan
0,2488,2020-08-31,2.8369998931884766,2.40498423576355,0.14897693693637848,1.655693531036377,nan,nan
0,2488,2020-09-01,0.8199999928474426,1.5050982236862183,0.22612392902374268,0.007431119214743376,nan,nan
0,2488,2020-09-02,0.4390000104904175,1.0338997840881348,0.14570078253746033,0.019069822505116463,nan,nan
0,2488,2020-09-03,0.9300000071525574,0.866279661655426,0.07877618074417114,0.02530130185186863,nan,nan
0,2488,2020-09-04,1.1299999952316284,0.7105275988578796,0.06204374507069588,0.0009514685953035951,nan,nan
0,2488,2020-09-05,0.41200000047683716,0.6433985233306885,0.05331019312143326,0.0005010784952901304,nan,nan
0,2488,2020-09-06,0.40400001406669617,0.5962018966674805,0.04769403114914894,0.00814853236079216,nan,nan
0,2488,2020-09-07,0.40400001406669617,0.6180044412612915,0.03507145494222641,0.005589480511844158,nan,nan
0,2488,2020-09-08,0.3959999978542328,0.6099292039871216,0.025969957932829857,0.009101937524974346,nan,nan
0,2488,2020-09-09,0.3930000066757202,0.578903317451477,0.019276762381196022,0.007807012181729078,nan,nan
0,2488,2020-09-10,0.39100000262260437,0.5902724862098694,0.015380729921162128,0.008459643460810184,nan,nan
0,2488,2020-09-11,0.3840000033378601,0.6267543435096741,0.011671489104628563,0.010456310585141182,nan,nan
0,2488,2020-09-12,0.37299999594688416,0.5893897414207458,0.00813817698508501,0.00802089087665081,nan,nan
0,2488,2020-09-13,0.36899998784065247,0.5245790481567383,0.00609162962064147,0.006020314991474152,nan,nan
0,2488,2020-09-14,0.37599998712539673,0.5271972417831421,0.004966289270669222,0.006241398397833109,nan,nan
0,2488,2020-09-15,0.45899999141693115,0.5106699466705322,0.002928157104179263,0.0053700050339102745,nan,nan
0,2488,2020-09-16,0.3630000054836273,0.5041334629058838,0.002289700089022517,0.003248244058340788,nan,nan
0,2488,2020-09-17,0.3619999885559082,0.5168272852897644,0.0018777776276692748,0.005964258685708046,nan,nan
0,2488,2020-09-18,0.36000001430511475,0.5254849791526794,0.0016184572596102953,0.006361656356602907,nan,nan
0,2488,2020-09-19,0.3610000014305115,0.5588579177856445,0.001341116614639759,0.007955486886203289,nan,nan
0,2488,2020-09-20,0.3840000033378601,0.5935621857643127,0.0009946911595761776,0.009695377200841904,nan,nan
0,2488,2020-09-21,0.3889999985694885,0.6941747069358826,0.0009427193435840309,0.02958797477185726,nan,nan
0,2488,2020-09-22,0.37700000405311584,0.5992222428321838,0.0008644928457215428,0.00904620997607708,nan,nan
0,2488,2020-09-23,0.37700000405311584,0.6541347503662109,0.0009185938979499042,0.029515603557229042,nan,nan
0,2488,2020-09-24,0.37400001287460327,0.5926803350448608,0.0008330651908181608,0.009106578305363655,nan,nan
0,2488,2020-09-25,0.3959999978542328,0.8162484169006348,0.002018204890191555,0.16566243767738342,nan,nan
0,2488,2020-09-26,0.41499999165534973,1.14167058467865,0.0035988925956189632,0.15918710827827454,nan,nan
0,2488,2020-09-27,0.39800000190734863,0.844174325466156,0.0036131159868091345,0.017790207639336586,nan,nan
0,2488,2020-09-28,0.4020000100135803,0.6768590211868286,0.0026394841261208057,0.013149400241672993,nan,nan
0,2488,2020-09-29,0.421999990940094,0.6337538957595825,0.00198989431373775,0.015572714619338512,nan,nan
0,2488,2020-09-30,0.4189999997615814,0.5733805894851685,0.0009172295685857534,0.0029918465297669172,nan,nan
0,2488,2020-10-01,0.4580000042915344,0.534956157207489,0.0007593170739710331,0.005238119047135115,nan,nan
0,2488,2020-10-02,0.3790000081062317,0.5227633118629456,0.0006327598239295185,0.0038737086579203606,nan,nan
0,2488,2020-10-03,3.4200000762939453,1.2675185203552246,0.060462772846221924,0.982814610004425,nan,nan
0,2488,2020-10-04,1.1430000066757202,1.6163804531097412,0.15974396467208862,0.3522043526172638,nan,nan
0,2488,2020-10-05,0.4580000042915344,1.1588321924209595,0.13458387553691864,0.0003807257453445345,nan,nan
0,2488,2020-10-06,0.421999990940094,1.0097140073776245,0.10594016313552856,0.027042564004659653,nan,nan
0,2488,2020-10-07,0.5659999847412109,1.1218030452728271,0.1161261722445488,0.031497079879045486,nan,nan
0,2488,2020-10-08,0.40700000524520874,0.9756717681884766,0.11017708480358124,0.02404087968170643,nan,nan
0,2488,2020-10-09,0.3930000066757202,0.7570745944976807,0.0882629007101059,0.018206655979156494,nan,nan
0,2488,2020-10-10,0.4000000059604645,0.6917426586151123,0.07069025188684464,0.014303216710686684,nan,nan
0,2488,2020-10-11,0.4000000059604645,0.8201974034309387,0.0806766152381897,0.03711818531155586,nan,nan
0,2488,2020-10-12,0.4129999876022339,0.7514180541038513,0.07005134969949722,0.0010509067215025425,nan,nan
0,2488,2020-10-13,0.40799999237060547,0.6058875322341919,0.056525904685258865,0.008599004708230495,nan,nan
0,2488,2020-10-14,0.39500001072883606,0.6170132160186768,0.045155253261327744,0.004305016249418259,nan,nan
0,2488,2020-10-15,0.39100000262260437,0.579647958278656,0.03573111072182655,0.00787386205047369,nan,nan
0,2488,2020-10-16,0.38600000739097595,0.5372093319892883,0.02982940897345543,0.00011551349598448724,nan,nan
0,2488,2020-10-17,0.37400001287460327,0.4749029874801636,0.02405494637787342,0.003818842116743326,nan,nan
0,2488,2020-10-18,0.3700000047683716,0.47163429856300354,0.019046586006879807,0.003969574812799692,nan,nan
0,2488,2020-10-19,0.375,0.46993646025657654,0.015137230977416039,0.0039994982071220875,nan,nan
0,2488,2020-10-20,0.37400001287460327,0.44680261611938477,0.010952265933156013,0.003143923357129097,nan,nan
0,2488,2020-10-21,0.37299999594688416,0.4623706340789795,0.008102922700345516,0.0036581975873559713,nan,nan
0,2488,2020-10-22,0.37299999594688416,0.5225253701210022,0.006062453147023916,0.005933880805969238,nan,nan
0,2488,2020-10-23,2.0169999599456787,0.7375208139419556,0.005007867235690355,0.00452578766271472,nan,nan
0,2488,2020-10-24,3.246000051498413,1.3620601892471313,0.014833230525255203,0.5459939241409302,nan,nan
0,2488,2020-10-25,0.9869999885559082,1.1900794506072998,0.024719035252928734,0.059263359755277634,nan,nan
0,2488,2020-10-26,0.4779999852180481,1.1700220108032227,0.020554834976792336,0.011299624107778072,nan,nan
0,2488,2020-10-27,0.45899999141693115,1.3448400497436523,0.02871554158627987,0.0448482483625412,nan,nan
0,2488,2020-10-28,0.4390000104904175,0.9920016527175903,0.029172416776418686,0.036019857972860336,nan,nan
0,2488,2020-10-29,1.3179999589920044,1.0420916080474854,0.02867141366004944,0.002442963421344757,nan,nan
0,2488,2020-10-30,0.7870000004768372,0.8976040482521057,0.024795521050691605,6.64700273773633e-05,nan,nan
0,2488,2020-10-31,0.4180000126361847,0.892187237739563,0.0199140552431345,0.011085587553679943,nan,nan
0,2488,2020-11-01,0.4099999964237213,0.7621060609817505,0.004037253092974424,0.018057679757475853,nan,nan
0,2488,2020-11-02,0.4129999876022339,0.6595701575279236,0.002025835681706667,0.011635372415184975,nan,nan
0,2488,2020-11-03,0.4180000126361847,0.6595406532287598,0.0015494278632104397,0.011520796455442905,nan,nan
0,2488,2020-11-04,0.4180000126361847,0.8413897752761841,0.001763009000569582,0.008883051574230194,nan,nan
0,2488,2020-11-05,0.4090000092983246,0.6967264413833618,0.0014041762333363295,0.007734936196357012,nan,nan
0,2488,2020-11-06,0.4050000011920929,0.5987722873687744,0.0010567110730335116,0.008371014147996902,nan,nan
0,2488,2020-11-07,0.3919999897480011,0.5777856111526489,0.0008937938837334514,0.00747878011316061,nan,nan
0,2488,2020-11-08,0.3880000114440918,0.5646517872810364,0.0007639348623342812,0.007255166303366423,nan,nan
0,2488,2020-11-09,0.3930000066757202,0.5426056385040283,0.0005637078429572284,0.00638010585680604,nan,nan
0,2488,2020-11-10,0.3880000114440918,0.509476900100708,0.00046998567995615304,0.004897776525467634,nan,nan
0,2488,2020-11-11,0.382999986410141,0.4796573221683502,0.000389094406273216,0.003936470951884985,nan,nan
0,2488,2020-11-12,0.3799999952316284,0.4728069305419922,0.0003352417261339724,0.0038131396286189556,nan,nan
0,2488,2020-11-13,0.38100001215934753,0.4962124824523926,0.0002879020757973194,0.0047122579999268055,nan,nan
0,2488,2020-11-14,0.36899998784065247,0.478739857673645,0.00024555413983762264,0.004059616941958666,nan,nan
0,2488,2020-11-15,0.36800000071525574,0.4801177680492401,0.000210634054383263,0.004380811005830765,nan,nan
0,2488,2020-11-16,0.3709999918937683,0.5821660757064819,0.0002733951259870082,0.04001762345433235,nan,nan
0,2488,2020-11-17,0.36899998784065247,0.5147786736488342,0.0002906284644268453,0.005513063166290522,nan,nan
0,2488,2020-11-18,0.37299999594688416,0.4778502583503723,0.0002525483723729849,0.004299487918615341,nan,nan
0,2488,2020-11-19,0.3919999897480011,0.4852226674556732,0.0002197441936004907,0.004472673870623112,nan,nan
0,2488,2020-11-20,0.367000013589859,0.5810210704803467,0.0002676141739357263,0.026335125789046288,nan,nan
0,2488,2020-11-21,0.3880000114440918,0.5718123912811279,0.0002763130178209394,0.007940584793686867,nan,nan
0,2488,2020-11-22,0.3790000081062317,0.48733070492744446,0.00014370026474352926,0.00420292466878891,nan,nan
0,2488,2020-11-23,0.3720000088214874,0.4677584767341614,5.3782725444762036e-05,0.003730231896042824,nan,nan
0,2488,2020-11-24,0.37700000405311584,0.4709249436855316,4.571016688714735e-05,0.003989320248365402,nan,nan
0,2488,2020-11-25,0.3790000081062317,0.44712889194488525,3.5651795769808814e-05,0.003114747814834118,nan,nan
0,2488,2020-11-26,0.38100001215934753,0.42862793803215027,2.030814539466519e-05,0.0025426261126995087,nan,nan
0,2488,2020-11-27,0.3659999966621399,0.40894559025764465,1.6162977772182785e-05,0.0019996482878923416,nan,nan
0,2488,2020-11-28,0.3700000047683716,0.39767691493034363,1.3683966244570911e-05,0.0019600121304392815,nan,nan
0,2488,2020-11-29,0.36800000071525574,0.3886215388774872,1.2881130714959e-05,0.0016898693284019828,nan,nan
0,2488,2020-11-30,0.37400001287460327,0.3858928382396698,1.2258959031896666e-05,0.001657700166106224,nan,nan
0,2488,2020-12-01,0.37700000405311584,0.421813040971756,1.2749227607855573e-05,0.0005366193363443017,nan,nan
0,2488,2020-12-02,0.36899998784065247,0.5073912143707275,2.4790781026240438e-05,0.04541483148932457,nan,nan
0,2488,2020-12-03,0.36899998784065247,0.45909222960472107,2.5867380827548914e-05,0.00048156731645576656,nan,nan
0,2488,2020-12-04,0.367000013589859,0.4215843379497528,2.3398724806611426e-05,0.002258917083963752,nan,nan
0,2488,2020-12-05,0.3610000014305115,0.5672245621681213,9.298290387960151e-05,0.13736584782600403,nan,nan
0,2488,2020-12-06,0.3619999885559082,0.7345278859138489,0.00024915862013585865,0.15895752608776093,nan,nan
0,2488,2020-12-07,0.36899998784065247,0.7004994750022888,0.0003346861049067229,0.0007487635593861341,nan,nan
0,2488,2020-12-08,0.36899998784065247,0.637954831123352,0.0003166080277878791,0.000509201898239553,nan,nan
0,2488,2020-12-09,0.36899998784065247,0.6210792660713196,0.00032526368158869445,0.0018529871013015509,nan,nan
0,2488,2020-12-10,0.36800000071525574,0.6219031810760498,0.0003249915025662631,0.0009542605257593095,nan,nan
0,2488,2020-12-11,0.3659999966621399,0.5500229001045227,0.00029519398231059313,0.007060505449771881,nan,nan
0,2488,2020-12-12,0.3659999966621399,0.5431157350540161,0.00028263215790502727,4.192105188849382e-05,nan,nan
0,2488,2020-12-13,0.3880000114440918,0.8245962262153625,0.001630658283829689,0.27889999747276306,nan,nan
0,2488,2020-12-14,0.3880000114440918,0.7054793238639832,0.00309136975556612,0.014675167389214039,nan,nan
0,2488,2020-12-15,0.3869999945163727,0.6260223388671875,0.0023203128948807716,0.010522907599806786,nan,nan
0,2488,2020-12-16,0.40400001406669617,0.6698243618011475,0.0018992136465385556,0.003374663880094886,nan,nan
0,2488,2020-12-17,0.38499999046325684,0.6671223640441895,0.0016191524919122458,0.012239199131727219,nan,nan
0,2488,2020-12-18,0.3790000081062317,0.6591857671737671,0.0013742330484092236,0.012573708780109882,nan,nan
0,2488,2020-12-19,0.367000013589859,0.585121214389801,0.0010630672331899405,0.008652953431010246,nan,nan
0,2488,2020-12-20,0.3659999966621399,0.5647489428520203,0.000852926226798445,0.008023413829505444,nan,nan
0,2488,2020-12-21,0.3709999918937683,0.5632787942886353,0.0007228111498989165,0.007983091287314892,nan,nan
0,2488,2020-12-22,0.4189999997615814,0.6878475546836853,0.001155396574176848,0.06158367544412613,nan,nan
0,2488,2020-12-23,0.41499999165534973,0.6448748707771301,0.001265629311092198,0.010464112274348736,nan,nan
0,2488,2020-12-24,1.8380000591278076,0.8323593735694885,0.001653140876442194,0.033279795199632645,nan,nan
0,2488,2020-12-25,0.8370000123977661,0.9408297538757324,0.0016671718331053853,0.08860240876674652,nan,nan
0,2488,2020-12-26,0.4059999883174896,0.8831108212471008,0.0016473988071084023,0.014317769557237625,nan,nan
0,2488,2020-12-27,0.41600000858306885,0.7297821044921875,0.0014676913851872087,0.01535819936543703,nan,nan
0,2488,2020-12-28,0.40299999713897705,0.6305307745933533,0.0012066971976310015,0.008109222166240215,nan,nan
0,2488,2020-12-29,0.3959999978542328,0.6563577055931091,0.001281494041904807,0.01201411709189415,nan,nan
0,2488,2020-12-30,0.3889999985694885,0.6078675389289856,0.0011690380051732063,0.0023871276061981916,nan,nan
0,2488,2020-12-31,0.38499999046325684,0.5386337041854858,0.0009581009508110583,0.0010851132683455944,nan,nan
0,4008,2018-10-19,0.14300000667572021,0.3537251055240631,0.0001284126192331314,0.0050073727034032345,nan,nan
0,4008,2018-10-20,0.14300000667572021,0.37448036670684814,0.00011188969074282795,0.005919250193983316,nan,nan
0,4008,2018-10-21,0.14300000667572021,0.3843718469142914,9.701470116851851e-05,0.006340790074318647,nan,nan
0,4008,2018-10-22,0.1420000046491623,0.3844906985759735,8.576585241826251e-05,0.006345943082123995,nan,nan
0,4008,2018-10-23,0.14900000393390656,0.35324326157569885,5.841011443408206e-05,0.005088082980364561,nan,nan
0,4008,2018-10-24,0.1459999978542328,0.3336131274700165,4.4678046833723783e-05,0.004194378852844238,nan,nan
0,4008,2018-10-25,0.1459999978542328,0.33247217535972595,4.100794831174426e-05,0.004222119692713022,nan,nan
0,4008,2018-10-26,0.15399999916553497,0.3362383246421814,3.6556823033606634e-05,0.00435639126226306,nan,nan
0,4008,2018-10-27,0.32600000500679016,0.38804709911346436,3.586707680369727e-05,0.0010958404745906591,nan,nan
0,4008,2018-10-28,0.47099998593330383,0.6574493646621704,0.0007353141554631293,0.5125448107719421,nan,nan
0,4008,2018-10-29,0.2750000059604645,0.6062499284744263,0.0019144498510286212,3.6169208215142135e-06,nan,nan
0,4008,2018-10-30,0.3330000042915344,0.6538346409797668,0.0018524033948779106,0.07159297913312912,nan,nan
0,4008,2018-10-31,0.2590000033378601,0.5925423502922058,0.0015306957066059113,0.00030946265906095505,nan,nan
0,4008,2018-11-01,0.20999999344348907,0.5047495365142822,0.001305903191678226,0.008485999889671803,nan,nan
0,4008,2018-11-02,0.21799999475479126,0.4805404543876648,0.0011122560827061534,0.008853809908032417,nan,nan
0,4008,2018-11-03,0.2329999804496765,0.4455655515193939,0.0009496987913735211,0.006918303202837706,nan,nan
0,4008,2018-11-04,0.20399999618530273,0.43792301416397095,0.0008107522735372186,0.0061581977643072605,nan,nan
0,4008,2018-11-05,0.2070000022649765,0.4442567229270935,0.0006993734859861434,0.007270489353686571,nan,nan
0,4008,2018-11-06,0.2070000022649765,0.4369328022003174,0.0005991582875140011,0.006847437936812639,nan,nan
0,4008,2018-11-07,0.2029999941587448,0.43713808059692383,0.0005169500946067274,0.00685668783262372,nan,nan
0,4008,2018-11-08,0.20200000703334808,0.4798125624656677,0.0004498136113397777,0.007857631891965866,nan,nan
0,4008,2018-11-09,0.17900000512599945,0.4668675661087036,0.0003888280189130455,0.008421973325312138,nan,nan
0,4008,2018-11-10,0.17800000309944153,0.45052728056907654,0.0003366734308656305,0.00834368821233511,nan,nan
0,4008,2018-11-11,0.20100000500679016,0.4506169557571411,0.0003036772832274437,0.0018024749588221312,nan,nan
0,4008,2018-11-12,0.18299999833106995,0.45920994877815247,0.00027040025452151895,0.0022005713544785976,nan,nan
0,4008,2018-11-13,0.17599999904632568,0.4362213611602783,0.0002364620304433629,0.007525668479502201,nan,nan
0,4008,2018-11-14,0.1940000057220459,0.45846980810165405,0.00021372690389398485,0.0038002319633960724,nan,nan
0,4008,2018-11-15,0.17399999499320984,0.4417355954647064,0.0001898743212223053,0.007452670019119978,nan,nan
0,4008,2018-11-16,0.17399999499320984,0.43614429235458374,0.00016985410184133798,0.007797376252710819,nan,nan
0,4008,2018-11-17,0.16500000655651093,0.43258628249168396,0.00015112996334210038,0.007627278100699186,nan,nan
0,4008,2018-11-18,0.1809999942779541,0.40966299176216125,0.00013242365093901753,0.0068339635618031025,nan,nan
0,4008,2018-11-19,0.164000004529953,0.39518189430236816,0.00011808066483354196,0.0057652778923511505,nan,nan
0,4008,2018-11-20,0.17800000309944153,0.3761701285839081,0.0001052262814482674,0.005435518454760313,nan,nan
0,4008,2018-11-21,0.1770000010728836,0.35769063234329224,9.412731742486358e-05,0.004388908855617046,nan,nan
0,4008,2018-11-22,0.17900000512599945,0.3577633798122406,8.59372885315679e-05,0.00410333089530468,nan,nan
0,4008,2018-11-23,0.17599999904632568,0.3775244653224945,7.79341789893806e-05,0.005108351819217205,nan,nan
0,4008,2018-11-24,0.1770000010728836,0.3974789083003998,7.264510350069031e-05,0.0022174562327563763,nan,nan
0,4008,2018-11-25,0.17499999701976776,0.44181498885154724,6.948551890673116e-05,0.007978403940796852,nan,nan
0,4008,2018-11-26,0.17800000309944153,0.4305800199508667,2.314757693966385e-05,0.0071517606265842915,nan,nan
0,4008,2018-11-27,0.19900000095367432,0.4907967448234558,9.627847248339094e-06,0.005849924404174089,nan,nan
0,4008,2018-11-28,0.18000000715255737,0.4831819534301758,8.282157068606466e-06,0.0025722088757902384,nan,nan
0,4008,2018-11-29,0.17900000512599945,0.46293479204177856,7.038012881821487e-06,0.008938995189964771,nan,nan
0,4008,2018-11-30,0.18000000715255737,0.46302422881126404,6.564758223248646e-06,0.008976691402494907,nan,nan
0,4008,2018-12-01,0.18700000643730164,0.4968429207801819,7.486528829758754e-06,0.00012987131776753813,nan,nan
0,4008,2018-12-02,0.2329999804496765,0.5046858191490173,7.615521099069156e-06,0.01018836535513401,nan,nan
0,4008,2018-12-03,0.4480000138282776,0.7966115474700928,0.00020112551283091307,0.30623602867126465,nan,nan
0,4008,2018-12-04,0.49799999594688416,0.9383875131607056,0.00040504796197637916,0.06879207491874695,nan,nan
0,4008,2018-12-05,0.4099999964237213,0.9117709994316101,0.0004293185193091631,0.0003427191695664078,nan,nan
0,4008,2018-12-06,0.3230000138282776,0.8448256254196167,0.0003969939425587654,0.005540633108466864,nan,nan
0,4008,2018-12-07,0.2809999883174896,0.7515875697135925,0.00034991445136256516,0.016737207770347595,nan,nan
0,4008,2018-12-08,0.2639999985694885,0.7884217500686646,0.00034661704557947814,3.5720655432669446e-05,nan,nan
0,4008,2018-12-09,0.3569999933242798,0.8335698843002319,0.0003782142011914402,0.01437875721603632,nan,nan
0,4008,2018-12-10,0.4399999976158142,0.8666831851005554,0.00045114007662050426,0.028704345226287842,nan,nan
0,4008,2018-12-11,0.367000013589859,0.7560034394264221,0.0004471941210795194,0.003360322443768382,nan,nan
0,4008,2018-12-12,0.289000004529953,0.6443235278129578,0.00037939363392069936,0.012372862547636032,nan,nan
0,4008,2018-12-13,0.2619999945163727,0.5583780407905579,0.0003256112104281783,0.010296802036464214,nan,nan
0,4008,2018-12-14,0.23499998450279236,0.5338292121887207,0.00027679078630171716,0.009902331978082657,nan,nan
0,4008,2018-12-15,0.23399999737739563,0.4895971715450287,0.00023637706181034446,0.00849901232868433,nan,nan
0,4008,2018-12-16,0.22599999606609344,0.5123320817947388,0.00030314590549096465,0.026427241042256355,nan,nan
0,4008,2018-12-17,0.2240000069141388,0.46164146065711975,0.0003057208959944546,0.0032693895045667887,nan,nan
0,4008,2018-12-18,0.2290000021457672,0.445296972990036,0.00026908350992016494,0.005110397003591061,nan,nan
0,4008,2018-12-19,0.2329999804496765,0.43013617396354675,0.0002355224423808977,0.005937289446592331,nan,nan
0,4008,2018-12-20,0.2849999964237213,0.4568319618701935,0.00021727597049903125,8.041300316108391e-05,nan,nan
0,4008,2018-12-21,0.3569999933242798,0.4741850197315216,0.00018865277525037527,0.006281411740928888,nan,nan
0,4008,2018-12-22,0.5509999990463257,0.6328158378601074,0.00044605505536310375,0.12466033548116684,nan,nan
0,4008,2018-12-23,0.49399998784065247,0.716434895992279,0.0004905171226710081,0.009871233254671097,nan,nan
0,4008,2018-12-24,0.7009999752044678,1.0233347415924072,0.0016143005341291428,0.19462569057941437,nan,nan
0,4008,2018-12-25,0.5170000195503235,0.9683446884155273,0.0022670405451208353,0.0017232116078957915,nan,nan
0,4008,2018-12-26,0.38100001215934753,0.8034356832504272,0.0017998230177909136,0.016467096284031868,nan,nan
0,4008,2018-12-27,0.35100001096725464,0.7193012237548828,0.001473683980293572,0.016691317781805992,nan,nan
0,4008,2018-12-28,0.30399999022483826,0.6083565950393677,0.0012273057363927364,0.010865977965295315,nan,nan
0,4008,2018-12-29,0.27399998903274536,0.5662349462509155,0.0010302799055352807,0.010198960080742836,nan,nan
0,4008,2018-12-30,0.25999999046325684,0.5176364779472351,0.0008684910135343671,0.005514057818800211,nan,nan
0,4008,2018-12-31,0.26600000262260437,0.5314350128173828,0.0007482072687707841,0.0003519201127346605,nan,nan
0,4008,2019-01-01,0.2639999985694885,0.49661606550216675,0.00038068919093348086,0.0036467823665589094,nan,nan
0,4008,2019-01-02,0.2639999985694885,0.4975943863391876,0.0003058686852455139,0.0014306781813502312,nan,nan
0,4008,2019-01-03,0.2549999952316284,0.4771980345249176,0.00024746658164076507,0.003545404179021716,nan,nan
0,4008,2019-01-04,0.23399999737739563,0.470262736082077,0.00021642990759573877,0.004407267086207867,nan,nan
0,4008,2019-01-05,0.2449999898672104,0.45701488852500916,0.00018996016297023743,0.006523637566715479,nan,nan
0,4008,2019-01-06,0.2549999952316284,0.5737414956092834,0.0004044666711706668,0.08544346690177917,nan,nan
0,4008,2019-01-07,0.27300000190734863,0.5845197439193726,0.00046689901500940323,0.0008398853242397308,nan,nan
0,4008,2019-01-08,0.3230000138282776,0.583838701248169,0.0004158391384407878,0.0029086023569107056,nan,nan
0,4008,2019-01-09,0.3700000047683716,0.6380006074905396,0.00043494050623849034,0.008863366208970547,nan,nan
0,4008,2019-01-10,0.3529999852180481,0.6524215936660767,0.00042638645390979946,0.0016946978867053986,nan,nan
0,4008,2019-01-11,0.3190000057220459,0.7083398699760437,0.00045826370478607714,0.0059035164304077625,nan,nan
0,4008,2019-01-12,0.30300000309944153,0.6808913350105286,0.0004393873969092965,0.0010076204780489206,nan,nan
0,4008,2019-01-13,0.4960000216960907,0.7497789263725281,0.0005385528202168643,0.011800411157310009,nan,nan
0,4008,2019-01-14,1.3890000581741333,0.9352236390113831,0.001218954799696803,0.15949274599552155,nan,nan
0,4008,2019-01-15,0.8349999785423279,0.8705114722251892,0.0014494694769382477,0.0209024827927351,nan,nan
0,4008,2019-01-16,0.6380000114440918,0.7360430359840393,0.0011964940931648016,0.0029589596670120955,nan,nan
0,4008,2019-01-17,0.5189999938011169,0.6797109246253967,0.0009897432755678892,0.005401809699833393,nan,nan
0,4008,2019-01-18,0.5109999775886536,0.6589376926422119,0.0008677084697410464,0.0004903874942101538,nan,nan
0,4008,2019-01-19,0.44600000977516174,0.6281737685203552,0.0007216957747004926,0.0066695669665932655,nan,nan
0,4008,2019-01-20,0.38199999928474426,0.5657536387443542,0.0004769321240019053,0.00578183913603425,nan,nan
0,4008,2019-01-21,0.3790000081062317,0.5584882497787476,0.00034725607838481665,0.0072671351954340935,nan,nan
0,4008,2019-01-22,0.35100001096725464,0.5170402526855469,0.0002181372110499069,0.005548746325075626,nan,nan
0,4008,2019-01-23,0.35100001096725464,0.4937073290348053,0.00014077498053666204,0.005333814304322004,nan,nan
0,4008,2019-01-24,0.32499998807907104,0.4774017930030823,0.00011963997530983761,0.004705228842794895,nan,nan
0,4008,2019-01-25,0.29499998688697815,0.47727784514427185,0.00010418133751954883,0.0050981175154447556,nan,nan
0,4008,2019-01-26,0.28700000047683716,0.46160614490509033,9.006662730826065e-05,0.005488369148224592,nan,nan
0,4008,2019-01-27,0.3009999990463257,0.4524601399898529,7.80429836595431e-05,0.004515478387475014,nan,nan
0,4008,2019-01-28,0.3499999940395355,0.519762396812439,8.172574598575011e-05,0.005337129812687635,nan,nan
0,4008,2019-01-29,0.34299999475479126,0.541715145111084,7.44547724025324e-05,0.0034015397541224957,nan,nan
0,4008,2019-01-30,0.30300000309944153,0.5327087640762329,6.381075945682824e-05,0.007233047857880592,nan,nan
0,4008,2019-01-31,0.2879999876022339,0.5236358642578125,5.456200597109273e-05,0.008022678084671497,nan,nan
0,4008,2019-02-01,0.28999999165534973,0.5233807563781738,4.770020314026624e-05,0.007930594496428967,nan,nan
0,4008,2019-02-02,0.3050000071525574,0.5688121914863586,4.6488050429616123e-05,0.0003202180960215628,nan,nan
0,4008,2019-02-03,0.3240000009536743,0.6640583872795105,5.651916580973193e-05,0.007623948156833649,nan,nan
0,4008,2019-02-04,0.3310000002384186,0.7419351935386658,6.534394924528897e-05,0.029132135212421417,nan,nan
0,4008,2019-02-05,0.31700000166893005,0.6556372046470642,6.640170613536611e-05,0.014545666053891182,nan,nan
0,4008,2019-02-06,0.3019999861717224,0.6034313440322876,5.760433487012051e-05,0.01184664573520422,nan,nan
0,4008,2019-02-07,0.30000001192092896,0.5581088066101074,4.980820813216269e-05,0.009826277382671833,nan,nan
0,4008,2019-02-08,0.3449999988079071,0.6098896265029907,6.07621441304218e-05,0.006852198392152786,nan,nan
0,4008,2019-02-09,0.35899999737739563,0.5930207371711731,6.026610208209604e-05,0.0073572793044149876,nan,nan
0,4008,2019-02-10,0.40700000524520874,0.5657698512077332,5.016988507122733e-05,0.008326515555381775,nan,nan
0,4008,2019-02-11,0.4930000305175781,0.6729845404624939,6.168441905174404e-05,0.019089944660663605,nan,nan
0,4008,2019-02-12,0.5059999823570251,0.6485092043876648,5.0674138037720695e-05,0.0033599212765693665,nan,nan
0,4008,2019-02-13,0.4930000305175781,0.6262270212173462,3.511870454531163e-05,0.006725882180035114,nan,nan
0,4008,2019-02-14,0.38999998569488525,0.6023834943771362,3.0482337024295703e-05,0.006051855627447367,nan,nan
0,4008,2019-02-15,0.36000001430511475,0.5953240394592285,2.74571812042268e-05,0.008812649175524712,nan,nan
0,4008,2019-02-16,0.35499998927116394,0.582486093044281,2.3956796212587506e-05,0.009144145995378494,nan,nan
0,4008,2019-02-17,0.36399999260902405,0.5641859173774719,2.1217783796600997e-05,0.008375500328838825,nan,nan
0,4008,2019-02-18,0.36000001430511475,0.553175687789917,1.9346609406056814e-05,0.0075599029660224915,nan,nan
0,4008,2019-02-19,0.35199999809265137,0.5535621643066406,1.7624477550270967e-05,0.007700423710048199,nan,nan
0,4008,2019-02-20,0.3490000069141388,0.5361350178718567,1.6136702470248565e-05,0.007124509196728468,nan,nan
0,4008,2019-02-21,0.35100001096725464,0.5250588655471802,1.4683117115055211e-05,0.006710280664265156,nan,nan
0,4008,2019-02-22,0.35100001096725464,0.529850423336029,1.3492171092366334e-05,0.006867595948278904,nan,nan
0,4008,2019-02-23,0.33899998664855957,0.5424391031265259,1.2325049283390399e-05,0.007447265554219484,nan,nan
0,4008,2019-02-24,0.3059999942779541,0.5115001201629639,1.1701101357175503e-05,0.006395776756107807,nan,nan
0,4008,2019-02-25,0.289000004529953,0.4875648021697998,1.1234208614041563e-05,0.00627686083316803,nan,nan
0,4008,2019-02-26,0.2939999997615814,0.4722481667995453,1.0308027412975207e-05,0.006088522262871265,nan,nan
0,4008,2019-02-27,0.2939999997615814,0.46759456396102905,9.436615073354915e-06,0.005759038496762514,nan,nan
0,4008,2019-02-28,0.296999990940094,0.4720452129840851,9.20561342354631e-06,0.005944376811385155,nan,nan
0,4008,2019-03-01,0.38199999928474426,0.49288779497146606,9.454225619265344e-06,0.006764843128621578,nan,nan
0,4008,2019-03-02,0.3569999933242798,0.6023787260055542,1.444579174858518e-05,0.018673967570066452,nan,nan
0,4008,2019-03-03,0.35100001096725464,0.5823785066604614,1.6703619621694088e-05,0.009239078499376774,nan,nan
0,4008,2019-03-04,0.3449999988079071,0.5563629269599915,1.6245559891103767e-05,0.008115766569972038,nan,nan
0,4008,2019-03-05,0.3499999940395355,0.5535022616386414,1.4618943168898113e-05,0.0008018294465728104,nan,nan
0,4008,2019-03-06,0.3479999899864197,0.5167367458343506,1.3166161807021126e-05,0.006316476967185736,nan,nan
0,4008,2019-03-07,0.34599998593330383,0.48659905791282654,1.2989810784347355e-05,0.0051297834143042564,nan,nan
0,4008,2019-03-08,0.3160000145435333,0.4913021922111511,1.2393766155582853e-05,0.0010908389231190085,nan,nan
0,4008,2019-03-09,0.30399999022483826,0.4801071286201477,1.0487581675988622e-05,0.003572222078219056,nan,nan
0,4008,2019-03-10,0.4339999854564667,0.5241585969924927,1.050131322699599e-05,0.003737392369657755,nan,nan
0,4008,2019-03-11,0.47099998593330383,0.6488273739814758,1.4861450836178847e-05,0.04992242529988289,nan,nan
0,4008,2019-03-12,0.4899999797344208,0.6032538414001465,1.4453771655098535e-05,9.026004590850789e-06,nan,nan
0,4008,2019-03-13,0.4699999690055847,0.5449391603469849,1.3531677723221947e-05,0.003929025959223509,nan,nan
0,4008,2019-03-14,0.5450000166893005,0.5383668541908264,1.3856942132406402e-05,0.0015131530817598104,nan,nan
0,4008,2019-03-15,0.9760000109672546,0.7434812188148499,0.0001351751561742276,0.307522177696228,nan,nan
0,4008,2019-03-16,0.8399999737739563,0.8537423014640808,0.0002536436659283936,0.127563014626503,nan,nan
0,4008,2019-03-17,0.6340000033378601,0.6789450645446777,0.0003738278755918145,0.0014425221597775817,nan,nan
0,4008,2019-03-18,0.6159999966621399,0.6523258090019226,0.00034278424573130906,0.00010312757513020188,nan,nan
0,4008,2019-03-19,0.5460000038146973,0.6015908122062683,0.00029666422051377594,0.003144795773550868,nan,nan
0,4008,2019-03-20,0.5070000290870667,0.5490722060203552,0.0002557553816586733,0.0029180077835917473,nan,nan
0,4008,2019-03-21,0.4129999876022339,0.4935937821865082,0.00022867276857141405,0.002091643400490284,nan,nan
0,4008,2019-03-22,0.3610000014305115,0.4655141830444336,0.00021767927682958543,0.002972627291455865,nan,nan
0,4008,2019-03-23,0.35199999809265137,0.4572691023349762,0.00020238170691300184,0.0037658745422959328,nan,nan
0,4008,2019-03-24,0.35100001096725464,0.4277665913105011,0.0002042794949375093,0.0030150413513183594,nan,nan
0,4008,2019-03-25,0.32600000500679016,0.41519296169281006,0.00020225381013005972,0.0026689309161156416,nan,nan
0,4008,2019-03-26,0.3070000112056732,0.44149622321128845,0.0001766536443028599,0.003993119113147259,nan,nan
0,4008,2019-03-27,0.30000001192092896,0.42977479100227356,0.00015594770957250148,0.004009632393717766,nan,nan
0,4008,2019-03-28,0.2770000100135803,0.3898114264011383,0.00013935686729382724,0.0028801842126995325,nan,nan
0,4008,2019-03-29,0.26499998569488525,0.37018266320228577,0.00013619507080875337,0.0027399675454944372,nan,nan
0,4008,2019-03-30,0.2639999985694885,0.3911115527153015,0.00013340957229956985,0.003616694826632738,nan,nan
0,4008,2019-03-31,0.25600001215934753,0.3903076648712158,0.0001238615222973749,0.0036114018876105547,nan,nan
0,4008,2019-04-01,0.24199999868869781,0.3817301392555237,0.00012720146332867444,0.0034997290931642056,nan,nan
0,4008,2019-04-02,0.2329999804496765,0.3819461166858673,0.00012961092579644173,0.0038024967070668936,nan,nan
0,4008,2019-04-03,0.23199999332427979,0.3915310502052307,0.0001401727640768513,0.004335761070251465,nan,nan
0,4008,2019-04-04,0.28299999237060547,0.4241804778575897,0.0001281757722608745,0.005611257161945105,nan,nan
0,4008,2019-04-05,0.289000004529953,0.5786715745925903,0.0003241096856072545,0.1011623814702034,nan,nan
0,4008,2019-04-06,0.25999999046325684,0.5028451681137085,0.00042511208448559046,0.007457592990249395,nan,nan
0,4008,2019-04-07,0.23600000143051147,0.44386470317840576,0.0003653203311841935,0.0056809536181390285,nan,nan
0,4008,2019-04-08,0.23600000143051147,0.4375004172325134,0.0003138524480164051,0.006058252416551113,nan,nan
0,4008,2019-04-09,0.28600001335144043,0.4318511486053467,0.00025326284230686724,0.005821243394166231,nan,nan
0,4008,2019-04-10,0.3160000145435333,0.44429779052734375,0.0002036274381680414,0.002905333647504449,nan,nan
0,4008,2019-04-11,0.32199999690055847,0.48059698939323425,0.000204662952455692,0.008741647005081177,nan,nan
0,4008,2019-04-12,0.2630000114440918,0.4581930637359619,0.0001952521997736767,0.004683364182710648,nan,nan
0,4008,2019-04-13,0.25,0.4318971335887909,0.00012143217463744804,0.005125156603753567,nan,nan
0,4008,2019-04-14,0.2639999985694885,0.4488011598587036,0.00010273869702359661,3.288861262262799e-05,nan,nan
0,4008,2019-04-15,0.24000000953674316,0.49681171774864197,7.93320796219632e-05,0.0049630943685770035,nan,nan
0,4008,2019-04-16,0.2290000021457672,0.4663408100605011,8.16214524093084e-05,0.007222593761980534,nan,nan
0,4008,2019-04-17,0.22599999606609344,0.4364224374294281,7.991261372808367e-05,0.006203909404575825,nan,nan
0,4008,2019-04-18,0.2199999988079071,0.4184699058532715,8.518152753822505e-05,0.0055357590317726135,nan,nan
0,4008,2019-04-19,0.21299999952316284,0.4176442623138428,0.00013043965736869723,0.005659055430442095,nan,nan
0,4008,2019-04-20,0.2029999941587448,0.43241143226623535,0.00019574245379772037,0.0064753876067698,nan,nan
0,4008,2019-04-21,0.20399999618530273,0.43078330159187317,0.0003411099605727941,0.006687076762318611,nan,nan
0,4008,2019-04-22,0.19599999487400055,0.44760194420814514,0.0005537914112210274,0.007426599506288767,nan,nan
0,4008,2019-04-23,0.19099999964237213,0.44612619280815125,0.000883938220795244,0.007599369622766972,nan,nan
0,4008,2019-04-24,0.19099999964237213,0.45298662781715393,0.0011708183446899056,0.008084832690656185,nan,nan
0,4008,2019-04-25,0.18000000715255737,0.44829681515693665,0.001504851970821619,0.007856899872422218,nan,nan
0,4008,2019-04-26,0.2669999897480011,0.44861483573913574,0.0016924613155424595,0.008217139169573784,nan,nan
0,4008,2019-04-27,0.25,0.517357587814331,0.001965321833267808,0.03654506430029869,nan,nan
0,4008,2019-04-28,0.2720000147819519,0.49392324686050415,0.0016501938225701451,0.007484738714993,nan,nan
0,4008,2019-04-29,0.2329999804496765,0.43314799666404724,0.0013068359112367034,0.0009080060990527272,nan,nan
0,4008,2019-04-30,0.23199999332427979,0.39867863059043884,0.0010127665009349585,0.0029699807055294514,nan,nan
0,4008,2019-05-01,0.21299999952316284,0.38650959730148315,0.000785529671702534,0.004180200397968292,nan,nan
0,4008,2019-05-02,0.1979999989271164,0.3432675302028656,0.0007831346010789275,0.0031590259168297052,nan,nan
0,4008,2019-05-03,0.3149999976158142,0.40895137190818787,0.0007068745908327401,0.013589908368885517,nan,nan
0,4008,2019-05-04,0.27900001406669617,0.42841053009033203,0.00045225012581795454,0.0021630420815199614,nan,nan
0,4008,2019-05-05,0.2449999898672104,0.4872078597545624,0.00036988448118790984,0.03130354359745979,nan,nan
0,4008,2019-05-06,0.23100000619888306,0.43376895785331726,0.0003443948517087847,0.005661954637616873,nan,nan
0,4008,2019-05-07,0.21299999952316284,0.4012955129146576,0.0002849107258953154,0.004740862641483545,nan,nan
0,4008,2019-05-08,0.26899999380111694,0.4053835868835449,0.0002847038267645985,0.005345501471310854,nan,nan
0,4008,2019-05-09,0.3720000088214874,0.6636965274810791,0.0012115805875509977,0.23331265151500702,nan,nan
0,4008,2019-05-10,0.2549999952316284,0.618853747844696,0.0016656843945384026,0.0005597759736701846,nan,nan
0,4008,2019-05-11,0.24899999797344208,0.5691108107566833,0.0012917392887175083,0.007775712292641401,nan,nan
0,4008,2019-05-12,0.2329999804496765,0.6098527312278748,0.001084713963791728,0.0013232363853603601,nan,nan
0,4008,2019-05-13,0.2029999941587448,0.5607143640518188,0.0009688902646303177,0.012521041557192802,nan,nan
0,4009,2018-10-19,0.1379999965429306,0.3435400724411011,0.00012092802353436127,0.0047423094511032104,nan,nan
0,4009,2018-10-20,0.1379999965429306,0.36357003450393677,0.00010632316843839362,0.005601156502962112,nan,nan
0,4009,2018-10-21,0.1379999965429306,0.37230953574180603,9.222392691299319e-05,0.005962886847555637,nan,nan
0,4009,2018-10-22,0.1379999965429306,0.3748042583465576,8.112128125503659e-05,0.00606822082772851,nan,nan
0,4009,2018-10-23,0.14399999380111694,0.34353381395339966,5.222571417107247e-05,0.004814570769667625,nan,nan
0,4009,2018-10-24,0.14100000262260437,0.32398709654808044,3.804239895544015e-05,0.00397124607115984,nan,nan
0,4009,2018-10-25,0.14100000262260437,0.3257080614566803,3.467688657110557e-05,0.004097361583262682,nan,nan
0,4009,2018-10-26,0.14900000393390656,0.32881009578704834,3.119804387097247e-05,0.004206170327961445,nan,nan
0,4009,2018-10-27,0.3149999976158142,0.3812781274318695,3.114394348813221e-05,0.0011149082565680146,nan,nan
0,4009,2018-10-28,0.45500001311302185,0.6487385034561157,0.000604654080234468,0.4824053943157196,nan,nan
0,4009,2018-10-29,0.26600000262260437,0.5922313332557678,0.0015736020868644118,0.00022078877373132855,nan,nan
0,4009,2018-10-30,0.32199999690055847,0.6368367075920105,0.0014389080461114645,0.06361216306686401,nan,nan
0,4009,2018-10-31,0.25099998712539673,0.5651842951774597,0.0012179618934169412,7.970198203111067e-05,nan,nan
0,4009,2018-11-01,0.2029999941587448,0.4849039316177368,0.0010252533247694373,0.007764418609440327,nan,nan
0,4009,2018-11-02,0.210999995470047,0.46378737688064575,0.0008815464680083096,0.008237035013735294,nan,nan
0,4009,2018-11-03,0.22499999403953552,0.4289347231388092,0.0007607992738485336,0.006379702594131231,nan,nan
0,4009,2018-11-04,0.19699999690055847,0.42288845777511597,0.0006552662816829979,0.005742636043578386,nan,nan
0,4009,2018-11-05,0.20000000298023224,0.4295710623264313,0.0005734032019972801,0.006805150303989649,nan,nan
0,4009,2018-11-06,0.20000000298023224,0.4229755997657776,0.0004974317853339016,0.006427823565900326,nan,nan
0,4009,2018-11-07,0.19599999487400055,0.4233667850494385,0.00043108686804771423,0.006444908212870359,nan,nan
0,4009,2018-11-08,0.19499999284744263,0.4613376259803772,0.0003778152749873698,0.008338402025401592,nan,nan
0,4009,2018-11-09,0.17299999296665192,0.4492807984352112,0.0003292119945399463,0.007780620362609625,nan,nan
0,4009,2018-11-10,0.1720000058412552,0.43449947237968445,0.00028791194199584424,0.007749251089990139,nan,nan
0,4009,2018-11-11,0.19499999284744263,0.42860737442970276,0.00025914760772138834,0.003479719627648592,nan,nan
0,4009,2018-11-12,0.1770000010728836,0.43678274750709534,0.00023154109658207744,0.003003921592608094,nan,nan
0,4009,2018-11-13,0.17000000178813934,0.4189242422580719,0.00020396594482008368,0.006904141046106815,nan,nan
0,4009,2018-11-14,0.18700000643730164,0.44196009635925293,0.00018676259787753224,0.0033084494061768055,nan,nan
0,4009,2018-11-15,0.16899999976158142,0.42641568183898926,0.0001678365224506706,0.006952620577067137,nan,nan
0,4009,2018-11-16,0.1679999977350235,0.42025619745254517,0.00015138582966756076,0.007199869956821203,nan,nan
0,4009,2018-11-17,0.1589999943971634,0.4171767830848694,0.0001359661837341264,0.007087727077305317,nan,nan
0,4009,2018-11-18,0.17499999701976776,0.3947058320045471,0.00012000218703178689,0.006343368906527758,nan,nan
0,4009,2018-11-19,0.15800000727176666,0.3794422447681427,0.00010776844283100218,0.005284405313432217,nan,nan
0,4009,2018-11-20,0.1720000058412552,0.36159446835517883,9.692324238130823e-05,0.004965514410287142,nan,nan
0,4009,2018-11-21,0.17100000381469727,0.34315040707588196,8.740468183532357e-05,0.004011931363493204,nan,nan
0,4009,2018-11-22,0.17299999296665192,0.3420182764530182,8.0322046414949e-05,0.0037824981845915318,nan,nan
0,4009,2018-11-23,0.17100000381469727,0.36146169900894165,7.329019717872143e-05,0.004644323606044054,nan,nan
0,4009,2018-11-24,0.17100000381469727,0.3793701231479645,6.816055247327313e-05,0.0026581059210002422,nan,nan
0,4009,2018-11-25,0.16899999976158142,0.4245964288711548,6.534289423143491e-05,0.0073417238891124725,nan,nan
0,4009,2018-11-26,0.1720000058412552,0.4123920202255249,2.2828868168289773e-05,0.006452146451920271,nan,nan
0,4009,2018-11-27,0.19200000166893005,0.4744049608707428,1.0063465197163168e-05,0.007460577413439751,nan,nan
0,4009,2018-11-28,0.17399999499320984,0.46729764342308044,8.78531045600539e-06,0.0016645711148157716,nan,nan
0,4009,2018-11-29,0.17299999296665192,0.44762885570526123,7.373379958153237e-06,0.00835922546684742,nan,nan
0,4009,2018-11-30,0.17399999499320984,0.4474194347858429,7.020703378657345e-06,0.008380779065191746,nan,nan
0,4009,2018-12-01,0.1809999942779541,0.48356133699417114,8.162874109984841e-06,1.4003879300616973e-07,nan,nan
0,4009,2018-12-02,0.22499999403953552,0.49115705490112305,8.338958650710993e-06,0.009331423789262772,nan,nan
0,4009,2018-12-03,0.43299999833106995,0.7851336598396301,0.00020773072901647538,0.30287352204322815,nan,nan
0,4009,2018-12-04,0.48100000619888306,0.9237993359565735,0.00041137938387691975,0.06369675695896149,nan,nan
0,4009,2018-12-05,0.3970000147819519,0.9143927693367004,0.00044365847134031355,0.0023927814327180386,nan,nan
0,4009,2018-12-06,0.31200000643730164,0.8486552238464355,0.00041934134787879884,0.003562088357284665,nan,nan
0,4009,2018-12-07,0.2709999978542328,0.7476398944854736,0.00037066370714455843,0.016341617330908775,nan,nan
0,4009,2018-12-08,0.2549999952316284,0.7843919992446899,0.00036862355773337185,3.210962313460186e-05,nan,nan
0,4009,2018-12-09,0.3449999988079071,0.8061608076095581,0.00037597151822410524,0.006977131590247154,nan,nan
0,4009,2018-12-10,0.42500001192092896,0.8547967672348022,0.00047424653894267976,0.03558065742254257,nan,nan
0,4009,2018-12-11,0.3540000021457672,0.751569926738739,0.00047929451102390885,0.0011435907799750566,nan,nan
0,4009,2018-12-12,0.27900001406669617,0.6331061720848083,0.00040787941543385386,0.012124535627663136,nan,nan
0,4009,2018-12-13,0.2529999911785126,0.5445756316184998,0.00034977553877979517,0.009893111884593964,nan,nan
0,4009,2018-12-14,0.22699999809265137,0.5166417956352234,0.0002971904759760946,0.00929397251456976,nan,nan
0,4009,2018-12-15,0.22599999606609344,0.4717806875705719,0.0002535829844418913,0.007874583825469017,nan,nan
0,4009,2018-12-16,0.21899999678134918,0.49307775497436523,0.0003193301963619888,0.025251666083931923,nan,nan
0,4009,2018-12-17,0.2160000056028366,0.4452130198478699,0.0003178243350703269,0.0017639498692005873,nan,nan
0,4009,2018-12-18,0.22100000083446503,0.42800426483154297,0.0002790097496472299,0.0044187866151332855,nan,nan
0,4009,2018-12-19,0.22499999403953552,0.4116387665271759,0.00024376172223128378,0.005290448199957609,nan,nan
0,4009,2018-12-20,0.2759999930858612,0.43468350172042847,0.00022552532027475536,0.00011693759734043851,nan,nan
0,4009,2018-12-21,0.3449999988079071,0.45279520750045776,0.00019509810954332352,0.005625941324979067,nan,nan
0,4009,2018-12-22,0.5320000052452087,0.6027053594589233,0.0004113728937227279,0.10790665447711945,nan,nan
0,4009,2018-12-23,0.4779999852180481,0.6969904899597168,0.0004409749817568809,0.014011441729962826,nan,nan
0,4009,2018-12-24,0.6779999732971191,1.039398431777954,0.0018096312414854765,0.23866792023181915,nan,nan
0,4009,2018-12-25,0.5,0.9931718707084656,0.0026822607032954693,0.00014557004033122212,nan,nan
0,4009,2018-12-26,0.36899998784065247,0.8082194328308105,0.0021197067108005285,0.01758217066526413,nan,nan
0,4009,2018-12-27,0.33899998664855957,0.7140615582466125,0.001727794879116118,0.01686522178351879,nan,nan
0,4009,2018-12-28,0.2939999997615814,0.5978786945343018,0.0014320783084258437,0.010709242895245552,nan,nan
0,4009,2018-12-29,0.26499998569488525,0.5530017614364624,0.0011964422883465886,0.00982790719717741,nan,nan
0,4009,2018-12-30,0.25200000405311584,0.5059515237808228,0.0010102743981406093,0.0033629778772592545,nan,nan
0,4009,2018-12-31,0.25699999928474426,0.5211021304130554,0.0008745972299948335,3.312251647002995e-05,nan,nan
0,4009,2019-01-01,0.2549999952316284,0.48649322986602783,0.00045221843174658716,0.002234959974884987,nan,nan
0,4009,2019-01-02,0.2549999952316284,0.4877743422985077,0.0003608976840041578,0.000684190250467509,nan,nan
0,4009,2019-01-03,0.24699999392032623,0.4678182899951935,0.00029695790726691484,0.0024028157349675894,nan,nan
0,4009,2019-01-04,0.22699999809265137,0.45805081725120544,0.00025530613493174314,0.00484065618366003,nan,nan
0,4009,2019-01-05,0.2370000183582306,0.44322454929351807,0.00021996573195792735,0.006445556413382292,nan,nan
0,4009,2019-01-06,0.24699999392032623,0.6145676374435425,0.0008814780157990754,0.19541458785533905,nan,nan
0,4009,2019-01-07,0.2639999985694885,0.6287894248962402,0.0012090443633496761,0.005551069509238005,nan,nan
0,4009,2019-01-08,0.31200000643730164,0.6115477085113525,0.001049226731993258,0.0030855133663862944,nan,nan
0,4009,2019-01-09,0.3580000102519989,0.6582782864570618,0.001078162807971239,0.008120190352201462,nan,nan
0,4009,2019-01-10,0.34200000762939453,0.6891581416130066,0.0011048554442822933,0.009324773214757442,nan,nan
0,4009,2019-01-11,0.30799999833106995,0.7672995328903198,0.0012627171818166971,0.017464490607380867,nan,nan
0,4009,2019-01-12,0.2930000126361847,0.7175462245941162,0.0012085549533367157,0.0008600075962021947,nan,nan
0,4009,2019-01-13,0.48000001907348633,0.7884634733200073,0.0014750523259863257,0.01631072349846363,nan,nan
0,4009,2019-01-14,1.343000054359436,1.0092419385910034,0.003567990381270647,0.19284756481647491,nan,nan
0,4009,2019-01-15,0.8080000281333923,0.9214523434638977,0.0043649692088365555,0.021873250603675842,nan,nan
0,4009,2019-01-16,0.6169999837875366,0.7593209743499756,0.0035259993746876717,0.0042839450761675835,nan,nan
0,4009,2019-01-17,0.5019999742507935,0.6960804462432861,0.002847784198820591,0.006662371568381786,nan,nan
0,4009,2019-01-18,0.49399998784065247,0.6728283166885376,0.0024449483025819063,0.0008034895872697234,nan,nan
0,4009,2019-01-19,0.4320000112056732,0.6311559677124023,0.0020016133785247803,0.007301808334887028,nan,nan
0,4009,2019-01-20,0.36899998784065247,0.5566874742507935,0.0013682297430932522,0.005778695456683636,nan,nan
0,4009,2019-01-21,0.367000013589859,0.5519416332244873,0.001013664179481566,0.007350975647568703,nan,nan
0,4009,2019-01-22,0.3400000035762787,0.5068073272705078,0.0006173665751703084,0.005446743220090866,nan,nan
0,4009,2019-01-23,0.33899998664855957,0.47761982679367065,0.00039818650111556053,0.00498107448220253,nan,nan
0,4009,2019-01-24,0.3140000104904175,0.45786675810813904,0.00032777953310869634,0.004273868165910244,nan,nan
0,4009,2019-01-25,0.28600001335144043,0.46183568239212036,0.0002799978537950665,0.0034685011487454176,nan,nan
0,4009,2019-01-26,0.2770000100135803,0.4483015239238739,0.0002369757421547547,0.0044330330565571785,nan,nan
0,4009,2019-01-27,0.29100000858306885,0.43733522295951843,0.00019959776545874774,0.0038565609138458967,nan,nan
0,4009,2019-01-28,0.33799999952316284,0.5009827017784119,0.0001973580801859498,0.0045638796873390675,nan,nan
0,4009,2019-01-29,0.3310000002384186,0.528523862361908,0.0001727938506519422,0.001665294636040926,nan,nan
0,4009,2019-01-30,0.2930000126361847,0.5203998684883118,0.0001449843985028565,0.0070215025916695595,nan,nan
0,4009,2019-01-31,0.27799999713897705,0.5069518089294434,0.00012072318349964917,0.007530074566602707,nan,nan
0,4009,2019-02-01,0.2809999883174896,0.5080493092536926,0.00010295966058038175,0.007328387349843979,nan,nan
0,4009,2019-02-02,0.29499998688697815,0.5468415021896362,9.403742296854034e-05,0.0010835862485691905,nan,nan
0,4009,2019-02-03,0.31299999356269836,0.675859808921814,0.00012527609942480922,0.019399704411625862,nan,nan
0,4009,2019-02-04,0.3199999928474426,0.7890758514404297,0.0001411858102073893,0.06301809847354889,nan,nan
0,4009,2019-02-05,0.3059999942779541,0.6756924390792847,0.00014813577581662685,0.01638069376349449,nan,nan
0,4009,2019-02-06,0.2919999957084656,0.6099421381950378,0.00012353596684988588,0.012664626352488995,nan,nan
0,4009,2019-02-07,0.28999999165534973,0.5574174523353577,0.00010564111289568245,0.010137936100363731,nan,nan
0,4009,2019-02-08,0.3330000042915344,0.6157155632972717,0.00013260106788948178,0.010955758392810822,nan,nan
0,4009,2019-02-09,0.34700000286102295,0.5926762223243713,0.0001286967599298805,0.008007160387933254,nan,nan
0,4009,2019-02-10,0.3930000066757202,0.5611042976379395,0.0001022285723593086,0.008478228934109211,nan,nan
0,4009,2019-02-11,0.47600001096725464,0.6701379418373108,0.00012042390881106257,0.019956227391958237,nan,nan
0,4009,2019-02-12,0.4899999797344208,0.6410105228424072,9.3775313871447e-05,0.002503218362107873,nan,nan
0,4009,2019-02-13,0.47700002789497375,0.6139706969261169,6.300619133980945e-05,0.0066376905888319016,nan,nan
0,4009,2019-02-14,0.37700000405311584,0.5912715196609497,5.353149026632309e-05,0.006016438826918602,nan,nan
0,4009,2019-02-15,0.3479999899864197,0.5880553722381592,4.7499837819486856e-05,0.008867894299328327,nan,nan
0,4009,2019-02-16,0.3440000116825104,0.5707102417945862,4.0715502109378576e-05,0.008933501318097115,nan,nan
0,4009,2019-02-17,0.35199999809265137,0.5467442870140076,3.5359960747882724e-05,0.007866437546908855,nan,nan
0,4009,2019-02-18,0.3479999899864197,0.5364094376564026,3.152989302179776e-05,0.007137124892324209,nan,nan
0,4009,2019-02-19,0.3400000035762787,0.5387194752693176,2.8143858799012378e-05,0.007363262586295605,nan,nan
0,4009,2019-02-20,0.3370000123977661,0.5197523832321167,2.5243996788049117e-05,0.006731386296451092,nan,nan
0,4009,2019-02-21,0.33899998664855957,0.5075996518135071,2.261307781736832e-05,0.0062823835760355,nan,nan
0,4009,2019-02-22,0.33899998664855957,0.5130736231803894,2.0320758267189376e-05,0.00646446505561471,nan,nan
0,4009,2019-02-23,0.3269999921321869,0.5278759598731995,1.8288223145646043e-05,0.0071285986341536045,nan,nan
0,4009,2019-02-24,0.29600000381469727,0.4987351894378662,1.6811634850455448e-05,0.006177416071295738,nan,nan
0,4009,2019-02-25,0.27900001406669617,0.4742651581764221,1.5528547010035254e-05,0.005983711685985327,nan,nan
0,4009,2019-02-26,0.2840000092983246,0.4595858156681061,1.3860035323887132e-05,0.005826309788972139,nan,nan
0,4009,2019-02-27,0.2840000092983246,0.4536302089691162,1.2487444109865464e-05,0.00545163918286562,nan,nan
0,4009,2019-02-28,0.28700000047683716,0.4574820399284363,1.1685510798997711e-05,0.005607564002275467,nan,nan
0,4009,2019-03-01,0.3700000047683716,0.47185251116752625,1.1824923603853676e-05,0.006126329768449068,nan,nan
0,4009,2019-03-02,0.34599998593330383,0.5937976241111755,2.0089537429157645e-05,0.02628173492848873,nan,nan
0,4009,2019-03-03,0.33899998664855957,0.5759599208831787,2.3916027203085832e-05,0.009272865951061249,nan,nan
0,4009,2019-03-04,0.33399999141693115,0.5523990392684937,2.2367372366716154e-05,0.00830032303929329,nan,nan
0,4009,2019-03-05,0.33899998664855957,0.5474956035614014,1.913919004437048e-05,0.0008777579641900957,nan,nan
0,4009,2019-03-06,0.3370000123977661,0.5097699761390686,1.5052227354317438e-05,0.006320672575384378,nan,nan
0,4009,2019-03-07,0.33500000834465027,0.480660617351532,1.4561102943844162e-05,0.005173752084374428,nan,nan
0,4009,2019-03-08,0.3050000071525574,0.4795594811439514,1.3777762433164753e-05,0.0020293905399739742,nan,nan
0,4009,2019-03-09,0.2939999997615814,0.471976637840271,1.1418695976317395e-05,0.001858922652900219,nan,nan
0,4009,2019-03-10,0.4189999997615814,0.5089410543441772,1.0652349374140613e-05,0.0019146844279021025,nan,nan
0,4009,2019-03-11,0.45500001311302185,0.6298903822898865,1.5075701412570197e-05,0.044939640909433365,nan,nan
0,4009,2019-03-12,0.47300001978874207,0.588744044303894,1.4440212908084504e-05,0.0003288215375505388,nan,nan
0,4009,2019-03-13,0.45399999618530273,0.5329070687294006,1.3542367923946586e-05,0.003891056403517723,nan,nan
0,4009,2019-03-14,0.5270000100135803,0.5258972644805908,1.3777327694697306e-05,0.0013771947706118226,nan,nan
0,4009,2019-03-15,0.9440000057220459,0.6946386098861694,8.340285421581939e-05,0.228915736079216,nan,nan
0,4009,2019-03-16,0.8130000233650208,0.8256185054779053,0.0001587540900800377,0.1454499512910843,nan,nan
0,4009,2019-03-17,0.6129999756813049,0.6558851003646851,0.00026046441053040326,0.0013266425812616944,nan,nan
0,4009,2019-03-18,0.5960000157356262,0.6392082571983337,0.00024600900360383093,0.00016705285815987736,nan,nan
0,4009,2019-03-19,0.527999997138977,0.5884925127029419,0.00021625211229547858,0.0031370099168270826,nan,nan
0,4009,2019-03-20,0.4899999797344208,0.5331615805625916,0.00018763329717330635,0.0027914359234273434,nan,nan
0,4009,2019-03-21,0.4000000059604645,0.47774985432624817,0.00016758960555307567,0.0019707658793777227,nan,nan
0,4009,2019-03-22,0.3490000069141388,0.4494372606277466,0.00015726147103123367,0.0027476500254124403,nan,nan
0,4009,2019-03-23,0.3409999907016754,0.4419575333595276,0.00014458183431997895,0.0035160721745342016,nan,nan
0,4009,2019-03-24,0.33899998664855957,0.4142524302005768,0.00014174141688272357,0.0028253060299903154,nan,nan
0,4009,2019-03-25,0.3149999976158142,0.4002439081668854,0.00013732975639868528,0.0024691096041351557,nan,nan
0,4009,2019-03-26,0.296999990940094,0.42406368255615234,0.00012058283027727157,0.003644390497356653,nan,nan
0,4009,2019-03-27,0.28999999165534973,0.4126158356666565,0.00010715534153860062,0.003648037789389491,nan,nan
0,4009,2019-03-28,0.2669999897480011,0.3750073313713074,9.635971946408972e-05,0.0026404864620417356,nan,nan
0,4009,2019-03-29,0.25600001215934753,0.3559718728065491,9.37950680963695e-05,0.00252250162884593,nan,nan
0,4009,2019-03-30,0.2549999952316284,0.37675347924232483,9.13356852834113e-05,0.0033412885386496782,nan,nan
0,4009,2019-03-31,0.24699999392032623,0.3770216107368469,7.998564979061484e-05,0.0033699956256896257,nan,nan
0,4009,2019-04-01,0.23399999737739563,0.36929717659950256,7.814358832547441e-05,0.0032887288834899664,nan,nan
0,4009,2019-04-02,0.22499999403953552,0.3713657855987549,7.789999654050916e-05,0.003621970070526004,nan,nan
0,4009,2019-04-03,0.22499999403953552,0.380155473947525,8.12104408396408e-05,0.004115023650228977,nan,nan
0,4009,2019-04-04,0.27300000190734863,0.4086128771305084,7.566605199826881e-05,0.005168809089809656,nan,nan
0,4009,2019-04-05,0.27900001406669617,0.5687234401702881,0.00022313981025945395,0.10975445061922073,nan,nan
0,4009,2019-04-06,0.25200000405311584,0.4927433729171753,0.0003123405622318387,0.007285580039024353,nan,nan
0,4009,2019-04-07,0.2290000021457672,0.4342048168182373,0.0002710165863391012,0.005496895872056484,nan,nan
0,4009,2019-04-08,0.2280000001192093,0.43141716718673706,0.00023508539015892893,0.00599114503711462,nan,nan
0,4009,2019-04-09,0.2770000100135803,0.4251781702041626,0.0001913687156047672,0.005757630802690983,nan,nan
0,4009,2019-04-10,0.3059999942779541,0.4361852705478668,0.00015814958896953613,0.002623567823320627,nan,nan
0,4009,2019-04-11,0.3109999895095825,0.46520107984542847,0.00015595975855831057,0.005293929949402809,nan,nan
0,4009,2019-04-12,0.2540000081062317,0.44069766998291016,0.00014644859766121954,0.004302788991481066,nan,nan
0,4009,2019-04-13,0.24199999868869781,0.41858863830566406,0.00010184093116549775,0.004835925996303558,nan,nan
0,4009,2019-04-14,0.2549999952316284,0.43416664004325867,9.002480510389432e-05,0.00022914876171853393,nan,nan
0,4009,2019-04-15,0.23199999332427979,0.47805264592170715,6.627758557442576e-05,0.003935433458536863,nan,nan
0,4009,2019-04-16,0.22200000286102295,0.4494345486164093,6.754269998054951e-05,0.006688356399536133,nan,nan
0,4009,2019-04-17,0.21899999678134918,0.4215501844882965,6.59239012748003e-05,0.00576692633330822,nan,nan
0,4009,2019-04-18,0.21299999952316284,0.40348705649375916,7.141717651393265e-05,0.005119109991937876,nan,nan
0,4009,2019-04-19,0.20600000023841858,0.40659356117248535,0.00010083412780659273,0.005393769592046738,nan,nan
0,4009,2019-04-20,0.19599999487400055,0.42223548889160156,0.0001409757969668135,0.006228917744010687,nan,nan
0,4009,2019-04-21,0.19699999690055847,0.42164674401283264,0.000222373942960985,0.006482047960162163,nan,nan
0,4009,2019-04-22,0.1899999976158142,0.4372098445892334,0.0003264740516897291,0.007152520585805178,nan,nan
0,4009,2019-04-23,0.1850000023841858,0.436261385679245,0.0004799643065780401,0.0073167416267097,nan,nan
0,4009,2019-04-24,0.18400000035762787,0.4408614933490753,0.0006156678427942097,0.007684984710067511,nan,nan
0,4009,2019-04-25,0.17399999499320984,0.4351721704006195,0.000807308591902256,0.007446004077792168,nan,nan
0,4009,2019-04-26,0.257999986410141,0.4345403015613556,0.0009135903092101216,0.0077204629778862,nan,nan
0,4009,2019-04-27,0.24199999868869781,0.5187318921089172,0.001252216286957264,0.05248860642313957,nan,nan
0,4009,2019-04-28,0.2630000114440918,0.49436917901039124,0.0010992959141731262,0.008492222987115383,nan,nan
0,4009,2019-04-29,0.22499999403953552,0.4306084215641022,0.0008883646805770695,0.0007433952414430678,nan,nan
0,4009,2019-04-30,0.2240000069141388,0.3989497423171997,0.0007050913409329951,0.001541842590086162,nan,nan
0,4009,2019-05-01,0.20600000023841858,0.3844011425971985,0.0005595391849055886,0.004287485033273697,nan,nan
0,4009,2019-05-02,0.19200000166893005,0.3383709490299225,0.0005580869619734585,0.0031467536464333534,nan,nan
0,4009,2019-05-03,0.30399999022483826,0.4085094928741455,0.0005269271787256002,0.018245993182063103,nan,nan
0,4009,2019-05-04,0.26899999380111694,0.4166732132434845,0.00033793883631005883,0.0007282806327566504,nan,nan
0,4009,2019-05-05,0.2370000183582306,0.5058767199516296,0.00035667605698108673,0.06800302863121033,nan,nan
0,4009,2019-05-06,0.22300000488758087,0.4444718360900879,0.0003697788924910128,0.004901793319731951,nan,nan
0,4009,2019-05-07,0.20600000023841858,0.3994871973991394,0.0003103831550106406,0.004866463132202625,nan,nan
0,4009,2019-05-08,0.25999999046325684,0.40329840779304504,0.00030708336271345615,0.005441851448267698,nan,nan
0,4009,2019-05-09,0.36000001430511475,0.6106359362602234,0.0007680341950617731,0.1374848335981369,nan,nan
0,4009,2019-05-10,0.24699999392032623,0.5816256403923035,0.0008893229532986879,0.0005036188522353768,nan,nan
0,4009,2019-05-11,0.2409999966621399,0.5362346172332764,0.0007113909814506769,0.007706760428845882,nan,nan
0,4009,2019-05-12,0.22499999403953552,0.6117429733276367,0.0006782657583244145,0.01183229498565197,nan,nan
0,4009,2019-05-13,0.19599999487400055,0.562487006187439,0.0006270422018133104,0.012945502065122128,nan,nan
0,4022,2018-10-19,0.24299998581409454,0.8406047821044922,0.000206318378332071,0.03472054377198219,nan,nan
0,4022,2018-10-20,0.2460000067949295,0.879439115524292,0.00017672339163254946,0.03877158463001251,nan,nan
0,4022,2018-10-21,0.2639999985694885,0.8798272609710693,0.00013033421419095248,0.03860687091946602,nan,nan
0,4022,2018-10-22,0.2639999985694885,0.9216076135635376,9.753982158144936e-05,0.04190719872713089,nan,nan
0,4022,2018-10-23,0.2639999985694885,0.8427128195762634,4.7183413698803633e-05,0.03357603773474693,nan,nan
0,4022,2018-10-24,0.3479999899864197,0.778764545917511,3.0593237170251086e-05,0.02749999426305294,nan,nan
0,4022,2018-10-25,0.4230000078678131,0.8217964768409729,2.782035880954936e-05,0.00845622643828392,nan,nan
0,4022,2018-10-26,0.2840000092983246,0.8203657865524292,2.5104467567871325e-05,0.02230929210782051,nan,nan
0,4022,2018-10-27,0.35100001096725464,0.8805833458900452,2.2632646505371667e-05,0.027392331510782242,nan,nan
0,4022,2018-10-28,0.45500001311302185,1.4132843017578125,0.0002696775773074478,0.12945275008678436,nan,nan
0,4022,2018-10-29,0.28999999165534973,1.2921355962753296,0.0005678334273397923,0.04444676265120506,nan,nan
0,4022,2018-10-30,0.3799999952316284,1.4525706768035889,0.0007881273049861193,0.0003410282079130411,nan,nan
0,4022,2018-10-31,0.27000001072883606,1.2200754880905151,0.0006994758150540292,0.06824987381696701,nan,nan
0,4022,2018-11-01,0.2639999985694885,1.0775278806686401,0.00040901752072386444,0.060567449778318405,nan,nan
0,4022,2018-11-02,0.2460000067949295,1.0585993528366089,0.0003576005983632058,0.058564502745866776,nan,nan
0,4022,2018-11-03,0.24899999797344208,0.9937301874160767,0.00031405535992234945,0.05175178498029709,nan,nan
0,4022,2018-11-04,0.2460000067949295,0.9872389435768127,0.0002762161020655185,0.050714556127786636,nan,nan
0,4022,2018-11-05,0.2639999985694885,1.0031912326812744,0.00024521839804947376,0.052930112928152084,nan,nan
0,4022,2018-11-06,0.2639999985694885,0.9894095063209534,0.00021592101256828755,0.049803897738456726,nan,nan
0,4022,2018-11-07,0.27000001072883606,0.987648606300354,0.00020893925102427602,0.04959019273519516,nan,nan
0,4022,2018-11-08,0.2639999985694885,1.0775011777877808,0.0001845016231527552,0.06056387349963188,nan,nan
0,4022,2018-11-09,0.2639999985694885,1.0617161989212036,0.0001630405313335359,0.05897584185004234,nan,nan
0,4022,2018-11-10,0.257999986410141,1.0152009725570679,0.00014394603203982115,0.05298660323023796,nan,nan
0,4022,2018-11-11,0.2460000067949295,0.9652876853942871,0.00012769231398124248,0.047371845692396164,nan,nan
0,4022,2018-11-12,0.24299998581409454,0.9772594571113586,0.00011317630560370162,0.04973209276795387,nan,nan
0,4022,2018-11-13,0.24299998581409454,0.9590197801589966,0.00010051673598354682,0.047771330922842026,nan,nan
0,4022,2018-11-14,0.24299998581409454,1.010767936706543,9.120722825173289e-05,0.04796834662556648,nan,nan
0,4022,2018-11-15,0.24299998581409454,0.9710983037948608,8.263108611572534e-05,0.04921931028366089,nan,nan
0,4022,2018-11-16,0.24299998581409454,0.943638801574707,7.6128970249556e-05,0.0459587462246418,nan,nan
0,4022,2018-11-17,0.24299998581409454,0.9308821558952332,7.068205741234124e-05,0.044482018798589706,nan,nan
0,4022,2018-11-18,0.24299998581409454,0.884663462638855,6.435353134293109e-05,0.03933362290263176,nan,nan
0,4022,2018-11-19,0.24299998581409454,0.8466365933418274,5.973899533273652e-05,0.035335101187229156,nan,nan
0,4022,2018-11-20,0.24299998581409454,0.8078042268753052,5.511229028343223e-05,0.030275117605924606,nan,nan
0,4022,2018-11-21,0.24299998581409454,0.7695271968841553,5.092604988021776e-05,0.027884818613529205,nan,nan
0,4022,2018-11-22,0.24299998581409454,0.7688775658607483,4.7276553232222795e-05,0.027825796976685524,nan,nan
0,4022,2018-11-23,0.24299998581409454,0.8133894205093384,4.2377138015581295e-05,0.03201472386717796,nan,nan
0,4022,2018-11-24,0.2549999952316284,0.8604361414909363,3.8555361243197694e-05,0.03676135465502739,nan,nan
0,4022,2018-11-25,0.26100000739097595,0.9868220090866089,3.7141766370041296e-05,0.042143166065216064,nan,nan
0,4022,2018-11-26,0.2549999952316284,0.9602657556533813,1.4138653568807058e-05,0.046552129089832306,nan,nan
0,4022,2018-11-27,0.2750000059604645,1.0853619575500488,7.702651600993704e-06,0.010732249356806278,nan,nan
0,4022,2018-11-28,0.2720000147819519,1.128045678138733,7.5608772931445856e-06,0.017021823674440384,nan,nan
0,4022,2018-11-29,0.2639999985694885,1.072376012802124,6.442318408517167e-06,0.059708211570978165,nan,nan
0,4022,2018-11-30,0.27000001072883606,1.059424877166748,6.202049917192198e-06,0.05867330729961395,nan,nan
0,4022,2018-12-01,0.35600000619888306,1.1322120428085327,7.095681212376803e-06,0.02628702111542225,nan,nan
0,4022,2018-12-02,0.48399999737739563,1.1483508348464966,7.294452188943978e-06,0.04961242154240608,nan,nan
0,4022,2018-12-03,3.944000244140625,1.7647895812988281,0.00013274047523736954,0.07966579496860504,nan,nan
0,4022,2018-12-04,5.182000160217285,2.543919324874878,0.0003606715181376785,0.3378084897994995,nan,nan
0,4022,2018-12-05,3.494999885559082,3.056501865386963,0.0005045229918323457,0.1822972446680069,nan,nan
0,4022,2018-12-06,1.7760000228881836,2.9339396953582764,0.0005006132996641099,0.010088348761200905,nan,nan
0,4022,2018-12-07,1.3040000200271606,2.640305757522583,0.0004474719171412289,0.10281102359294891,nan,nan
0,4022,2018-12-08,3.805000066757202,2.5512022972106934,0.00040342059219256043,0.10365960747003555,nan,nan
0,4022,2018-12-09,6.395999908447266,2.694633960723877,0.0003793742216657847,0.00973179005086422,nan,nan
0,4022,2018-12-10,5.610000133514404,3.4672272205352783,0.000660817080643028,0.37818828225135803,nan,nan
0,4022,2018-12-11,2.813999891281128,3.579775810241699,0.000780124741140753,0.07036113739013672,nan,nan
0,4022,2018-12-12,1.753000020980835,3.0420806407928467,0.0007235631346702576,0.06383679062128067,nan,nan
0,4022,2018-12-13,1.2289999723434448,2.4514577388763428,0.0006022326997481287,0.13022400438785553,nan,nan
0,4022,2018-12-14,0.8949999809265137,2.1113717555999756,0.000500494206789881,0.12951846420764923,nan,nan
0,4022,2018-12-15,0.671999990940094,1.817166805267334,0.00041971387690864503,0.11436976492404938,nan,nan
0,4022,2018-12-16,0.5709999799728394,1.6286143064498901,0.000421806238591671,0.029854362830519676,nan,nan
0,4022,2018-12-17,0.4930000305175781,1.466320514678955,0.00041045821853913367,0.02179344929754734,nan,nan
0,4022,2018-12-18,0.4690000116825104,1.3506516218185425,0.0003633185988292098,0.06409785896539688,nan,nan
0,4022,2018-12-19,0.6380000114440918,1.270888328552246,0.0003084797936026007,0.06913226842880249,nan,nan
0,4022,2018-12-20,0.6320000290870667,1.2900974750518799,0.000268805306404829,0.039903271943330765,nan,nan
0,4022,2018-12-21,2.1710000038146973,1.3256992101669312,0.00022802221064921468,0.051775213330984116,nan,nan
0,4022,2018-12-22,5.685999870300293,1.7507364749908447,0.00030852830968797207,0.05424581468105316,nan,nan
0,4022,2018-12-23,6.367000102996826,2.5074782371520996,0.0003608616825658828,0.33833393454551697,nan,nan
0,4022,2018-12-24,12.951000213623047,4.406195163726807,0.0031785606406629086,0.5979398488998413,nan,nan
0,4022,2018-12-25,4.7789998054504395,6.343191623687744,0.011514888145029545,1.077950358390808,nan,nan
0,4022,2018-12-26,2.4600000381469727,5.1407551765441895,0.017731962725520134,0.31805071234703064,nan,nan
0,4022,2018-12-27,1.5759999752044678,4.171629428863525,0.013550321571528912,0.49774566292762756,nan,nan
0,4022,2018-12-28,1.2109999656677246,3.3288872241973877,0.010343297384679317,0.39770209789276123,nan,nan
0,4022,2018-12-29,1.0,2.87764835357666,0.008059760555624962,0.326738178730011,nan,nan
0,4022,2018-12-30,1.1269999742507935,2.5462417602539062,0.0065080514177680016,0.20971566438674927,nan,nan
0,4022,2018-12-31,2.4860000610351562,2.430177688598633,0.005657973699271679,0.09404245764017105,nan,nan
0,4022,2019-01-01,2.3239998817443848,2.3264591693878174,0.0036337070632725954,0.004461769945919514,nan,nan
0,4022,2019-01-02,2.0309998989105225,2.1940228939056396,0.0027557830326259136,0.016539189964532852,nan,nan
0,4022,2019-01-03,1.4780000448226929,2.186046600341797,0.0024691184516996145,0.000709463027305901,nan,nan
0,4022,2019-01-04,1.152999997138977,1.9869086742401123,0.002010961063206196,0.06530849635601044,nan,nan
0,4022,2019-01-05,1.0579999685287476,1.786126971244812,0.0016287248581647873,0.07813557982444763,nan,nan
0,4022,2019-01-06,1.093000054359436,3.065141439437866,0.09807723760604858,0.3152090311050415,nan,nan
0,4022,2019-01-07,1.0950000286102295,3.056995391845703,0.21679162979125977,0.0012221884680911899,nan,nan
0,4022,2019-01-08,1.3070000410079956,2.65275239944458,0.18823282420635223,0.19090519845485687,nan,nan
0,4022,2019-01-09,1.8630000352859497,2.9193084239959717,0.21127626299858093,0.028459040448069572,nan,nan
0,4022,2019-01-10,1.680999994277954,3.0430264472961426,0.289598673582077,0.022848183289170265,nan,nan
0,4022,2019-01-11,1.472000002861023,2.851188898086548,0.3410148620605469,0.0067649963311851025,nan,nan
0,4022,2019-01-12,1.4199999570846558,2.6209936141967773,0.3154434859752655,0.10957714170217514,nan,nan
0,4022,2019-01-13,2.6050000190734863,2.8642263412475586,0.338636189699173,0.014558575116097927,nan,nan
0,4022,2019-01-14,13.23799991607666,6.868846893310547,0.6746029853820801,0.14996322989463806,nan,nan
0,4022,2019-01-15,7.131999969482422,9.135366439819336,0.8521857261657715,0.0359676256775856,nan,nan
0,4022,2019-01-16,3.828000068664551,4.734238624572754,0.8422942161560059,0.000305489229504019,nan,nan
0,4022,2019-01-17,2.86299991607666,3.273899793624878,0.7886821627616882,0.04899820312857628,nan,nan
0,4022,2019-01-18,2.6659998893737793,4.179611682891846,0.7276797294616699,0.2619359493255615,nan,nan
0,4022,2019-01-19,2.1500000953674316,2.739508867263794,0.6519267559051514,0.06492412835359573,nan,nan
0,4022,2019-01-20,1.9450000524520874,2.3822286128997803,0.5541086196899414,0.07414096593856812,nan,nan
0,4022,2019-01-21,1.4839999675750732,2.3569600582122803,0.45350974798202515,0.09033691883087158,nan,nan
0,4022,2019-01-22,1.3240000009536743,2.099034547805786,0.3201773762702942,0.09731695055961609,nan,nan
0,4022,2019-01-23,1.2139999866485596,1.821028232574463,0.20778660476207733,0.06946887075901031,nan,nan
0,4022,2019-01-24,1.0490000247955322,1.642212152481079,0.12483824789524078,0.05481387674808502,nan,nan
0,4022,2019-01-25,0.9240000247955322,1.6197842359542847,0.09410778433084488,0.05239841714501381,nan,nan
0,4022,2019-01-26,0.9010000228881836,1.5211732387542725,0.07093063741922379,0.054185375571250916,nan,nan
0,4022,2019-01-27,0.9480000734329224,1.475117802619934,0.05391436815261841,0.03312106430530548,nan,nan
0,4022,2019-01-28,1.1710000038146973,1.6021751165390015,0.042939990758895874,0.018800858408212662,nan,nan
0,4022,2019-01-29,1.156000018119812,1.8449153900146484,0.0344114750623703,0.010719066485762596,nan,nan
0,4022,2019-01-30,1.1299999952316284,1.8755708932876587,0.026834487915039062,0.04350700229406357,nan,nan
0,4022,2019-01-31,1.121999979019165,1.7942432165145874,0.019564518705010414,0.08460544794797897,nan,nan
0,4022,2019-02-01,1.0080000162124634,1.7141119241714478,0.01421419158577919,0.06914671510457993,nan,nan
0,4022,2019-02-02,0.9909999370574951,1.7397228479385376,0.010442242957651615,0.07039013504981995,nan,nan
0,4022,2019-02-03,1.2200000286102295,2.3102705478668213,0.012044141069054604,0.011795231141149998,nan,nan
0,4022,2019-02-04,1.2200000286102295,3.2160797119140625,0.018704010173678398,0.053975023329257965,nan,nan
0,4022,2019-02-05,1.2259999513626099,2.607022285461426,0.03047526627779007,0.2396651804447174,nan,nan
0,4022,2019-02-06,1.6979999542236328,2.276383638381958,0.018530530855059624,0.16401349008083344,nan,nan
0,4022,2019-02-07,1.3389999866485596,2.07079815864563,0.01390307117253542,0.07085366547107697,nan,nan
0,4022,2019-02-08,2.5390000343322754,2.1847996711730957,0.012825795449316502,0.012729049660265446,nan,nan
0,4022,2019-02-09,2.2019999027252197,2.1751246452331543,0.01060749776661396,0.01991027034819126,nan,nan
0,4022,2019-02-10,3.6600000858306885,2.112196207046509,0.006724594160914421,0.03611462190747261,nan,nan
0,4022,2019-02-11,5.8480000495910645,2.546931028366089,0.00621049152687192,0.027898356318473816,nan,nan
0,4022,2019-02-12,3.2339999675750732,2.8088369369506836,0.0037843012250959873,0.18383096158504486,nan,nan
0,4022,2019-02-13,2.4079999923706055,2.6625325679779053,0.001427374896593392,0.01875634677708149,nan,nan
0,4022,2019-02-14,2.0169999599456787,2.479642868041992,0.000963610305916518,0.06419477611780167,nan,nan
0,4022,2019-02-15,1.8320000171661377,2.4570107460021973,0.0007834996213205159,0.09978719800710678,nan,nan
0,4022,2019-02-16,1.746999979019165,2.2827723026275635,0.000649499474093318,0.09048106521368027,nan,nan
0,4022,2019-02-17,1.6779999732971191,2.10764479637146,0.0005461957771331072,0.07200098037719727,nan,nan
0,4022,2019-02-18,1.6169999837875366,2.004777669906616,0.00045819778461009264,0.06370104104280472,nan,nan
0,4022,2019-02-19,1.5789999961853027,2.0026848316192627,0.0003856499388348311,0.06889748573303223,nan,nan
0,4022,2019-02-20,1.7450000047683716,1.8853600025177002,0.00032111708424054086,0.056259144097566605,nan,nan
0,4022,2019-02-21,2.0869998931884766,1.833937644958496,0.00026874354807659984,0.037704966962337494,nan,nan
0,4022,2019-02-22,2.950000047683716,1.8612867593765259,0.00022340293799061328,0.02011946402490139,nan,nan
0,4022,2019-02-23,3.563999891281128,2.038774251937866,0.00018993661797139794,0.0007495469180867076,nan,nan
0,4022,2019-02-24,3.005000114440918,2.124372720718384,0.0001597170194145292,0.0019993402529507875,nan,nan
0,4022,2019-02-25,2.930000066757202,2.0971877574920654,0.00013378373114392161,0.0020789173431694508,nan,nan
0,4022,2019-02-26,3.7090001106262207,2.102172374725342,0.00011187486234121025,0.003607366234064102,nan,nan
0,4022,2019-02-27,3.9619996547698975,2.168860673904419,9.441965812584385e-05,0.0033581361640244722,nan,nan
0,4022,2019-02-28,5.263000011444092,2.281649351119995,8.114069350995123e-05,0.005108132492750883,nan,nan
0,4022,2019-03-01,16.187999725341797,2.5098001956939697,7.810530223650858e-05,0.05606196075677872,nan,nan
0,4022,2019-03-02,13.956999778747559,4.885905742645264,0.0011851551244035363,3.5383949279785156,nan,nan
0,4022,2019-03-03,10.659000396728516,5.89942741394043,0.0026497445069253445,0.6951802372932434,nan,nan
0,4022,2019-03-04,9.168999671936035,6.3189873695373535,0.0031463708728551865,0.020479923114180565,nan,nan
0,4022,2019-03-05,7.367000102996826,6.322154998779297,0.002039835089817643,0.005062663462013006,nan,nan
0,4022,2019-03-06,4.796000003814697,6.055611610412598,0.0010264184093102813,0.13004519045352936,nan,nan
0,4022,2019-03-07,5.441999912261963,5.424358367919922,0.000962050340604037,0.4072786867618561,nan,nan
0,4022,2019-03-08,4.677000045776367,5.288483619689941,0.0008669419912621379,0.1696826070547104,nan,nan
0,4022,2019-03-09,3.933000087738037,4.88247537612915,0.0006969721871428192,0.1962207406759262,nan,nan
0,4022,2019-03-10,9.253000259399414,4.666159629821777,0.0005543187726289034,0.25152283906936646,nan,nan
0,4022,2019-03-11,6.140999794006348,5.688480377197266,0.00088388507720083,0.11373623460531235,nan,nan
0,4022,2019-03-12,3.75,5.530806064605713,0.0009208631236106157,0.06808916479349136,nan,nan
0,4022,2019-03-13,3.0950000286102295,4.705716133117676,0.0008083944558165967,0.39113157987594604,nan,nan
0,4022,2019-03-14,4.114999771118164,4.248767852783203,0.0006884033791720867,0.24217651784420013,nan,nan
0,4022,2019-03-15,16.445999145507812,4.623762607574463,0.001063929870724678,0.012052474543452263,nan,nan
0,4022,2019-03-16,9.526000022888184,7.816943168640137,0.016770055517554283,2.1606338024139404,nan,nan
0,4022,2019-03-17,5.025000095367432,7.097715377807617,0.05267442762851715,0.07123444974422455,nan,nan
0,4022,2019-03-18,6.363999843597412,6.758646488189697,0.04940151795744896,0.6396232843399048,nan,nan
0,4022,2019-03-19,4.118000030517578,6.3558831214904785,0.04265766590833664,0.33778443932533264,nan,nan
0,4022,2019-03-20,2.808000087738037,5.503728866577148,0.03487319126725197,0.6057466268539429,nan,nan
0,4022,2019-03-21,2.135999917984009,4.852030277252197,0.027721747756004333,0.6887097358703613,nan,nan
0,4022,2019-03-22,1.715999960899353,4.177899360656738,0.02220998890697956,0.5834671258926392,nan,nan
0,4022,2019-03-23,1.5529999732971191,3.715122699737549,0.018023857846856117,0.5059435367584229,nan,nan
0,4022,2019-03-24,1.3530000448226929,3.3140125274658203,0.015129747800529003,0.3976660370826721,nan,nan
0,4022,2019-03-25,1.2519999742507935,2.9833037853240967,0.01260634046047926,0.331256240606308,nan,nan
0,4022,2019-03-26,1.0870000123977661,2.9140982627868652,0.01005523931235075,0.2944830358028412,nan,nan
0,4022,2019-03-27,0.9799999594688416,2.6486306190490723,0.007975158281624317,0.2819044291973114,nan,nan
0,4022,2019-03-28,0.8949999809265137,2.3034701347351074,0.006455080583691597,0.2076609581708908,nan,nan
0,4022,2019-03-29,0.8379999995231628,2.0980582237243652,0.005405248608440161,0.17192915081977844,nan,nan
0,4022,2019-03-30,0.7910000085830688,2.0853164196014404,0.004697041120380163,0.17735745012760162,nan,nan
0,4022,2019-03-31,0.8259999752044678,1.9999967813491821,0.002161729149520397,0.16494148969650269,nan,nan
0,4022,2019-04-01,0.7820000052452087,1.8586649894714355,0.0016705921152606606,0.1307128220796585,nan,nan
0,4022,2019-04-02,0.6520000100135803,1.730772852897644,0.0013904486550018191,0.1118377074599266,nan,nan
0,4022,2019-04-03,0.5649999976158142,1.6453776359558105,0.0013171134050935507,0.11148933321237564,nan,nan
0,4022,2019-04-04,0.6840000152587891,1.7282686233520508,0.0011650542728602886,0.13813835382461548,nan,nan
0,4022,2019-04-05,0.9160000085830688,2.3817639350891113,0.0027951064985245466,0.0014603654853999615,nan,nan
0,4022,2019-04-06,0.7269999980926514,2.056340456008911,0.003533643903210759,0.15969404578208923,nan,nan
0,4022,2019-04-07,0.5619999766349792,1.7918009757995605,0.002896011108532548,0.13006597757339478,nan,nan
0,4022,2019-04-08,0.6980000138282776,1.6932377815246582,0.0023672159295529127,0.12181733548641205,nan,nan
0,4022,2019-04-09,0.609000027179718,1.6354142427444458,0.0016238557873293757,0.09770645201206207,nan,nan
0,4022,2019-04-10,0.7129999995231628,1.572711706161499,0.001298020943067968,0.09132874011993408,nan,nan
0,4022,2019-04-11,0.7300000190734863,1.6078966856002808,0.0010795837733894587,0.049444135278463364,nan,nan
0,4022,2019-04-12,0.5709999799728394,1.4798192977905273,0.0009115894790738821,0.07573622465133667,nan,nan
0,4022,2019-04-13,0.5070000290870667,1.3821698427200317,0.0007656647358089685,0.07640489935874939,nan,nan
0,4022,2019-04-14,0.46699997782707214,1.3142225742340088,0.0002180941664846614,0.048258326947689056,nan,nan
0,4022,2019-04-15,0.46699997782707214,1.3852883577346802,8.40114225866273e-05,0.02809302881360054,nan,nan
0,4022,2019-04-16,0.3799999952316284,1.2881776094436646,6.791044143028557e-05,0.07236555218696594,nan,nan
0,4022,2019-04-17,0.37400001287460327,1.1681969165802002,6.666138506261632e-05,0.06328099220991135,nan,nan
0,4022,2019-04-18,0.3540000021457672,1.1008104085922241,7.020591147011146e-05,0.05487941950559616,nan,nan
0,4022,2019-04-19,0.3009999990463257,1.0993309020996094,9.412884537596256e-05,0.05633820593357086,nan,nan
0,4022,2019-04-20,0.3009999990463257,1.1405081748962402,0.00013203456182964146,0.0664757713675499,nan,nan
0,4022,2019-04-21,0.3009999990463257,1.1394870281219482,0.00019440194591879845,0.06633252650499344,nan,nan
0,4022,2019-04-22,0.3009999990463257,1.174612283706665,0.0002625230117700994,0.07134877890348434,nan,nan
0,4022,2019-04-23,0.29600000381469727,1.1728579998016357,0.00038971976027823985,0.07109392434358597,nan,nan
0,4022,2019-04-24,0.2750000059604645,1.1672101020812988,0.0005430334713310003,0.07074061036109924,nan,nan
0,4022,2019-04-25,0.2639999985694885,1.1358884572982788,0.0008878138032741845,0.068181611597538,nan,nan
0,4022,2019-04-26,0.41999998688697815,1.104852318763733,0.001277367351576686,0.06481652706861496,nan,nan
0,4022,2019-04-27,0.3709999918937683,1.4512841701507568,0.0026173810474574566,0.0137919457629323,nan,nan
0,4022,2019-04-28,0.7480000257492065,1.4063069820404053,0.002451338805258274,0.005207759793847799,nan,nan
0,4022,2019-04-29,0.6579999923706055,1.255125641822815,0.001966009149327874,0.009683202020823956,nan,nan
0,4022,2019-04-30,0.6639999747276306,1.1878230571746826,0.0015992146218195558,0.009777856059372425,nan,nan
0,4022,2019-05-01,0.5329999923706055,1.1249144077301025,0.0012699298094958067,0.029373234137892723,nan,nan
0,4022,2019-05-02,0.3970000147819519,0.9600145816802979,0.0012103526387363672,0.02827361784875393,nan,nan
0,4022,2019-05-03,0.8640000224113464,1.1427302360534668,0.0011384597746655345,2.791603037621826e-06,nan,nan
0,4022,2019-05-04,0.9270000457763672,1.1804529428482056,0.0006845470052212477,0.0009530731476843357,nan,nan
0,4022,2019-05-05,1.5420000553131104,1.5387396812438965,0.0009399273549206555,0.05195312201976776,nan,nan
0,4022,2019-05-06,1.1619999408721924,1.4644052982330322,0.0009893119568005204,6.281107289396459e-06,nan,nan
0,4022,2019-05-07,0.7770000100135803,1.2642027139663696,0.0008186049526557326,0.019881589338183403,nan,nan
0,4022,2019-05-08,0.6000000238418579,1.2563896179199219,0.00074511778075248,0.04250621423125267,nan,nan
0,4022,2019-05-09,0.6430000066757202,1.4496959447860718,0.0006562224007211626,0.021578116342425346,nan,nan
0,4022,2019-05-10,0.7739999890327454,1.4504226446151733,0.0005390697042457759,0.052234020084142685,nan,nan
0,4022,2019-05-11,1.4290000200271606,1.3927898406982422,0.00042926226160489023,0.05050479993224144,nan,nan
0,4022,2019-05-12,4.673999786376953,1.8307101726531982,0.0006128973909653723,0.02676376886665821,nan,nan
0,4022,2019-05-13,2.5439999103546143,2.379863977432251,0.0006844651070423424,0.25809356570243835,nan,nan
0,4023,2018-10-19,0.527999997138977,0.9580485820770264,0.0011901621473953128,0.02827000617980957,nan,nan
0,4023,2018-10-20,0.5239999890327454,0.9979243278503418,0.0009868593188002706,0.032162997871637344,nan,nan
0,4023,2018-10-21,0.5180000066757202,0.9963096380233765,0.000646711268927902,0.032256193459033966,nan,nan
0,4023,2018-10-22,0.515999972820282,1.0489184856414795,0.00043476434075273573,0.03801281750202179,nan,nan
0,4023,2018-10-23,0.5109999775886536,0.9317041039466858,0.00020163763838354498,0.026703838258981705,nan,nan
0,4023,2018-10-24,0.5600000023841858,0.8407776951789856,0.00011189182987436652,0.01947065070271492,nan,nan
0,4023,2018-10-25,0.5630000233650208,0.8799593448638916,9.077512368094176e-05,0.001978947315365076,nan,nan
0,4023,2018-10-26,0.5289999842643738,0.8633951544761658,8.094841177808121e-05,0.018660778179764748,nan,nan
0,4023,2018-10-27,0.7549999952316284,0.9086922407150269,6.990242400206625e-05,0.0225314162671566,nan,nan
0,4023,2018-10-28,0.9570000171661377,1.5270476341247559,0.0005997144035063684,0.1560361236333847,nan,nan
0,4023,2018-10-29,0.7210000157356262,1.3962101936340332,0.001132000470533967,0.021903466433286667,nan,nan
0,4023,2018-10-30,1.2549999952316284,1.578888177871704,0.0015905420295894146,0.0001502798404544592,nan,nan
0,4023,2018-10-31,0.6970000267028809,1.3183462619781494,0.000881833431776613,0.0194558035582304,nan,nan
0,4023,2018-11-01,0.6259999871253967,1.1548676490783691,0.0004159754898864776,0.037063900381326675,nan,nan
0,4023,2018-11-02,0.578000009059906,1.1372534036636353,0.00035643880255520344,0.04005425423383713,nan,nan
0,4023,2018-11-03,0.5649999976158142,1.0657716989517212,0.00031088662217371166,0.03574692830443382,nan,nan
0,4023,2018-11-04,0.5550000071525574,1.058501958847046,0.00027265376411378384,0.03585800901055336,nan,nan
0,4023,2018-11-05,0.550000011920929,1.0751914978027344,0.00023972845519892871,0.03828003630042076,nan,nan
0,4023,2018-11-06,0.5379999876022339,1.0531553030014038,0.00021455608657561243,0.03630116581916809,nan,nan
0,4023,2018-11-07,0.5270000100135803,1.0542372465133667,0.00021259220375213772,0.037218380719423294,nan,nan
0,4023,2018-11-08,0.5289999842643738,1.15586519241333,0.0001860699412645772,0.049508947879076004,nan,nan
0,4023,2018-11-09,0.5210000276565552,1.1340292692184448,0.00016391061944887042,0.04674798622727394,nan,nan
0,4023,2018-11-10,0.5139999985694885,1.0626611709594727,0.00014358166663441807,0.039277322590351105,nan,nan
0,4023,2018-11-11,0.5080000162124634,0.9990659952163696,0.0001255845563719049,0.033159784972667694,nan,nan
0,4023,2018-11-12,0.5080000162124634,1.0156121253967285,0.0001102392707252875,0.03521283343434334,nan,nan
0,4023,2018-11-13,0.49900001287460327,1.0017815828323364,9.798870451049879e-05,0.033814139664173126,nan,nan
0,4023,2018-11-14,0.5,1.054237961769104,8.739625627640635e-05,0.03734978288412094,nan,nan
0,4023,2018-11-15,0.5009999871253967,1.0065028667449951,7.820658356649801e-05,0.034808237105607986,nan,nan
0,4023,2018-11-16,0.4960000216960907,0.9730148315429688,7.16594877303578e-05,0.03142804652452469,nan,nan
0,4023,2018-11-17,0.492000013589859,0.9483088254928589,6.660680082859471e-05,0.029387786984443665,nan,nan
0,4023,2018-11-18,0.4829999804496765,0.8983340263366699,6.109454989200458e-05,0.025130148977041245,nan,nan
0,4023,2018-11-19,0.48500001430511475,0.8509241342544556,5.681963375536725e-05,0.02166586183011532,nan,nan
0,4023,2018-11-20,0.48399999737739563,0.8045418858528137,5.266226798994467e-05,0.016933303326368332,nan,nan
0,4023,2018-11-21,0.47700002789497375,0.7671210765838623,4.878617619397119e-05,0.015427540987730026,nan,nan
0,4023,2018-11-22,0.47700002789497375,0.7696266770362854,4.49109029432293e-05,0.015904540196061134,nan,nan
0,4023,2018-11-23,0.4790000021457672,0.822480320930481,3.926956924260594e-05,0.01974017731845379,nan,nan
0,4023,2018-11-24,0.4970000386238098,0.8851644396781921,3.497682337183505e-05,0.02471577376127243,nan,nan
0,4023,2018-11-25,0.492000013589859,1.0386589765548706,3.375682354089804e-05,0.027055446058511734,nan,nan
0,4023,2018-11-26,0.49399998784065247,1.008655071258545,1.2171346497780178e-05,0.03555255010724068,nan,nan
0,4023,2018-11-27,0.5270000100135803,1.1227034330368042,6.291786121437326e-06,0.008734996430575848,nan,nan
0,4023,2018-11-28,0.5180000066757202,1.2137789726257324,7.257011020556092e-06,0.00289995432831347,nan,nan
0,4023,2018-11-29,0.4960000216960907,1.1379445791244507,6.652442152699223e-06,0.048049196600914,nan,nan
0,4023,2018-11-30,0.5339999794960022,1.1144754886627197,6.388667316059582e-06,0.04694091156125069,nan,nan
0,4023,2018-12-01,0.7559999823570251,1.1788209676742554,6.82907329974114e-06,0.020446576178073883,nan,nan
0,4023,2018-12-02,0.8109999895095825,1.2060470581054688,6.9902916948194616e-06,0.02462897077202797,nan,nan
0,4023,2018-12-03,6.3979997634887695,1.8744665384292603,0.00011430001177359372,0.09062059223651886,nan,nan
0,4023,2018-12-04,5.474999904632568,3.19381046295166,0.000630146125331521,0.9634208083152771,nan,nan
0,4023,2018-12-05,4.0370001792907715,3.733941078186035,0.0010660849511623383,0.11943615227937698,nan,nan
0,4023,2018-12-06,2.4210000038146973,3.466090679168701,0.001043011317960918,0.029476581141352654,nan,nan
0,4023,2018-12-07,1.7710000276565552,3.1585357189178467,0.0009529999806545675,0.09595057368278503,nan,nan
0,4023,2018-12-08,3.250999927520752,2.944000482559204,0.0008288421086035669,0.13320907950401306,nan,nan
0,4023,2018-12-09,7.666999816894531,3.0243310928344727,0.0007667657337151468,0.003596947295591235,nan,nan
0,4023,2018-12-10,7.781999588012695,4.105074882507324,0.0018120696768164635,0.5509437918663025,nan,nan
0,4023,2018-12-11,3.260999917984009,4.576208591461182,0.0025967489928007126,0.2450600564479828,nan,nan
0,4023,2018-12-12,2.0940001010894775,3.872420072555542,0.0027403957210481167,0.1169024109840393,nan,nan
0,4023,2018-12-13,1.5479999780654907,3.024280071258545,0.0022192122414708138,0.20839175581932068,nan,nan
0,4023,2018-12-14,1.2200000286102295,2.5231752395629883,0.0017934470670297742,0.17323839664459229,nan,nan
0,4023,2018-12-15,1.0549999475479126,2.1499898433685303,0.0014563043368980289,0.1383628100156784,nan,nan
0,4023,2018-12-16,1.0019999742507935,1.8499319553375244,0.0013124876422807574,0.04172198474407196,nan,nan
0,4023,2018-12-17,0.9760000109672546,1.673957109451294,0.0012673758901655674,0.007847124710679054,nan,nan
0,4023,2018-12-18,0.9179999828338623,1.540239691734314,0.001094304141588509,0.04401125758886337,nan,nan
0,4023,2018-12-19,0.8629999756813049,1.4526673555374146,0.0008899032836779952,0.05472228676080704,nan,nan
0,4023,2018-12-20,1.0260000228881836,1.4582208395004272,0.0007312158704735339,0.04668967425823212,nan,nan
0,4023,2018-12-21,2.3989999294281006,1.5071632862091064,0.0006128302775323391,0.034183260053396225,nan,nan
0,4023,2018-12-22,8.527999877929688,2.066546678543091,0.0009062880417332053,0.06553465127944946,nan,nan
0,4023,2018-12-23,0.0,3.1884400844573975,0.0014224537881091237,0.8097962141036987,nan,nan
0,4023,2018-12-24,3.1519999504089355,4.492769718170166,0.02760710008442402,0.051150646060705185,nan,nan
0,4023,2019-03-30,2.309000015258789,3.334679126739502,0.026587480679154396,0.2436436414718628,nan,nan
0,4023,2019-03-31,2.4000000953674316,3.2872419357299805,0.01488514244556427,0.24125586450099945,nan,nan
0,4023,2019-04-01,2.4149999618530273,3.1353211402893066,0.010459087789058685,0.18828634917736053,nan,nan
0,4023,2019-04-02,2.321000099182129,3.005295991897583,0.00796321127563715,0.15674126148223877,nan,nan
0,4023,2019-04-03,2.200000047683716,2.849015235900879,0.006902932655066252,0.13674990832805634,nan,nan
0,4023,2019-04-04,1.9970000982284546,2.9563894271850586,0.005431858357042074,0.17654599249362946,nan,nan
0,4023,2019-04-05,1.7130000591278076,3.842521905899048,0.010265041142702103,0.043702635914087296,nan,nan
0,4023,2019-04-06,1.562999963760376,3.3283803462982178,0.010760013945400715,0.36790505051612854,nan,nan
0,4023,2019-04-07,1.6519999504089355,2.8798234462738037,0.008125503547489643,0.2607893943786621,nan,nan
0,4023,2019-04-08,2.059999942779541,2.646974802017212,0.006176524329930544,0.18639814853668213,nan,nan
0,4023,2019-04-09,1.690999984741211,2.5335988998413086,0.0029939303640276194,0.08892413228750229,nan,nan
0,4023,2019-04-10,1.8910000324249268,2.4049713611602783,0.0021543260663747787,0.10917408019304276,nan,nan
0,4023,2019-04-11,1.8250000476837158,2.4103829860687256,0.0014996763784438372,0.057274095714092255,nan,nan
0,4023,2019-04-12,1.4589999914169312,2.240140199661255,0.0011964114382863045,0.08454188704490662,nan,nan
0,4023,2019-04-13,1.2710000276565552,2.114774227142334,0.0009421433205716312,0.10279124230146408,nan,nan
0,4023,2019-04-14,1.2259999513626099,1.9191272258758545,0.0003009969077538699,0.06812913715839386,nan,nan
0,4023,2019-04-15,1.1150000095367432,1.9655258655548096,8.130093920044601e-05,0.04194782301783562,nan,nan
0,4023,2019-04-16,1.1629999876022339,1.7994519472122192,5.454993879538961e-05,0.08697181195020676,nan,nan
0,4023,2019-04-17,1.184999942779541,1.6074857711791992,5.483820859808475e-05,0.05488123372197151,nan,nan
0,4023,2019-04-18,1.1319999694824219,1.5188409090042114,5.348760532797314e-05,0.04255692660808563,nan,nan
0,4023,2019-04-19,1.062999963760376,1.4997117519378662,7.208510942291468e-05,0.04424728825688362,nan,nan
0,4023,2019-04-20,1.0169999599456787,1.558071255683899,9.997702727559954e-05,0.05678509920835495,nan,nan
0,4023,2019-04-21,0.9710000157356262,1.5464972257614136,0.00014942293637432158,0.059139568358659744,nan,nan
0,4023,2019-04-22,0.925000011920929,1.589638352394104,0.00020466471323743463,0.06915297359228134,nan,nan
0,4023,2019-04-23,0.9079999923706055,1.5837693214416504,0.0002916001540143043,0.07258305698633194,nan,nan
0,4023,2019-04-24,0.8489999771118164,1.5669381618499756,0.0003773935604840517,0.07171821594238281,nan,nan
0,4023,2019-04-25,0.8339999914169312,1.4932984113693237,0.0005727753159590065,0.06660056859254837,nan,nan
0,4023,2019-04-26,0.9860000610351562,1.4123538732528687,0.0008193213143385947,0.05695858597755432,nan,nan
0,4023,2019-04-27,0.925000011920929,1.8706985712051392,0.0020488970912992954,0.018576908856630325,nan,nan
0,4023,2019-04-28,1.3289999961853027,1.8041833639144897,0.0020202603191137314,0.0037370980717241764,nan,nan
0,4023,2019-04-29,1.1820000410079956,1.611336350440979,0.001654716208577156,0.004028354771435261,nan,nan
0,4023,2019-04-30,1.4220000505447388,1.5179017782211304,0.0013977474300190806,0.003932368475943804,nan,nan
0,4023,2019-05-01,1.1169999837875366,1.4341444969177246,0.0011285071959719062,0.010389726608991623,nan,nan
0,4023,2019-05-02,0.9240000247955322,1.2004045248031616,0.0011030366877093911,0.0172928124666214,nan,nan
0,4023,2019-05-03,2.513000011444092,1.4473851919174194,0.0010766463819891214,0.0009847547626122832,nan,nan
0,4023,2019-05-04,2.3010001182556152,1.6358031034469604,0.0006994084687903523,0.043577175587415695,nan,nan
0,4023,2019-05-05,3.0789999961853027,2.1054904460906982,0.0008645760826766491,0.08808150887489319,nan,nan
0,4023,2019-05-06,2.546999931335449,2.0960166454315186,0.0008894815109670162,0.025139281526207924,nan,nan
0,4023,2019-05-07,2.0869998931884766,1.82647705078125,0.0007357779541052878,0.0027002228889614344,nan,nan
0,4023,2019-05-08,1.5679999589920044,1.7984087467193604,0.0006540047470480204,0.015557068400084972,nan,nan
0,4023,2019-05-09,1.3930000066757202,1.9777272939682007,0.000542508321814239,0.030366964638233185,nan,nan
0,4023,2019-05-10,1.7200000286102295,1.9783344268798828,0.00042774659232236445,0.04647580534219742,nan,nan
0,4023,2019-05-11,1.7100000381469727,1.9138262271881104,0.0003355687076691538,0.03144993633031845,nan,nan
0,4023,2019-05-12,10.456999778747559,2.437277317047119,0.0005492673953995109,0.0073594218119978905,nan,nan
0,4023,2019-05-13,4.275000095367432,4.109671592712402,0.0019223896088078618,1.5382564067840576,nan,nan
0,4023,2019-05-14,2.5480000972747803,3.3824760913848877,0.004088788293302059,0.03008805774152279,nan,nan
0,5001,2018-10-19,0.04699999839067459,0.5265791416168213,9.376502566738054e-05,0.018398672342300415,nan,nan
0,5001,2018-10-20,0.05299999937415123,0.5579586029052734,8.04560404503718e-05,0.020637817680835724,nan,nan
0,5001,2018-10-21,0.04399999976158142,0.5406833291053772,6.994744035182521e-05,0.01901852898299694,nan,nan
0,5001,2018-10-22,0.057999998331069946,0.5387890338897705,6.673522875644267e-05,0.019311323761940002,nan,nan
0,5001,2018-10-23,0.05299999937415123,0.4871580898761749,5.497187885339372e-05,0.01499752327799797,nan,nan
0,5001,2018-10-24,0.04699999839067459,0.4700307548046112,4.89864542032592e-05,0.014084075577557087,nan,nan
0,5001,2018-10-25,0.05299999937415123,0.46748995780944824,4.5734719606116414e-05,0.014168977737426758,nan,nan
0,5001,2018-10-26,0.06700000166893005,0.47238051891326904,4.1023398807737976e-05,0.01423629466444254,nan,nan
0,5001,2018-10-27,0.11800000071525574,0.5413973927497864,3.720656968653202e-05,0.005985131487250328,nan,nan
0,5001,2018-10-28,0.09300000220537186,0.9009010791778564,0.0002660663449205458,0.1804463118314743,nan,nan
0,5001,2018-10-29,0.0820000022649765,0.9375238418579102,0.00041234761010855436,0.002445730846375227,nan,nan
0,5001,2018-10-30,0.08699999749660492,0.9359510540962219,0.00045780636719428003,0.0026738708838820457,nan,nan
0,5001,2018-10-31,0.06700000166893005,0.7442084550857544,0.00043179484782740474,0.02401859313249588,nan,nan
0,5001,2018-11-01,0.10599999874830246,0.6695098280906677,0.00033862944110296667,0.02418885938823223,nan,nan
0,5001,2018-11-02,0.06700000166893005,0.7193430662155151,0.00031510984990745783,0.002025969559326768,nan,nan
0,5001,2018-11-03,0.06700000166893005,0.6603697538375854,0.00027506164042279124,0.028237003833055496,nan,nan
0,5001,2018-11-04,0.06700000166893005,0.6302891373634338,0.00022839909070171416,0.025552313774824142,nan,nan
0,5001,2018-11-05,0.06700000166893005,0.6250910758972168,0.00019183238327968866,0.02510196529328823,nan,nan
0,5001,2018-11-06,0.07500000298023224,0.6286804676055908,0.00016072503058239818,0.025412507355213165,nan,nan
0,5001,2018-11-07,0.1509999930858612,0.7012220025062561,0.0001416733139194548,0.012233657762408257,nan,nan
0,5001,2018-11-08,0.20600000023841858,1.1444218158721924,0.0005686994991265237,0.10655941814184189,nan,nan
0,5001,2018-11-09,0.12000000476837158,0.9745957255363464,0.0010073218727484345,0.05256635695695877,nan,nan
0,5001,2018-11-10,0.10400000214576721,0.842081606388092,0.000833627418614924,0.04336219280958176,nan,nan
0,5001,2018-11-11,0.22599999606609344,0.9492714405059814,0.0009694438194856048,0.0005586453480646014,nan,nan
0,5001,2018-11-12,0.3479999899864197,0.9565019607543945,0.0008843344985507429,0.008338687941432,nan,nan
0,5001,2018-11-13,0.1550000011920929,0.9033764004707336,0.0007612137123942375,0.03424997627735138,nan,nan
0,5001,2018-11-14,0.16599999368190765,0.9466692209243774,0.0007614132482558489,0.00688623683527112,nan,nan
0,5001,2018-11-15,0.14000000059604645,0.8512721657752991,0.0006699960213154554,0.041086114943027496,nan,nan
0,5001,2018-11-16,0.09799999743700027,0.8241886496543884,0.0005612917011603713,0.03994788974523544,nan,nan
0,5001,2018-11-17,0.08900000154972076,0.7810127139091492,0.0004715435206890106,0.03820408508181572,nan,nan
0,5001,2018-11-18,0.08900000154972076,0.7300235033035278,0.00039959841524250805,0.03354492411017418,nan,nan
0,5001,2018-11-19,0.0949999988079071,0.7060347199440002,0.00033894984517246485,0.03119572065770626,nan,nan
0,5001,2018-11-20,0.11800000071525574,0.7323525547981262,0.00042609553202055395,0.003596651367843151,nan,nan
0,5001,2018-11-21,0.1509999930858612,0.6341856122016907,0.000412802241044119,0.012190181761980057,nan,nan
0,5001,2018-11-22,0.09799999743700027,0.6516196131706238,0.0003703705151565373,0.009564136154949665,nan,nan
0,5001,2018-11-23,0.5239999890327454,0.6746914982795715,0.00032476388150826097,0.027728399261832237,nan,nan
0,5001,2018-11-24,1.3639999628067017,1.3592555522918701,0.010479751043021679,0.5258752703666687,nan,nan
0,5001,2018-11-25,1.0049999952316284,1.2486308813095093,0.03724755719304085,0.010293219238519669,nan,nan
0,5001,2018-11-26,0.5189999938011169,1.1231718063354492,0.025084132328629494,0.007766473572701216,nan,nan
0,5001,2018-11-27,0.3190000057220459,1.1067731380462646,0.019603315740823746,0.015280941501259804,nan,nan
0,5001,2018-11-28,0.2460000067949295,0.9934893846511841,0.016416624188423157,0.03973045200109482,nan,nan
0,5001,2018-11-29,0.1889999955892563,0.9525675177574158,0.013141155242919922,0.04677959159016609,nan,nan
0,5001,2018-11-30,0.19699999690055847,0.8511501550674438,0.010906216688454151,0.03945930674672127,nan,nan
0,5001,2018-12-01,0.20000000298023224,0.8741883039474487,0.0091642951592803,0.029169658198952675,nan,nan
0,5001,2018-12-02,1.13100004196167,0.9906189441680908,0.008719710633158684,0.0013168752193450928,nan,nan
0,5001,2018-12-03,9.756999969482422,2.632624864578247,0.1757470667362213,0.4717084765434265,nan,nan
0,5001,2018-12-04,10.333999633789062,11.22923755645752,0.5078202486038208,0.1511540412902832,nan,nan
0,5001,2018-12-05,3.992999792098999,8.182291030883789,0.5968486666679382,0.05543261766433716,nan,nan
0,5001,2018-12-06,4.5879998207092285,4.06662654876709,0.575748860836029,0.049510352313518524,nan,nan
0,5001,2018-12-07,3.68500018119812,4.480203151702881,0.4797815978527069,0.030448446050286293,nan,nan
0,5001,2018-12-08,2.880000114440918,4.111593723297119,0.3974612057209015,0.02728600613772869,nan,nan
0,5001,2018-12-09,7.168000221252441,3.905764579772949,0.4130822420120239,0.00483560049906373,nan,nan
0,5001,2018-12-10,11.12600040435791,16.887903213500977,0.8421240448951721,4.443055152893066,nan,nan
0,5001,2018-12-11,5.1579999923706055,7.821451663970947,0.9166099429130554,0.10062429308891296,nan,nan
0,5001,2018-12-12,3.3410000801086426,3.6161913871765137,0.9057786464691162,0.006844913121312857,nan,nan
0,5001,2018-12-13,2.5360000133514404,2.5637035369873047,0.8656686544418335,0.012961499392986298,nan,nan
0,5001,2018-12-14,1.9789999723434448,2.4709670543670654,0.8128271102905273,0.05258479341864586,nan,nan
0,5001,2018-12-15,1.7860000133514404,2.296837091445923,0.7487173676490784,0.07799482345581055,nan,nan
0,5001,2018-12-16,2.0739998817443848,2.3153014183044434,0.7525757551193237,0.008161998353898525,nan,nan
0,5001,2018-12-17,2.2139999866485596,2.610710382461548,0.7072071433067322,0.037513647228479385,nan,nan
0,5001,2018-12-18,1.809999942779541,2.3556647300720215,0.6292853951454163,0.03706081956624985,nan,nan
0,5001,2018-12-19,2.2809998989105225,1.9726097583770752,0.5289385318756104,0.04864765331149101,nan,nan
0,5001,2018-12-20,2.384999990463257,3.787106513977051,0.6782545447349548,0.000851673074066639,nan,nan
0,5001,2018-12-21,5.605999946594238,2.583787679672241,0.6826413869857788,0.05019155889749527,nan,nan
0,5001,2018-12-22,19.246000289916992,19.21056365966797,0.9783703684806824,8.445191383361816,nan,nan
0,5001,2018-12-23,12.119999885559082,15.981161117553711,0.9940943121910095,0.4580196142196655,nan,nan
0,5001,2018-12-24,17.10300064086914,12.78179931640625,0.9947919249534607,0.6236072182655334,nan,nan
0,5001,2018-12-25,7.839999675750732,11.574784278869629,0.9961726069450378,0.003252377500757575,nan,nan
0,5001,2018-12-26,4.138000011444092,5.261712551116943,0.9959384202957153,0.003824836341664195,nan,nan
0,5001,2018-12-27,3.003999948501587,3.588987350463867,0.993770182132721,0.0643216222524643,nan,nan
0,5001,2018-12-28,2.428999900817871,2.966460704803467,0.9903966188430786,0.0797397717833519,nan,nan
0,5001,2018-12-29,1.965999960899353,2.701539993286133,0.9852361679077148,0.09658264368772507,nan,nan
0,5001,2018-12-30,1.531000018119812,2.4396042823791504,0.977540910243988,0.10266156494617462,nan,nan
0,5001,2018-12-31,1.3380000591278076,2.1268668174743652,0.9671182632446289,0.09691840410232544,nan,nan
0,5001,2019-01-01,1.222000002861023,1.9872453212738037,0.928543210029602,0.09427828341722488,nan,nan
0,5001,2019-01-02,1.128999948501587,1.9239068031311035,0.8787120580673218,0.09467742592096329,nan,nan
0,5001,2019-01-03,1.0089999437332153,1.8082783222198486,0.7882262468338013,0.08694551885128021,nan,nan
0,5001,2019-01-04,0.8740000128746033,1.727195382118225,0.7027778029441833,0.08630075305700302,nan,nan
0,5001,2019-01-05,0.8100000023841858,1.6224721670150757,0.6233817338943481,0.08344102650880814,nan,nan
0,5001,2019-01-06,0.7720000147819519,1.5452680587768555,0.5399667620658875,0.07691150158643723,nan,nan
0,5001,2019-01-07,0.7369999885559082,1.5853677988052368,0.45918527245521545,0.08796606957912445,nan,nan
0,5001,2019-01-08,0.7540000081062317,1.54222571849823,0.2840549349784851,0.08249281346797943,nan,nan
0,5001,2019-01-09,0.7319999933242798,1.7341722249984741,0.22908082604408264,4.699860801338218e-05,nan,nan
0,5001,2019-01-10,0.6430000066757202,1.7123178243637085,0.17712464928627014,0.005519420374184847,nan,nan
0,5001,2019-01-11,0.6060000061988831,1.6070830821990967,0.14699575304985046,0.10521458089351654,nan,nan
0,5001,2019-01-12,0.5699999928474426,1.5672880411148071,0.11677994579076767,0.09178413450717926,nan,nan
0,5001,2019-01-13,1.128999948501587,1.926085352897644,0.13550889492034912,0.0012496247654780746,nan,nan
0,5001,2019-01-14,2.555999994277954,3.142245054244995,0.3696196377277374,0.10395438969135284,nan,nan
0,5001,2019-01-15,2.2739999294281006,2.968501329421997,0.46935442090034485,0.038516540080308914,nan,nan
0,5001,2019-01-16,1.815000057220459,2.2452962398529053,0.387971431016922,0.04566028714179993,nan,nan
0,5001,2019-01-17,1.4800000190734863,2.172572612762451,0.3149552047252655,0.07199677079916,nan,nan
0,5001,2019-01-18,1.2619999647140503,2.1966753005981445,0.21545372903347015,0.023967519402503967,nan,nan
0,5001,2019-01-19,1.1449999809265137,1.9375667572021484,0.12089689075946808,0.09413215517997742,nan,nan
0,5001,2019-01-20,1.0379999876022339,1.6309078931808472,0.028982199728488922,0.05943312123417854,nan,nan
0,5001,2019-01-21,0.9339999556541443,1.4865801334381104,0.0044716945849359035,0.049821123480796814,nan,nan
0,5001,2019-01-22,0.902999997138977,1.2411261796951294,0.002375945681706071,0.030475853011012077,nan,nan
0,5001,2019-01-23,0.9179999828338623,1.0845091342926025,0.0014121150597929955,0.018034731969237328,nan,nan
0,5001,2019-01-24,0.8410000205039978,1.141549825668335,0.0009925502818077803,0.00010590475721983239,nan,nan
0,5001,2019-01-25,0.7369999885559082,1.1050689220428467,0.0008360110223293304,0.02365284413099289,nan,nan
0,5001,2019-01-26,0.6610000133514404,0.9729918241500854,0.0007095492910593748,0.017226560041308403,nan,nan
0,5001,2019-01-27,0.9540000557899475,0.9175657033920288,0.0006193381850607693,0.00915845949202776,nan,nan
0,5001,2019-01-28,1.055999994277954,1.5598026514053345,0.005949359852820635,0.34404319524765015,nan,nan
0,5001,2019-01-29,0.9430000185966492,1.5715116262435913,0.011197417043149471,0.006658362224698067,nan,nan
0,5001,2019-01-30,0.9760000109672546,1.6921077966690063,0.013814256526529789,0.004167972132563591,nan,nan
0,5001,2019-01-31,1.0210000276565552,1.6914360523223877,0.012840432114899158,0.0024147159419953823,nan,nan
0,5001,2019-02-01,2.5759999752044678,1.9621320962905884,0.0211492907255888,0.03127274662256241,nan,nan
0,5001,2019-02-02,2.2760000228881836,3.6517839431762695,0.17263026535511017,0.3656691312789917,nan,nan
0,5001,2019-02-03,2.0190000534057617,2.9648044109344482,0.303327351808548,0.029792828485369682,nan,nan
0,5001,2019-02-04,1.7079999446868896,2.548865795135498,0.2433372288942337,0.07586447149515152,nan,nan
0,5001,2019-02-05,1.5,2.1622798442840576,0.19168832898139954,0.08411062508821487,nan,nan
0,5001,2019-02-06,1.3380000591278076,1.9001394510269165,0.1493050754070282,0.06503599882125854,nan,nan
0,5001,2019-02-07,1.3179999589920044,1.7074458599090576,0.10845907777547836,0.053309038281440735,nan,nan
0,5001,2019-02-08,1.3020000457763672,1.8427435159683228,0.09651385992765427,0.0009330648463219404,nan,nan
0,5001,2019-02-09,1.253000020980835,1.6512974500656128,0.07541423290967941,0.03643370792269707,nan,nan
0,5001,2019-02-10,1.8079999685287476,1.5311508178710938,0.056919801980257034,0.035168085247278214,nan,nan
0,5001,2019-02-11,3.3459999561309814,2.125840902328491,0.07204680889844894,0.06864462047815323,nan,nan
0,5001,2019-02-12,2.5820000171661377,2.028301239013672,0.05187208950519562,0.01408079918473959,nan,nan
0,5001,2019-02-13,2.135999917984009,1.9298909902572632,0.027446147054433823,0.005475224927067757,nan,nan
0,5001,2019-02-14,1.819000005722046,1.694655418395996,0.02087358571588993,0.007730271201580763,nan,nan
0,5001,2019-02-15,1.6859999895095825,1.4772943258285522,0.0162521842867136,0.007083964068442583,nan,nan
0,5001,2019-02-16,1.774999976158142,1.46261727809906,0.012262297794222832,0.010695409029722214,nan,nan
0,5001,2019-02-17,2.0369999408721924,1.49578058719635,0.00924654956907034,0.009387481957674026,nan,nan
0,5001,2019-02-18,2.1740000247955322,1.4412163496017456,0.007148141041398048,0.0013134356122463942,nan,nan
0,5001,2019-02-19,2.1760001182556152,1.4747141599655151,0.00554926972836256,0.0004585071001201868,nan,nan
0,5001,2019-02-20,2.003000020980835,1.458499789237976,0.004323454108089209,0.0002772125299088657,nan,nan
0,5001,2019-02-21,1.9479999542236328,1.480473279953003,0.0033772895112633705,0.0027952194213867188,nan,nan
0,5001,2019-02-22,2.11899995803833,1.5611222982406616,0.0025682905688881874,0.007129390258342028,nan,nan
0,5001,2019-02-23,2.3580000400543213,1.574143409729004,0.001987478230148554,0.003374513704329729,nan,nan
0,5001,2019-02-24,1.9590001106262207,1.4624215364456177,0.0015977885341271758,0.00019866813090629876,nan,nan
0,5001,2019-02-25,1.7389999628067017,1.4718645811080933,0.0012863611336797476,0.0033892698120325804,nan,nan
0,5001,2019-02-26,1.6109999418258667,1.3813461065292358,0.0004627660964615643,0.005188749171793461,nan,nan
0,5001,2019-02-27,1.7970000505447388,1.3477239608764648,0.0002160717558581382,0.007268340792506933,nan,nan
0,5001,2019-02-28,2.203000068664551,1.4096523523330688,0.00017377677431795746,0.004844138398766518,nan,nan
0,5001,2019-03-01,2.489000082015991,1.4709632396697998,0.00014169912901706994,0.0002347885019844398,nan,nan
0,5001,2019-03-02,2.4030001163482666,1.8887121677398682,0.00017779666814021766,0.032288454473018646,nan,nan
0,5001,2019-03-03,1.8530000448226929,1.7439100742340088,7.859767356421798e-05,0.0029876430053263903,nan,nan
0,5001,2019-03-04,1.7480000257492065,1.5915828943252563,2.44349521381082e-05,0.011953527107834816,nan,nan
0,5001,2019-03-05,1.5859999656677246,1.6415481567382812,2.2730502678314224e-05,0.0005133741651661694,nan,nan
0,5001,2019-03-06,1.3509999513626099,1.4834327697753906,2.531482641643379e-05,0.016018373891711235,nan,nan
0,5001,2019-03-07,2.322999954223633,1.7822742462158203,4.3001087760785595e-05,0.012018232606351376,nan,nan
0,5001,2019-03-08,2.5290000438690186,1.7413088083267212,5.298905307427049e-05,9.299471275880933e-05,nan,nan
0,5001,2019-03-09,1.9569998979568481,1.649230718612671,4.265226743882522e-05,4.711769361165352e-05,nan,nan
0,5001,2019-03-10,6.301000118255615,2.0129308700561523,7.257752440636978e-05,0.014656893908977509,nan,nan
0,5001,2019-03-11,5.015999794006348,2.5195634365081787,0.00010530588770052418,0.3330792784690857,nan,nan
0,5001,2019-03-12,2.8380000591278076,2.7925431728363037,8.684719068696722e-05,0.14399079978466034,nan,nan
0,5001,2019-03-13,2.3380000591278076,2.5379767417907715,7.005911902524531e-05,0.00818219780921936,nan,nan
0,5001,2019-03-14,5.0960001945495605,2.4486351013183594,8.655658166389912e-05,0.0003592761349864304,nan,nan
0,5001,2019-03-15,16.80299949645996,4.642601013183594,0.01935654692351818,0.9174944162368774,nan,nan
0,5001,2019-03-16,15.815999984741211,7.284223556518555,0.2592294216156006,1.2474647760391235,nan,nan
0,5001,2019-03-17,8.269000053405762,7.782743453979492,0.3254842162132263,0.4174228608608246,nan,nan
0,5001,2019-03-18,4.96999979019165,6.397557258605957,0.3528457283973694,0.01646503433585167,nan,nan
0,5001,2019-03-19,3.260999917984009,5.0984930992126465,0.30607980489730835,0.2690809965133667,nan,nan
0,5001,2019-03-20,2.5199999809265137,4.15191650390625,0.25307393074035645,0.31375303864479065,nan,nan
0,5001,2019-03-21,2.196000099182129,3.327632188796997,0.220481738448143,0.21649570763111115,nan,nan
0,5001,2019-03-22,2.009999990463257,2.807046890258789,0.1792212277650833,0.14456914365291595,nan,nan
0,5001,2019-03-23,2.109999895095825,2.431746244430542,0.1454426348209381,0.09645911306142807,nan,nan
0,5001,2019-03-24,2.2139999866485596,2.119547128677368,0.11997544020414352,0.04331402853131294,nan,nan
0,5001,2019-03-25,2.2100000381469727,2.0024428367614746,0.0982394888997078,0.02498503588140011,nan,nan
0,5001,2019-03-26,1.8880000114440918,2.0796051025390625,0.07855042070150375,0.032316870987415314,nan,nan
0,5001,2019-03-27,1.5549999475479126,1.7920870780944824,0.06445815414190292,0.024897953495383263,nan,nan
0,5001,2019-03-28,1.3910000324249268,1.4582439661026,0.05373869091272354,0.01565651409327984,nan,nan
0,5001,2019-03-29,1.371000051498413,1.3710386753082275,0.04433000087738037,0.01691429316997528,nan,nan
0,5001,2019-03-30,1.4800000190734863,1.5125763416290283,0.03555029630661011,0.02961040660738945,nan,nan
0,5001,2019-03-31,1.5369999408721924,1.5092737674713135,0.026768969371914864,0.02314215712249279,nan,nan
0,5001,2019-04-01,1.63100004196167,1.472578525543213,0.022099995985627174,0.0174699779599905,nan,nan
0,5001,2019-04-02,1.5770000219345093,1.475908637046814,0.01817084476351738,0.013607226312160492,nan,nan
0,5001,2019-04-03,1.9630001783370972,1.4617118835449219,0.015717312693595886,0.01493882667273283,nan,nan
0,5001,2019-04-04,1.815000057220459,6.724232196807861,0.5701193809509277,0.00962053332477808,nan,nan
0,5001,2019-04-05,1.4240000247955322,3.1997506618499756,0.7824885249137878,0.06455297768115997,nan,nan
0,5001,2019-04-06,1.2020000219345093,2.1458935737609863,0.7124761343002319,0.11235834658145905,nan,nan
0,5001,2019-04-07,1.3359999656677246,1.8869988918304443,0.6394258141517639,0.08483294397592545,nan,nan
0,5001,2019-04-08,1.4579999446868896,2.004441976547241,0.5509395599365234,0.050387125462293625,nan,nan
0,5001,2019-04-09,1.5729999542236328,1.7259509563446045,0.45729926228523254,0.046203289180994034,nan,nan
0,5001,2019-04-10,1.5640000104904175,1.632870078086853,0.37856659293174744,0.02873438596725464,nan,nan
0,5001,2019-04-11,1.5570000410079956,1.5246710777282715,0.306560218334198,0.02006019465625286,nan,nan
0,5001,2019-04-12,1.6200000047683716,1.572418212890625,0.2586575746536255,0.024290502071380615,nan,nan
0,5001,2019-04-13,1.340000033378601,1.3783692121505737,0.10445650666952133,0.008468220010399818,nan,nan
0,5001,2019-04-14,1.125,1.2303528785705566,0.028240777552127838,0.010135515592992306,nan,nan
0,5001,2019-04-15,0.98499995470047,1.2888253927230835,0.021067550405859947,0.023768873885273933,nan,nan
0,5001,2019-04-16,0.9959999918937683,1.1525731086730957,0.014799896627664566,0.02003786712884903,nan,nan
0,5001,2019-04-17,1.059999942779541,1.0363038778305054,0.011379430070519447,0.011660650372505188,nan,nan
0,5001,2019-04-18,1.1399999856948853,0.9561814069747925,0.009945805184543133,0.005623322911560535,nan,nan
0,5001,2019-04-19,1.399999976158142,1.0210293531417847,0.009276370517909527,0.006186888553202152,nan,nan
0,5001,2019-04-20,1.4270000457763672,1.0293266773223877,0.008761417120695114,0.0012580733746290207,nan,nan
0,5001,2019-04-21,1.4179999828338623,1.0364446640014648,0.010324127972126007,0.0010684668086469173,nan,nan
0,5001,2019-04-22,1.187000036239624,1.0661568641662598,0.010179171338677406,0.0017933601047843695,nan,nan
0,5001,2019-04-23,1.25600004196167,1.0888018608093262,0.012905526906251907,0.007901240140199661,nan,nan
0,5001,2019-04-24,1.2760000228881836,1.180627465248108,0.014723521657288074,0.010367882438004017,nan,nan
0,5001,2019-04-25,1.215999960899353,1.4203652143478394,0.012392949312925339,0.0007789883529767394,nan,nan
0,5001,2019-04-26,1.2619999647140503,1.8985085487365723,0.012474634684622288,0.05055063217878342,nan,nan
0,5001,2019-04-27,1.1030000448226929,1.7052780389785767,0.011546502821147442,0.0027400271501392126,nan,nan
0,5001,2019-04-28,1.430999994277954,1.6700841188430786,0.010044609196484089,0.0004185605503153056,nan,nan
0,5001,2019-04-29,1.253000020980835,1.5726909637451172,0.008362687192857265,0.0013049085391685367,nan,nan
0,5001,2019-04-30,1.2309999465942383,1.268821358680725,0.007115016225725412,0.01596512459218502,nan,nan
0,5001,2019-05-01,1.3020000457763672,1.1141186952590942,0.005817518103867769,0.0077597093768417835,nan,nan
0,5001,2019-05-02,1.187000036239624,1.0865305662155151,0.0054970476776361465,0.004647092428058386,nan,nan
0,5001,2019-05-03,1.1490000486373901,1.1755743026733398,0.0006065660272724926,0.0031235944479703903,nan,nan
0,5001,2019-05-04,1.1200000047683716,1.0453070402145386,0.00020330442930571735,0.007004336919635534,nan,nan
0,5001,2019-05-05,0.9520000219345093,1.2300794124603271,0.00027467167819850147,0.041287507861852646,nan,nan
0,5001,2019-05-06,0.8209999799728394,1.061547875404358,0.00033245462691411376,0.015017679892480373,nan,nan
0,5001,2019-05-07,0.7590000033378601,0.9681527614593506,0.0003262979444116354,0.014405443333089352,nan,nan
0,5001,2019-05-08,1.100000023841858,0.9460092186927795,0.0003270141896791756,0.015583129599690437,nan,nan
0,5001,2019-05-09,4.192999839782715,1.849780797958374,0.005666930228471756,0.3318822681903839,nan,nan
0,5001,2019-05-10,3.4830000400543213,2.2973520755767822,0.009608658030629158,0.24181923270225525,nan,nan
0,5001,2019-05-11,2.566999912261963,2.06969952583313,0.008754334412515163,0.0042967828921973705,nan,nan
0,5001,2019-05-12,2.688999891281128,2.315086603164673,0.008839375339448452,0.018840890377759933,nan,nan
0,5001,2019-05-13,1.9279999732971191,1.9584883451461792,0.010658523067831993,0.003978595603257418,nan,nan
0,5001,2019-05-14,1.5199999809265137,1.7020576000213623,0.012707545422017574,0.01595005765557289,nan,nan
0,5001,2019-05-15,1.2020000219345093,1.3787671327590942,0.0206613689661026,0.012014451436698437,nan,nan
0,5001,2019-05-16,1.0089999437332153,1.2512553930282593,0.02112651988863945,0.017026646062731743,nan,nan
0,5001,2019-05-17,0.9540000557899475,1.1723964214324951,0.018374552950263023,0.020379280671477318,nan,nan
0,5001,2019-05-18,0.9160000085830688,1.1654447317123413,0.014401986263692379,0.011856898665428162,nan,nan
0,5001,2019-05-19,0.8140000104904175,1.0658807754516602,0.011259155347943306,0.01690482720732689,nan,nan
0,5001,2019-05-20,0.8209999799728394,1.3141943216323853,0.009541844017803669,0.0021176065783947706,nan,nan
0,5001,2019-05-21,0.925000011920929,1.4627183675765991,0.008997218683362007,0.002212932799011469,nan,nan
0,5001,2019-05-22,0.8190000057220459,1.1648156642913818,0.009122214280068874,0.02414141409099102,nan,nan
0,5001,2019-05-23,0.640999972820282,1.0110893249511719,0.009969295002520084,0.01743968389928341,nan,nan
0,5001,2019-05-24,0.5860000252723694,1.0020246505737305,0.011485069058835506,0.02582610584795475,nan,nan
0,5001,2019-05-25,0.6079999804496765,1.042675495147705,0.009565198794007301,0.03290000185370445,nan,nan
0,5001,2019-05-26,0.6079999804496765,1.3097002506256104,0.00738863367587328,0.0013814670965075493,nan,nan
0,5001,2019-05-27,0.5210000276565552,1.1342490911483765,0.008173764683306217,0.040991708636283875,nan,nan
0,5001,2019-05-28,0.6100000143051147,1.1699833869934082,0.00715918093919754,0.03750036656856537,nan,nan
0,5001,2019-05-29,0.6119999885559082,1.674017071723938,0.00841125100851059,0.00336162350140512,nan,nan
0,5001,2019-05-30,0.5440000295639038,1.396336317062378,0.009584891609847546,0.07458575069904327,nan,nan
0,5001,2019-05-31,0.43700000643730164,1.1924412250518799,0.010337119922041893,0.05266585201025009,nan,nan
0,5001,2019-06-01,0.40799999237060547,0.9863085746765137,0.014444391243159771,0.03689655661582947,nan,nan
0,5001,2019-06-02,0.38600000739097595,0.9127408266067505,0.019236691296100616,0.031374651938676834,nan,nan
0,5001,2019-06-03,0.3479999899864197,0.8126167058944702,0.028071651235222816,0.023630142211914062,nan,nan
0,5001,2019-06-04,0.33500000834465027,0.7977522015571594,0.03883428871631622,0.024435020983219147,nan,nan
0,5001,2019-06-05,0.3709999918937683,0.7516889572143555,0.09396848827600479,0.021330930292606354,nan,nan
0,5001,2019-06-06,0.32199999690055847,0.9501539468765259,0.13034655153751373,0.037550654262304306,nan,nan
0,5001,2019-06-07,0.2619999945163727,0.9518728852272034,0.055291660130023956,0.041132956743240356,nan,nan
0,5001,2019-06-08,0.24800001084804535,0.7949095368385315,0.05027599260210991,0.02909596636891365,nan,nan
0,5001,2019-06-09,0.5080000162124634,0.7033722400665283,0.06735721975564957,0.021935516968369484,nan,nan
0,5001,2019-06-10,1.3240000009536743,2.1203725337982178,0.327868789434433,0.18901140987873077,nan,nan
0,5001,2019-06-11,3.8630001544952393,4.388217926025391,0.7627434730529785,0.1544574648141861,nan,nan
0,5001,2019-06-12,13.571000099182129,6.599438667297363,0.9014372229576111,1.5568606670512963e-07,nan,nan
0,5001,2019-06-13,3.614000082015991,12.399527549743652,0.9724556803703308,1.005996823310852,nan,nan
0,5001,2019-06-14,2.178999900817871,2.1116886138916016,0.9807363748550415,0.003238310106098652,nan,nan
0,5001,2019-06-15,3.4059998989105225,2.52126145362854,0.974080502986908,0.0015390031039714813,nan,nan
0,5001,2019-06-16,4.250999927520752,5.542860507965088,0.9756184220314026,0.01276968140155077,nan,nan
0,5001,2019-06-17,2.3289999961853027,2.3448805809020996,0.9826448559761047,0.01097776833921671,nan,nan
0,5001,2019-06-18,1.6239999532699585,1.3349584341049194,0.9794833660125732,0.001911515835672617,nan,nan
0,5001,2019-06-19,1.222000002861023,0.8873286247253418,0.9799606204032898,0.001792281516827643,nan,nan
0,5001,2019-06-20,1.409000039100647,0.8530616760253906,0.9809696674346924,0.00034609949216246605,nan,nan
0,5001,2019-06-21,0.9719999432563782,1.1712121963500977,0.970174252986908,6.844075687695295e-05,nan,nan
0,5001,2019-06-22,0.8119999766349792,1.0998965501785278,0.9511227607727051,0.00016901885101106018,nan,nan
0,5001,2019-06-23,0.6940000057220459,1.0645434856414795,0.9213456511497498,0.0006831450155004859,nan,nan
0,5001,2019-06-24,0.6029999852180481,0.9169816970825195,0.9120880365371704,0.0164590235799551,nan,nan
0,5001,2019-06-25,0.5370000004768372,0.6495514512062073,0.9184120893478394,0.005098739173263311,nan,nan
0,5001,2019-06-26,0.4699999690055847,0.6524157524108887,0.9396950602531433,0.0070092701353132725,nan,nan
0,5001,2019-06-27,0.4300000071525574,0.6929981112480164,0.9559020400047302,0.011337731964886189,nan,nan
0,5001,2019-06-28,0.37700000405311584,0.6652969717979431,0.973297655582428,0.01122123934328556,nan,nan
0,5001,2019-06-29,0.35499998927116394,0.6364008784294128,0.9831761121749878,0.011519500985741615,nan,nan
0,5001,2019-06-30,0.3149999976158142,0.6126742959022522,0.9885326623916626,0.010965458117425442,nan,nan
0,5009,2018-10-19,0.057999998331069946,0.5305045247077942,3.699383159982972e-05,0.018262023106217384,nan,nan
0,5009,2018-10-20,0.050999999046325684,0.5693179965019226,3.2944542908808216e-05,0.020975129678845406,nan,nan
0,5009,2018-10-21,0.05000000074505806,0.5502735376358032,2.9473552785930224e-05,0.019843703135848045,nan,nan
0,5009,2018-10-22,0.04699999839067459,0.5467047691345215,2.853233127098065e-05,0.01961989887058735,nan,nan
0,5009,2018-10-23,0.05000000074505806,0.49342483282089233,2.1949554138700478e-05,0.015899410471320152,nan,nan
0,5009,2018-10-24,0.04899999871850014,0.4707712233066559,2.016820144490339e-05,0.01425690483301878,nan,nan
0,5009,2018-10-25,0.04800000041723251,0.46527689695358276,1.8706468836171553e-05,0.01394325029104948,nan,nan
0,5009,2018-10-26,0.04600000008940697,0.4661996364593506,1.6975527614704333e-05,0.014044026844203472,nan,nan
0,5009,2018-10-27,0.09399999678134918,0.520941436290741,1.6092903024400584e-05,0.007878473028540611,nan,nan
0,5009,2018-10-28,0.1340000033378601,0.8155714273452759,8.184616308426484e-05,0.10006476938724518,nan,nan
0,5009,2018-10-29,0.10300000011920929,0.816347599029541,0.00012021921429550275,5.193874312681146e-05,nan,nan
0,5009,2018-10-30,0.08799999952316284,0.7697973847389221,0.00012462222366593778,0.0009384591248817742,nan,nan
0,5009,2018-10-31,0.10700000077486038,0.6342477798461914,0.00011445859126979485,0.019755547866225243,nan,nan
0,5009,2018-11-01,0.11400000005960464,0.5809168815612793,9.582248458173126e-05,0.019438020884990692,nan,nan
0,5009,2018-11-02,0.24400000274181366,0.6206145286560059,8.789145067567006e-05,0.0043331109918653965,nan,nan
0,5009,2018-11-03,0.22499999403953552,0.5958547592163086,7.827954686945304e-05,0.014289764687418938,nan,nan
0,5009,2018-11-04,0.1809999942779541,0.5853606462478638,6.773354834876955e-05,0.014401057735085487,nan,nan
0,5009,2018-11-05,0.13600000739097595,0.5930019021034241,5.8615070884115994e-05,0.016841594129800797,nan,nan
0,5009,2018-11-06,0.10899999737739563,0.6034829616546631,5.152892117621377e-05,0.019738486036658287,nan,nan
0,5009,2018-11-07,0.09700000286102295,0.6566125750541687,4.5136614062357694e-05,0.025496024638414383,nan,nan
0,5009,2018-11-08,0.2930000126361847,1.0130045413970947,0.00011714421270880848,0.030683062970638275,nan,nan
0,5009,2018-11-09,0.4000000059604645,0.9070305824279785,0.00016560760559514165,0.03828898072242737,nan,nan
0,5009,2018-11-10,0.23399999737739563,0.8080330491065979,0.0001412457349942997,0.02250787429511547,nan,nan
0,5009,2018-11-11,0.2160000056028366,0.8768868446350098,0.00013801698514726013,0.0028717967215925455,nan,nan
0,5009,2018-11-12,0.31700000166893005,0.867786169052124,0.00012380460975691676,0.024180572479963303,nan,nan
0,5009,2018-11-13,0.3009999990463257,0.8452714681625366,0.00011365853424649686,0.030509648844599724,nan,nan
0,5009,2018-11-14,0.4620000123977661,0.9585919976234436,0.00013367189967539161,0.0005873029585927725,nan,nan
0,5009,2018-11-15,0.3720000088214874,0.8631287217140198,0.00012762669939547777,0.023773306980729103,nan,nan
0,5009,2018-11-16,0.25600001215934753,0.8221379518508911,0.00011171197547810152,0.025204647332429886,nan,nan
0,5009,2018-11-17,0.20200000703334808,0.7705745697021484,9.857604891294613e-05,0.027225086465477943,nan,nan
0,5009,2018-11-18,0.1720000058412552,0.7072311639785767,8.758196781855077e-05,0.024710971862077713,nan,nan
0,5009,2018-11-19,0.15000000596046448,0.6729183793067932,7.830650429241359e-05,0.023439988493919373,nan,nan
0,5009,2018-11-20,0.14100000262260437,0.6415088176727295,8.505928417434916e-05,0.0003819138219114393,nan,nan
0,5009,2018-11-21,0.1340000033378601,0.5550646185874939,8.187894127331674e-05,0.011967538855969906,nan,nan
0,5009,2018-11-22,0.14000000059604645,0.5665361881256104,7.65690128901042e-05,0.011948851868510246,nan,nan
0,5009,2018-11-23,0.19900000095367432,0.5989316701889038,6.907320494065061e-05,0.01919768750667572,nan,nan
0,5009,2018-11-24,3.0420000553131104,0.982952356338501,0.00039843577542342246,0.14372937381267548,nan,nan
0,5009,2018-11-25,2.1050000190734863,1.1080083847045898,0.0008261919138021767,0.05295635387301445,nan,nan
0,5009,2018-11-26,0.8339999914169312,1.074865698814392,0.0005721917259506881,0.0056796688586473465,nan,nan
0,5009,2018-11-27,0.4580000042915344,1.1011849641799927,0.0005012815818190575,0.00229881564155221,nan,nan
0,5009,2018-11-28,0.3700000047683716,1.0060982704162598,0.00045679963659495115,0.03458128497004509,nan,nan
0,5009,2018-11-29,0.3630000054836273,0.9616374373435974,0.0003978556487709284,0.038840703666210175,nan,nan
0,5009,2018-11-30,0.4169999957084656,0.8853728771209717,0.00034926377702504396,0.03152226656675339,nan,nan
0,5009,2018-12-01,0.42399999499320984,0.908818781375885,0.00030849978793412447,0.024361103773117065,nan,nan
0,5009,2018-12-02,1.4919999837875366,0.9838777184486389,0.0002927265886683017,0.005686420947313309,nan,nan
0,5009,2018-12-03,8.963000297546387,2.14756178855896,0.011495462618768215,0.5894341468811035,nan,nan
0,5009,2018-12-04,14.397000312805176,4.4905104637146,0.05365760251879692,1.3426735401153564,nan,nan
0,5009,2018-12-05,10.164999961853027,6.49838924407959,0.10480304807424545,1.178975224494934,nan,nan
0,5009,2018-12-06,7.589000225067139,6.192018508911133,0.11379652470350266,0.054667551070451736,nan,nan
0,5009,2018-12-07,7.065000057220459,5.683444023132324,0.09151364117860794,0.001587429316714406,nan,nan
0,5009,2018-12-08,6.7129998207092285,5.9260711669921875,0.08178703486919403,0.005537786055356264,nan,nan
0,5009,2018-12-09,12.015000343322754,6.423412322998047,0.11940787732601166,1.6955846149357967e-05,nan,nan
0,5009,2018-12-10,14.827999114990234,11.783388137817383,0.5286357998847961,0.0004296476545277983,nan,nan
0,5009,2018-12-11,7.998000621795654,10.909319877624512,0.7256225943565369,0.003285206388682127,nan,nan
0,5009,2018-12-12,4.853000164031982,5.173738956451416,0.720459520816803,9.216641046805307e-05,nan,nan
0,5009,2018-12-13,3.549999952316284,3.806629180908203,0.6385687589645386,0.03529961034655571,nan,nan
0,5009,2018-12-14,2.555000066757202,3.5241668224334717,0.5455120205879211,0.11475223302841187,nan,nan
0,5009,2018-12-15,1.6640000343322754,3.1488029956817627,0.45413050055503845,0.16850753128528595,nan,nan
0,5009,2018-12-16,2.924999952316284,2.558356523513794,0.4803858995437622,0.00038274721009656787,nan,nan
0,5009,2018-12-17,4.258999824523926,2.9758870601654053,0.4342729449272156,0.059974465519189835,nan,nan
0,5009,2018-12-18,2.802999973297119,3.060323715209961,0.3525242507457733,0.002967946231365204,nan,nan
0,5009,2018-12-19,2.125999927520752,2.455111503601074,0.27424100041389465,0.030596869066357613,nan,nan
0,5009,2018-12-20,2.5429999828338623,3.3581724166870117,0.29153576493263245,0.019759563729166985,nan,nan
0,5009,2018-12-21,4.660999774932861,2.765533685684204,0.2540815770626068,0.08560846745967865,nan,nan
0,5009,2018-12-22,15.706999778747559,14.704429626464844,0.8111625909805298,4.156107425689697,nan,nan
0,5009,2018-12-23,10.791999816894531,14.339668273925781,0.9368427395820618,0.9606649279594421,nan,nan
0,5009,2018-12-24,16.3439998626709,15.137018203735352,0.9642429351806641,2.401627540588379,nan,nan
0,5009,2018-12-25,11.848999977111816,11.846663475036621,0.9773104190826416,0.040584784001111984,nan,nan
0,5009,2018-12-26,7.818999767303467,6.542725086212158,0.9741387963294983,0.08422193676233292,nan,nan
0,5009,2018-12-27,6.054999828338623,5.129336833953857,0.9642806649208069,0.0008693008567206562,nan,nan
0,5009,2018-12-28,4.521999835968018,4.622710227966309,0.9479421377182007,0.03996622934937477,nan,nan
0,5009,2018-12-29,3.2320001125335693,3.8764851093292236,0.9237011075019836,0.07009395211935043,nan,nan
0,5009,2018-12-30,2.377000093460083,3.18776273727417,0.8891342282295227,0.09166791290044785,nan,nan
0,5009,2018-12-31,1.6829999685287476,2.6871721744537354,0.8444967269897461,0.09982804208993912,nan,nan
0,5009,2019-01-01,1.1699999570846558,2.425309419631958,0.703013002872467,0.13394401967525482,nan,nan
0,5009,2019-01-02,0.9430000185966492,2.2088379859924316,0.588805079460144,0.14416080713272095,nan,nan
0,5009,2019-01-03,0.7639999985694885,1.9917478561401367,0.44597169756889343,0.14236748218536377,nan,nan
0,5009,2019-01-04,0.6399999856948853,1.7901923656463623,0.34647369384765625,0.12513302266597748,nan,nan
0,5009,2019-01-05,0.5870000123977661,1.6381968259811401,0.2702816426753998,0.11158480495214462,nan,nan
0,5009,2019-01-06,0.5450000166893005,1.6176286935806274,0.21184800565242767,0.10635323822498322,nan,nan
0,5009,2019-01-07,0.503000020980835,1.5756068229675293,0.16367004811763763,0.11129672825336456,nan,nan
0,5009,2019-01-08,0.4859999716281891,1.542373776435852,0.09320174157619476,0.10238466411828995,nan,nan
0,5009,2019-01-09,0.4859999716281891,1.872219204902649,0.09635503590106964,0.0008843782125040889,nan,nan
0,5009,2019-01-10,0.4359999895095825,1.9566131830215454,0.08115092664957047,0.01566392369568348,nan,nan
0,5009,2019-01-11,0.4020000100135803,1.793142318725586,0.06818892806768417,0.16407239437103271,nan,nan
0,5009,2019-01-12,0.38600000739097595,1.6965128183364868,0.05492608621716499,0.1255713850259781,nan,nan
0,5009,2019-01-13,0.42800000309944153,2.08247709274292,0.0660610944032669,0.014391993172466755,nan,nan
0,5009,2019-01-14,3.869999885559082,2.9245221614837646,0.1400001496076584,0.006485071964561939,nan,nan
0,5009,2019-01-15,2.943000078201294,3.028578281402588,0.1704278588294983,0.0001270748907700181,nan,nan
0,5009,2019-01-16,1.5989999771118164,2.410217046737671,0.1328614503145218,0.019485969096422195,nan,nan
0,5009,2019-01-17,1.2289999723434448,2.163606882095337,0.10354281216859818,0.09490608423948288,nan,nan
0,5009,2019-01-18,1.0740000009536743,2.1055989265441895,0.07705463469028473,0.04526578634977341,nan,nan
0,5009,2019-01-19,0.8519999980926514,1.9736976623535156,0.0491652749478817,0.12167780846357346,nan,nan
0,5009,2019-01-20,0.7039999961853027,1.6541699171066284,0.01341247744858265,0.09080278873443604,nan,nan
0,5009,2019-01-21,0.6029999852180481,1.5373293161392212,0.0026160296984016895,0.08726159483194351,nan,nan
0,5009,2019-01-22,0.5640000104904175,1.238340139389038,0.0012876831460744143,0.05351370945572853,nan,nan
0,5009,2019-01-23,0.5429999828338623,1.0625237226486206,0.0007055541500449181,0.028960727155208588,nan,nan
0,5009,2019-01-24,0.5009999871253967,1.0913382768630981,0.0006007733754813671,0.004835981875658035,nan,nan
0,5009,2019-01-25,0.4309999942779541,1.0207133293151855,0.000493643106892705,0.035041939467191696,nan,nan
0,5009,2019-01-26,0.4099999964237213,0.869330644607544,0.0004186158475931734,0.023862503468990326,nan,nan
0,5009,2019-01-27,0.4580000042915344,0.833427906036377,0.00036890723276883364,0.011696116998791695,nan,nan
0,5009,2019-01-28,0.47700002789497375,1.4741241931915283,0.003960106521844864,0.25101980566978455,nan,nan
0,5009,2019-01-29,0.4269999861717224,1.5118311643600464,0.007307722698897123,0.015532583929598331,nan,nan
0,5009,2019-01-30,0.4230000078678131,1.5132460594177246,0.007268029265105724,0.010345198214054108,nan,nan
0,5009,2019-01-31,0.4300000071525574,1.5509415864944458,0.007084091659635305,0.01021736953407526,nan,nan
0,5009,2019-02-01,0.7490000128746033,1.5696905851364136,0.007209217641502619,0.006912963464856148,nan,nan
0,5009,2019-02-02,1.3509999513626099,2.218430519104004,0.01666378229856491,0.029242224991321564,nan,nan
0,5009,2019-02-03,1.003000020980835,2.125969648361206,0.019516926258802414,0.01885758340358734,nan,nan
0,5009,2019-02-04,0.7089999914169312,1.889774203300476,0.015707505866885185,0.07750341296195984,nan,nan
0,5009,2019-02-05,0.6169999837875366,1.6111819744110107,0.012340527027845383,0.09877709299325943,nan,nan
0,5009,2019-02-06,0.5580000281333923,1.3891195058822632,0.009746711701154709,0.072675421833992,nan,nan
0,5009,2019-02-07,0.6039999723434448,1.2283686399459839,0.006685683503746986,0.056084953248500824,nan,nan
0,5009,2019-02-08,1.2050000429153442,1.4015843868255615,0.006654470227658749,0.0008093080250546336,nan,nan
0,5009,2019-02-09,1.5670000314712524,1.3434996604919434,0.005332571920007467,0.010732273571193218,nan,nan
0,5009,2019-02-10,3.759000062942505,1.3517615795135498,0.004224743228405714,0.0010242166463285685,nan,nan
0,5009,2019-02-11,5.349999904632568,2.138864755630493,0.007156650070101023,0.42019203305244446,nan,nan
0,5009,2019-02-12,3.325000047683716,2.320539712905884,0.006803979631513357,0.18224117159843445,nan,nan
0,5009,2019-02-13,2.2760000228881836,2.17722749710083,0.004039329942315817,9.49407767620869e-05,nan,nan
0,5009,2019-02-14,1.6770000457763672,1.9253642559051514,0.0032172901555895805,0.01576712541282177,nan,nan
0,5009,2019-02-15,1.3869999647140503,1.6741396188735962,0.0026133819483220577,0.026428088545799255,nan,nan
0,5009,2019-02-16,1.4420000314712524,1.6237980127334595,0.0020871160086244345,0.03982185572385788,nan,nan
0,5009,2019-02-17,1.8969999551773071,1.6058638095855713,0.001680103363469243,0.034246817231178284,nan,nan
0,5009,2019-02-18,2.180999994277954,1.5449482202529907,0.0013757384149357677,0.007911675609648228,nan,nan
0,5009,2019-02-19,1.9620001316070557,1.5802167654037476,0.0011234189150854945,0.002391854301095009,nan,nan
0,5009,2019-02-20,1.7289999723434448,1.5211211442947388,0.0009246409754268825,0.005055278539657593,nan,nan
0,5009,2019-02-21,1.6089999675750732,1.4858378171920776,0.0007637350354343653,0.010449555702507496,nan,nan
0,5009,2019-02-22,1.866999864578247,1.522234559059143,0.0006154504371806979,0.01771698333323002,nan,nan
0,5009,2019-02-23,2.568000078201294,1.5286495685577393,0.00048744207015261054,0.00805595051497221,nan,nan
0,5009,2019-02-24,2.506999969482422,1.425911784172058,0.0004189348255749792,0.0036892404314130545,nan,nan
0,5009,2019-02-25,2.252000093460083,1.527438759803772,0.00034592527663335204,0.0005036239745095372,nan,nan
0,5009,2019-02-26,2.4119999408721924,1.5354368686676025,0.00012048386997776106,0.000590851588640362,nan,nan
0,5009,2019-02-27,3.1389999389648438,1.569612979888916,5.881193283130415e-05,3.184704837622121e-05,nan,nan
0,5009,2019-02-28,3.9100000858306885,1.7215654850006104,4.9902533646672964e-05,0.00641116127371788,nan,nan
0,5009,2019-03-01,6.203999996185303,1.9281368255615234,4.262420770828612e-05,0.025156063959002495,nan,nan
0,5009,2019-03-02,8.213000297546387,3.165893077850342,0.00018276907212566584,0.516465425491333,nan,nan
0,5009,2019-03-03,6.2210001945495605,3.4455020427703857,0.0002768895064946264,0.24772199988365173,nan,nan
0,5009,2019-03-04,5.668000221252441,3.3658080101013184,0.00022739519772585481,0.029317427426576614,nan,nan
0,5009,2019-03-05,5.126999855041504,3.646627902984619,0.00021761350217275321,0.018453270196914673,nan,nan
0,5009,2019-03-06,3.889000177383423,3.394385814666748,0.00021522115275729448,0.0007716194377280772,nan,nan
0,5009,2019-03-07,6.813000202178955,3.776461124420166,0.000246579380473122,0.0031014548148959875,nan,nan
0,5009,2019-03-08,6.915999889373779,3.951263189315796,0.00029801783966831863,0.034055568277835846,nan,nan
0,5009,2019-03-09,5.170000076293945,4.083743095397949,0.0002685163635760546,0.017080318182706833,nan,nan
0,5009,2019-03-10,10.133999824523926,4.818885803222656,0.0004615508660208434,0.0010686650639399886,nan,nan
0,5009,2019-03-11,9.72599983215332,5.60668420791626,0.0008321666391566396,0.15754680335521698,nan,nan
0,5009,2019-03-12,6.435999870300293,6.700841426849365,0.0013309884816408157,0.10698037594556808,nan,nan
0,5009,2019-03-13,4.926000118255615,6.276352882385254,0.0014325284864753485,0.19143719971179962,nan,nan
0,5009,2019-03-14,4.047999858856201,5.924438953399658,0.002019761363044381,0.14493094384670258,nan,nan
0,5009,2019-03-15,12.968000411987305,7.868882179260254,0.07535261660814285,0.025193965062499046,nan,nan
0,5009,2019-03-16,16.788999557495117,9.563176155090332,0.33911848068237305,0.00530669093132019,nan,nan
0,5009,2019-03-17,10.569000244140625,9.334218978881836,0.4171913266181946,0.15511822700500488,nan,nan
0,5009,2019-03-18,7.622000217437744,9.106302261352539,0.4487358033657074,0.22840763628482819,nan,nan
0,5009,2019-03-19,5.400000095367432,7.345600128173828,0.40053409337997437,0.4125371277332306,nan,nan
0,5009,2019-03-20,4.107999801635742,6.072794437408447,0.33673152327537537,0.5028383731842041,nan,nan
0,5009,2019-03-21,3.190000057220459,5.087564468383789,0.27784284949302673,0.4445783197879791,nan,nan
0,5009,2019-03-22,2.571000099182129,4.427992343902588,0.22177225351333618,0.41950687766075134,nan,nan
0,5009,2019-03-23,2.559999942779541,3.8920421600341797,0.1753966212272644,0.37210795283317566,nan,nan
0,5009,2019-03-24,2.8589999675750732,3.417165756225586,0.14099889993667603,0.23297028243541718,nan,nan
0,5009,2019-03-25,3.0810000896453857,3.259420871734619,0.1115800067782402,0.1501327008008957,nan,nan
0,5009,2019-03-26,2.4779999256134033,3.3923451900482178,0.08499882370233536,0.1481073647737503,nan,nan
0,5009,2019-03-27,1.9270000457763672,3.0296480655670166,0.06493569910526276,0.15328967571258545,nan,nan
0,5009,2019-03-28,1.6629999876022339,2.4514291286468506,0.04997909814119339,0.10919324308633804,nan,nan
0,5009,2019-03-29,1.7130000591278076,2.209404706954956,0.038962170481681824,0.0965413972735405,nan,nan
0,5009,2019-03-30,2.1710000038146973,2.340627908706665,0.03068230114877224,0.11403445154428482,nan,nan
0,5009,2019-03-31,2.3989999294281006,2.259897232055664,0.01947689987719059,0.05553590878844261,nan,nan
0,5009,2019-04-01,2.743000030517578,2.248446226119995,0.013518953695893288,0.037129856646060944,nan,nan
0,5009,2019-04-02,2.8949999809265137,2.29750919342041,0.011224135756492615,0.021291866898536682,nan,nan
0,5009,2019-04-03,3.2820000648498535,2.3067145347595215,0.009022176265716553,0.014848536811769009,nan,nan
0,5009,2019-04-04,2.6429998874664307,4.5225300788879395,0.08140356093645096,0.07486308366060257,nan,nan
0,5009,2019-04-05,1.690999984741211,3.890265941619873,0.1124112531542778,0.11927695572376251,nan,nan
0,5009,2019-04-06,1.4900000095367432,3.0441951751708984,0.08339492231607437,0.27727222442626953,nan,nan
0,5009,2019-04-07,2.5799999237060547,2.7312753200531006,0.0639018639922142,0.19244541227817535,nan,nan
0,5009,2019-04-08,3.7809996604919434,2.6829001903533936,0.047086022794246674,0.01663583517074585,nan,nan
0,5009,2019-04-09,3.3949999809265137,2.597571849822998,0.032573528587818146,0.0021306441631168127,nan,nan
0,5009,2019-04-10,3.497999906539917,2.3937296867370605,0.022441575303673744,0.003380685579031706,nan,nan
0,5009,2019-04-11,3.63100004196167,2.278923988342285,0.015094341710209846,7.904093217803165e-05,nan,nan
0,5009,2019-04-12,3.671999931335449,2.4932045936584473,0.01194070279598236,0.0019333045929670334,nan,nan
0,5009,2019-04-13,2.9110000133514404,2.3153600692749023,0.0037700512912124395,0.00013469003897625953,nan,nan
0,5009,2019-04-14,2.2149999141693115,2.1357181072235107,0.0011488845339044929,0.005258193239569664,nan,nan
0,5009,2019-04-15,1.5579999685287476,2.141488552093506,0.0007223354186862707,0.03831392154097557,nan,nan
0,5009,2019-04-16,1.8009999990463257,1.8962751626968384,0.0005054720095358789,0.059453945606946945,nan,nan
0,5009,2019-04-17,2.2249999046325684,1.7019679546356201,0.0004030228010378778,0.022042667493224144,nan,nan
0,5009,2019-04-18,2.9649999141693115,1.6015453338623047,0.0003461136657278985,0.002211002167314291,nan,nan
0,5009,2019-04-19,3.325000047683716,1.7151926755905151,0.0003513516567181796,0.002640986815094948,nan,nan
0,5009,2019-04-20,3.1679999828338623,1.8064156770706177,0.00034461094764992595,0.008007601834833622,nan,nan
0,5009,2019-04-21,3.1670000553131104,1.8467605113983154,0.0004441019264049828,0.0026072412729263306,nan,nan
0,5009,2019-04-22,2.755000114440918,1.9365049600601196,0.00051344238454476,0.0007000435725785792,nan,nan
0,5009,2019-04-23,2.871999979019165,1.9905271530151367,0.0007638616370968521,0.0036313424352556467,nan,nan
0,5009,2019-04-24,2.7160000801086426,2.1539523601531982,0.0008562281727790833,0.0071054077707231045,nan,nan
0,5009,2019-04-25,2.3289999961853027,2.4377918243408203,0.0007356236455962062,0.010803663171827793,nan,nan
0,5009,2019-04-26,2.8970000743865967,3.2944178581237793,0.0012289187870919704,0.010572461411356926,nan,nan
0,5009,2019-04-27,2.865999937057495,2.8368985652923584,0.0015963362529873848,0.032738711684942245,nan,nan
0,5009,2019-04-28,3.7730000019073486,2.9789607524871826,0.0019453002605587244,0.00043065709178335965,nan,nan
0,5009,2019-04-29,3.3450000286102295,2.734283924102783,0.0018025843892246485,0.0014401186490431428,nan,nan
0,5009,2019-04-30,3.0299999713897705,2.2659263610839844,0.0014998012920841575,0.0010301381116732955,nan,nan
0,5009,2019-05-01,2.6559998989105225,2.0849833488464355,0.0012307128636166453,0.0014366667019203305,nan,nan
0,5009,2019-05-02,2.2699999809265137,1.9331082105636597,0.0011860127560794353,0.0038360527250915766,nan,nan
0,5009,2019-05-03,2.515000104904175,2.117612838745117,0.0004088956629857421,0.00010418720921734348,nan,nan
0,5009,2019-05-04,2.6110000610351562,1.961098074913025,0.0002452029730193317,0.008873688988387585,nan,nan
0,5009,2019-05-05,2.0160000324249268,2.099461793899536,0.00026163170696236193,0.010838213376700878,nan,nan
0,5009,2019-05-06,1.5490000247955322,1.844551682472229,0.00025170654407702386,0.02240951918065548,nan,nan
0,5009,2019-05-07,1.3370000123977661,1.6386632919311523,0.00023905035050120205,0.030724506825208664,nan,nan
0,5009,2019-05-08,1.9590001106262207,1.535151481628418,0.0002251564437756315,0.033916570246219635,nan,nan
0,5009,2019-05-09,5.966000080108643,2.7566092014312744,0.002447911072522402,0.13437432050704956,nan,nan
0,5009,2019-05-10,5.640999794006348,3.3974545001983643,0.004425026010721922,0.17020724713802338,nan,nan
0,5009,2019-05-11,4.882999897003174,3.4202780723571777,0.0038747393991798162,0.015092955902218819,nan,nan
0,5009,2019-05-12,5.13700008392334,3.8992836475372314,0.004101674072444439,0.007103120908141136,nan,nan
0,5009,2019-05-13,3.822999954223633,3.6487865447998047,0.004281862173229456,0.009077679365873337,nan,nan
0,5009,2019-05-14,2.6010000705718994,3.3504927158355713,0.003946281969547272,0.05941864848136902,nan,nan
0,5009,2019-05-15,1.7719999551773071,2.7656872272491455,0.004280630499124527,0.08890760689973831,nan,nan
0,5009,2019-05-16,1.3070000410079956,2.383864641189575,0.0036724477540701628,0.1150200217962265,nan,nan
0,5009,2019-05-17,1.1690000295639038,2.067474126815796,0.0031421382445842028,0.11175930500030518,nan,nan
0,5009,2019-05-18,1.0800000429153442,1.946058750152588,0.0025825705379247665,0.0789957046508789,nan,nan
0,5009,2019-05-19,1.0069999694824219,1.7444829940795898,0.002101828111335635,0.08183332532644272,nan,nan
0,5009,2019-05-20,1.9569998979568481,2.0187013149261475,0.0018788529559969902,0.05194217339158058,nan,nan
0,5009,2019-05-21,3.8299996852874756,2.271479606628418,0.0020194558892399073,0.00013992394087836146,nan,nan
0,5009,2019-05-22,2.565999984741211,2.1275057792663574,0.0020269667729735374,0.008164179511368275,nan,nan
0,5009,2019-05-23,1.4500000476837158,1.9302825927734375,0.001974102109670639,0.00591330835595727,nan,nan
0,5009,2019-05-24,1.0049999952316284,1.8993715047836304,0.0021503136958926916,0.06945972144603729,nan,nan
0,5009,2019-05-25,0.7770000100135803,1.8984233140945435,0.0014152094954624772,0.11195696145296097,nan,nan
0,5009,2019-05-26,0.6600000262260437,2.1614346504211426,0.0009135071886703372,0.07841788977384567,nan,nan
0,5009,2019-05-27,0.5950000286102295,1.779270052909851,0.0008895225473679602,0.1361217349767685,nan,nan
0,5009,2019-05-28,0.7149999737739563,1.715728759765625,0.000747126410715282,0.11548610031604767,nan,nan
0,5009,2019-05-29,1.7690000534057617,2.156461477279663,0.0008595666149631143,0.02955310046672821,nan,nan
0,5009,2019-05-30,1.3029999732971191,1.9584195613861084,0.0008864972623996437,0.05011602118611336,nan,nan
0,5009,2019-05-31,0.7429999709129333,1.7533252239227295,0.0008813629974611104,0.06224696710705757,nan,nan
0,5009,2019-06-01,0.5979999899864197,1.4573068618774414,0.0011224390473216772,0.07118334621191025,nan,nan
0,5009,2019-06-02,0.5360000133514404,1.2699921131134033,0.0015804772265255451,0.058158472180366516,nan,nan
0,5009,2019-06-03,0.49900001287460327,1.1147050857543945,0.002419630065560341,0.04398638382554054,nan,nan
0,5009,2019-06-04,0.4690000116825104,1.1257141828536987,0.0029809034895151854,0.04804567992687225,nan,nan
0,5009,2019-06-05,0.453000009059906,1.056628704071045,0.007467467803508043,0.04228462278842926,nan,nan
0,5009,2019-06-06,0.44699999690055847,1.3372997045516968,0.00890278723090887,0.08112605661153793,nan,nan
0,5009,2019-06-07,0.40400001406669617,1.330936074256897,0.0037141775246709585,0.08073721081018448,nan,nan
0,5009,2019-06-08,0.3799999952316284,1.0916177034378052,0.0028577877674251795,0.051310211420059204,nan,nan
0,5009,2019-06-09,0.4129999876022339,0.9145734310150146,0.003787318943068385,0.03331425413489342,nan,nan
0,5009,2019-06-10,1.6339999437332153,1.859055995941162,0.04036226123571396,0.2262362390756607,nan,nan
0,5009,2019-06-11,4.303999900817871,3.464277744293213,0.1458120048046112,0.1705915629863739,nan,nan
0,5009,2019-06-12,7.459000587463379,3.8649375438690186,0.21371231973171234,0.1310030221939087,nan,nan
0,5009,2019-06-13,5.741000175476074,3.2991738319396973,0.2601598799228668,0.16463585197925568,nan,nan
0,5009,2019-06-14,3.3269999027252197,2.7553887367248535,0.2656380832195282,0.06425037980079651,nan,nan
0,5009,2019-06-15,2.734999895095825,2.9447686672210693,0.2277539074420929,0.001980843488126993,nan,nan
0,5009,2019-06-16,4.714000225067139,3.503842353820801,0.20167621970176697,0.00010051267599919811,nan,nan
0,5009,2019-06-17,2.9739999771118164,2.894338846206665,0.21337120234966278,0.001306351856328547,nan,nan
0,5009,2019-06-18,2.2679998874664307,2.1611318588256836,0.20792467892169952,0.004681162070482969,nan,nan
0,5009,2019-06-19,1.4249999523162842,1.7333602905273438,0.2194562703371048,0.0056828525848686695,nan,nan
0,5009,2019-06-20,0.9440000057220459,1.3970932960510254,0.2562260627746582,0.017214488238096237,nan,nan
0,5009,2019-06-21,0.7319999933242798,1.7003991603851318,0.19761693477630615,0.04666687548160553,nan,nan
0,5009,2019-06-22,1.0210000276565552,1.89083731174469,0.14543022215366364,0.031844139099121094,nan,nan
0,5009,2019-06-23,0.9980000257492065,1.657153844833374,0.10609236359596252,0.06069286912679672,nan,nan
0,5009,2019-06-24,0.6439999938011169,1.1479185819625854,0.09936212003231049,0.019048400223255157,nan,nan
0,5009,2019-06-25,0.5339999794960022,0.9712504148483276,0.11702538281679153,0.023044468834996223,nan,nan
0,5009,2019-06-26,0.47099998593330383,0.9534245729446411,0.17360495030879974,0.02761548012495041,nan,nan
0,5009,2019-06-27,0.4180000126361847,0.8870483040809631,0.2517686188220978,0.025320328772068024,nan,nan
0,5009,2019-06-28,0.38499999046325684,0.700991690158844,0.3913985788822174,0.013863601721823215,nan,nan
0,5009,2019-06-29,0.36000001430511475,0.6242911219596863,0.5435901880264282,0.010533815249800682,nan,nan
0,5009,2019-06-30,0.3400000035762787,0.6053198575973511,0.6683805584907532,0.010371442884206772,nan,nan
0,5010,2018-10-19,0.10599999874830246,0.6688423752784729,1.9349950889591128e-05,0.027085518464446068,nan,nan
0,5010,2018-10-20,0.1120000034570694,0.7099600434303284,1.7352167560602538e-05,0.030527105554938316,nan,nan
0,5010,2018-10-21,0.11500000208616257,0.6932647824287415,1.5542740584351122e-05,0.02860392816364765,nan,nan
0,5010,2018-10-22,0.11500000208616257,0.6913040280342102,1.4638292668678332e-05,0.02824714593589306,nan,nan
0,5010,2018-10-23,0.11500000208616257,0.6341168284416199,1.1217561223020311e-05,0.023257091641426086,nan,nan
0,5010,2018-10-24,0.12099999934434891,0.6139880418777466,9.916681847244035e-06,0.021615993231534958,nan,nan
0,5010,2018-10-25,0.12099999934434891,0.6100016832351685,9.287346983910538e-06,0.020993106067180634,nan,nan
0,5010,2018-10-26,0.11800000071525574,0.6143368482589722,8.463453923468478e-06,0.021336441859602928,nan,nan
0,5010,2018-10-27,0.27900001406669617,0.6731269359588623,7.982151146279648e-06,0.014643128961324692,nan,nan
0,5010,2018-10-28,0.3240000009536743,0.9986828565597534,5.5688724387437105e-05,0.09530200064182281,nan,nan
0,5010,2018-10-29,0.20600000023841858,0.9707845449447632,8.812340820441023e-05,0.002976072020828724,nan,nan
0,5010,2018-10-30,0.18199999630451202,0.9097393155097961,8.948934555519372e-05,0.007426006253808737,nan,nan
0,5010,2018-10-31,0.164000004529953,0.7741448879241943,8.239164890255779e-05,0.0320076160132885,nan,nan
0,5010,2018-11-01,0.20900000631809235,0.7173414826393127,7.082624506438151e-05,0.027752671390771866,nan,nan
0,5010,2018-11-02,0.18799999356269836,0.7579104900360107,6.490871601272374e-05,0.012733005918562412,nan,nan
0,5010,2018-11-03,0.15199999511241913,0.7348400950431824,5.868772495887242e-05,0.02794225700199604,nan,nan
0,5010,2018-11-04,0.13600000739097595,0.7252968549728394,5.2320425311336294e-05,0.02919117733836174,nan,nan
0,5010,2018-11-05,0.13600000739097595,0.7364282608032227,4.612413977156393e-05,0.03121611662209034,nan,nan
0,5010,2018-11-06,0.13899999856948853,0.7494362592697144,4.09914500778541e-05,0.03247981145977974,nan,nan
0,5010,2018-11-07,0.17599999904632568,0.7966694235801697,3.648706115200184e-05,0.03707699105143547,nan,nan
0,5010,2018-11-08,0.3370000123977661,1.1129117012023926,7.620661926921457e-05,0.008634381927549839,nan,nan
0,5010,2018-11-09,0.16099999845027924,1.0232588052749634,9.837238030740991e-05,0.04823368042707443,nan,nan
0,5010,2018-11-10,0.15800000727176666,0.92307049036026,8.629054354969412e-05,0.049779970198869705,nan,nan
0,5010,2018-11-11,0.16699999570846558,0.9720602035522461,8.36553517729044e-05,0.01583695225417614,nan,nan
0,5010,2018-11-12,0.13899999856948853,0.966005802154541,7.611466571688652e-05,0.04652019590139389,nan,nan
0,5010,2018-11-13,0.2939999997615814,0.9500999450683594,6.994443538133055e-05,0.05490444600582123,nan,nan
0,5010,2018-11-14,0.19099999964237213,1.0623211860656738,8.221372991101816e-05,0.005297230556607246,nan,nan
0,5010,2018-11-15,0.1550000011920929,0.9674696326255798,7.974819163791835e-05,0.05287964642047882,nan,nan
0,5010,2018-11-16,0.12999999523162842,0.9250129461288452,7.149922021199018e-05,0.050486382097005844,nan,nan
0,5010,2018-11-17,0.12099999934434891,0.8772386312484741,6.476051930803806e-05,0.04668087139725685,nan,nan
0,5010,2018-11-18,0.12099999934434891,0.8163045048713684,5.8638775954023004e-05,0.04041897505521774,nan,nan
0,5010,2018-11-19,0.12099999934434891,0.776083767414093,5.3486990509554744e-05,0.03613679111003876,nan,nan
0,5010,2018-11-20,0.12099999934434891,0.7403054237365723,5.711624908144586e-05,0.005577665753662586,nan,nan
0,5010,2018-11-21,0.08500000089406967,0.6628620028495789,5.5185235396493226e-05,0.022830329835414886,nan,nan
0,5010,2018-11-22,0.061000000685453415,0.6700326800346375,5.156647603143938e-05,0.026155823841691017,nan,nan
0,5010,2018-11-23,0.609000027179718,0.7058641910552979,4.6926877985242754e-05,0.03293167054653168,nan,nan
0,5010,2018-11-24,1.8619999885559082,1.061205506324768,0.00019586939015425742,0.11571519821882248,nan,nan
0,5010,2018-11-25,0.6399999856948853,1.1369990110397339,0.0003360304981470108,0.00025525412638671696,nan,nan
0,5010,2018-11-26,0.33399999141693115,1.0542489290237427,0.00022714446822647005,0.03065827675163746,nan,nan
0,5010,2018-11-27,0.21199999749660492,1.0757145881652832,0.00019344378961250186,0.018843630328774452,nan,nan
0,5010,2018-11-28,0.15199999511241913,1.0107789039611816,0.00018059706781059504,0.0545886792242527,nan,nan
0,5010,2018-11-29,0.10000000149011612,0.9780339002609253,0.00016056984895840287,0.05743125081062317,nan,nan
0,5010,2018-11-30,0.10000000149011612,0.9227257370948792,0.00014364189701154828,0.05460762232542038,nan,nan
0,5010,2018-12-01,0.09399999678134918,0.9500633478164673,0.00013225493603385985,0.044574204832315445,nan,nan
0,5010,2018-12-02,2.128999948501587,1.0127642154693604,0.0001289418141823262,0.023477710783481598,nan,nan
0,5010,2018-12-03,8.878999710083008,1.9042677879333496,0.002654928946867585,0.5914759635925293,nan,nan
0,5010,2018-12-04,14.76099967956543,3.478548049926758,0.011422920040786266,1.7949039936065674,nan,nan
0,5010,2018-12-05,6.810999870300293,5.142581939697266,0.02715044468641281,2.230813503265381,nan,nan
0,5010,2018-12-06,5.243000030517578,4.758788585662842,0.036159906536340714,0.0013435585424304008,nan,nan
0,5010,2018-12-07,4.618000030517578,4.299984455108643,0.02756606414914131,0.009713806211948395,nan,nan
0,5010,2018-12-08,4.699999809265137,4.283553600311279,0.024323083460330963,0.007232522126287222,nan,nan
0,5010,2018-12-09,15.315999984741211,4.747372627258301,0.036191195249557495,0.005583730060607195,nan,nan
0,5010,2018-12-10,14.71299934387207,9.989531517028809,0.3583824634552002,1.028337836265564,nan,nan
0,5010,2018-12-11,7.026000022888184,9.403290748596191,0.5648903250694275,0.12012410163879395,nan,nan
0,5010,2018-12-12,4.761000156402588,4.877563953399658,0.5571233034133911,0.009912683628499508,nan,nan
0,5010,2018-12-13,3.2839999198913574,3.877781391143799,0.46827760338783264,0.04987632483243942,nan,nan
0,5010,2018-12-14,2.4049999713897705,3.475459098815918,0.38204947113990784,0.13837482035160065,nan,nan
0,5010,2018-12-15,1.8559999465942383,3.0942769050598145,0.30596762895584106,0.17797745764255524,nan,nan
0,5010,2018-12-16,3.496000051498413,2.6741442680358887,0.31479743123054504,0.001040237839333713,nan,nan
0,5010,2018-12-17,3.493000030517578,2.9051403999328613,0.2775176167488098,0.019261905923485756,nan,nan
0,5010,2018-12-18,2.490000009536743,2.661081552505493,0.21729137003421783,0.007250818889588118,nan,nan
0,5010,2018-12-19,2.2950000762939453,2.322392225265503,0.16524066030979156,0.037180379033088684,nan,nan
0,5010,2018-12-20,2.75,2.965386152267456,0.16976431012153625,0.003480594838038087,nan,nan
0,5010,2018-12-21,8.475000381469727,2.647221565246582,0.14387419819831848,0.05447889864444733,nan,nan
0,5010,2018-12-22,18.773000717163086,11.026883125305176,0.5311593413352966,0.3658202886581421,nan,nan
0,5010,2018-12-23,13.13599967956543,12.051942825317383,0.7995925545692444,0.009678364731371403,nan,nan
0,5010,2018-12-24,18.305999755859375,14.321138381958008,0.8857575058937073,1.0751527547836304,nan,nan
0,5010,2018-12-25,11.012999534606934,11.966866493225098,0.9331523776054382,0.009180143475532532,nan,nan
0,5010,2018-12-26,5.560999870300293,6.242399215698242,0.933336079120636,0.050999756902456284,nan,nan
0,5010,2018-12-27,4.074999809265137,4.104803085327148,0.9095950126647949,0.021109409630298615,nan,nan
0,5010,2018-12-28,3.072000026702881,3.5373761653900146,0.8708615899085999,0.06279066950082779,nan,nan
0,5010,2018-12-29,2.3529999256134033,3.1593172550201416,0.8190722465515137,0.10432327538728714,nan,nan
0,5010,2018-12-30,1.9259999990463257,2.8655951023101807,0.7534835338592529,0.13595204055309296,nan,nan
0,5010,2018-12-31,1.6100000143051147,2.635882616043091,0.6777152419090271,0.14502862095832825,nan,nan
0,5010,2019-01-01,1.3799999952316284,2.522001266479492,0.5161838531494141,0.16407565772533417,nan,nan
0,5010,2019-01-02,1.1740000247955322,2.3541579246520996,0.4061959683895111,0.1437360644340515,nan,nan
0,5010,2019-01-03,1.0010000467300415,2.0953001976013184,0.27358803153038025,0.133316770195961,nan,nan
0,5010,2019-01-04,0.8980000019073486,1.8788760900497437,0.18534298241138458,0.11320197582244873,nan,nan
0,5010,2019-01-05,0.7940000295639038,1.7809582948684692,0.1400221288204193,0.10745665431022644,nan,nan
0,5010,2019-01-06,0.7519999742507935,1.8075166940689087,0.10689050704240799,0.11810804903507233,nan,nan
0,5010,2019-01-07,0.6639999747276306,1.7924026250839233,0.08113962411880493,0.12704987823963165,nan,nan
0,5010,2019-01-08,0.6340000033378601,1.755579948425293,0.03523900732398033,0.12169329822063446,nan,nan
0,5010,2019-01-09,0.6129999756813049,2.054908275604248,0.03551049530506134,0.0007576849893666804,nan,nan
0,5010,2019-01-10,0.531000018119812,2.1195967197418213,0.02851061336696148,0.044405028223991394,nan,nan
0,5010,2019-01-11,0.46699997782707214,1.952568531036377,0.023601341992616653,0.18737731873989105,nan,nan
0,5010,2019-01-12,0.39399999380111694,1.854870319366455,0.01900675520300865,0.15331724286079407,nan,nan
0,5010,2019-01-13,0.531000018119812,2.1805388927459717,0.02301384136080742,0.029884710907936096,nan,nan
0,5010,2019-01-14,4.068999767303467,2.801321506500244,0.04494977369904518,0.0011257723672315478,nan,nan
0,5010,2019-01-15,2.385999917984009,2.845852851867676,0.05361194163560867,0.0052726855501532555,nan,nan
0,5010,2019-01-16,1.5529999732971191,2.366518259048462,0.04213158041238785,0.04988626763224602,nan,nan
0,5010,2019-01-17,1.2860000133514404,2.1863818168640137,0.03253444656729698,0.10388240963220596,nan,nan
0,5010,2019-01-18,1.0950000286102295,2.1178879737854004,0.024199137464165688,0.057219162583351135,nan,nan
0,5010,2019-01-19,1.034000039100647,2.0002143383026123,0.01601411961019039,0.12440533936023712,nan,nan
0,5010,2019-01-20,0.8949999809265137,1.7306164503097534,0.005865944549441338,0.08429223299026489,nan,nan
0,5010,2019-01-21,0.6909999847412109,1.6080846786499023,0.0014163129962980747,0.07911548018455505,nan,nan
0,5010,2019-01-22,0.609000027179718,1.3446359634399414,0.0006904746405780315,0.060134194791316986,nan,nan
0,5010,2019-01-23,0.6060000061988831,1.1869843006134033,0.00039162999019026756,0.03970392793416977,nan,nan
0,5010,2019-01-24,0.503000020980835,1.2192977666854858,0.00030616746516898274,0.011230082251131535,nan,nan
0,5010,2019-01-25,0.4580000042915344,1.1515334844589233,0.00024234878947027028,0.04873038828372955,nan,nan
0,5010,2019-01-26,0.4000000059604645,1.0112241506576538,0.0002108820335706696,0.0362611748278141,nan,nan
0,5010,2019-01-27,0.4790000021457672,0.9892569184303284,0.0001916647161124274,0.02299187332391739,nan,nan
0,5010,2019-01-28,0.4909999966621399,1.4920750856399536,0.0010900524212047458,0.11324533820152283,nan,nan
0,5010,2019-01-29,0.4309999942779541,1.525406002998352,0.0017085715662688017,0.02978348731994629,nan,nan
0,5010,2019-01-30,0.39399999380111694,1.4809845685958862,0.0015834550140425563,0.036775391548871994,nan,nan
0,5010,2019-01-31,0.4309999942779541,1.5109288692474365,0.0015529283555224538,0.02316071279346943,nan,nan
0,5010,2019-02-01,0.7580000162124634,1.50786292552948,0.001524088904261589,0.021090440452098846,nan,nan
0,5010,2019-02-02,0.9369999766349792,1.9665073156356812,0.002968012820929289,0.011269684880971909,nan,nan
0,5010,2019-02-03,0.7490000128746033,1.9156421422958374,0.0033212658017873764,0.03830983489751816,nan,nan
0,5010,2019-02-04,0.625,1.7550419569015503,0.0027686830144375563,0.09046623855829239,nan,nan
0,5010,2019-02-05,0.5490000247955322,1.5584932565689087,0.002258884022012353,0.09899149090051651,nan,nan
0,5010,2019-02-06,0.49399998784065247,1.3976504802703857,0.0018553617410361767,0.08034439384937286,nan,nan
0,5010,2019-02-07,0.593999981880188,1.2654955387115479,0.0013114173198118806,0.06662341207265854,nan,nan
0,5010,2019-02-08,0.7850000262260437,1.42600679397583,0.0013646477600559592,0.003361540613695979,nan,nan
0,5010,2019-02-09,1.2829999923706055,1.3759465217590332,0.0011599913705140352,0.034032028168439865,nan,nan
0,5010,2019-02-10,4.120999813079834,1.3897676467895508,0.0009505783091299236,0.01065821386873722,nan,nan
0,5010,2019-02-11,5.052000045776367,2.104661464691162,0.0017835056642070413,0.4581024646759033,nan,nan
0,5010,2019-02-12,2.9749999046325684,2.261634349822998,0.0018054678803309798,0.14023561775684357,nan,nan
0,5010,2019-02-13,2.1500000953674316,2.1390984058380127,0.0011204732581973076,0.0035832987632602453,nan,nan
0,5010,2019-02-14,1.75600004196167,1.9354896545410156,0.0009161726338788867,0.022501861676573753,nan,nan
0,5010,2019-02-15,1.5800000429153442,1.7507529258728027,0.0007695191306993365,0.028768373653292656,nan,nan
0,5010,2019-02-16,1.8070000410079956,1.7325944900512695,0.0006385676097124815,0.03792811185121536,nan,nan
0,5010,2019-02-17,2.3289999961853027,1.7333788871765137,0.0005324025987647474,0.024326294660568237,nan,nan
0,5010,2019-02-18,2.6500000953674316,1.6979032754898071,0.00044679551501758397,0.0030328286811709404,nan,nan
0,5010,2019-02-19,2.507999897003174,1.750028133392334,0.00037387970951385796,0.00017294881399720907,nan,nan
0,5010,2019-02-20,2.2799999713897705,1.7272223234176636,0.000314392673317343,0.001008943421766162,nan,nan
0,5010,2019-02-21,2.2039999961853027,1.7078262567520142,0.0002638353034853935,0.004400588106364012,nan,nan
0,5010,2019-02-22,2.6649999618530273,1.7463281154632568,0.0002148064086213708,0.008118217810988426,nan,nan
0,5010,2019-02-23,3.615000009536743,1.7802680730819702,0.00017486867727711797,0.00035194933298043907,nan,nan
0,5010,2019-02-24,3.302000045776367,1.7632828950881958,0.00015155422443058342,0.0230783112347126,nan,nan
0,5010,2019-02-25,3.0230000019073486,1.8511790037155151,0.0001300305884797126,0.005370047874748707,nan,nan
0,5010,2019-02-26,3.3570001125335693,1.8679784536361694,5.989158671582118e-05,0.00039763859240338206,nan,nan
0,5010,2019-02-27,4.2820000648498535,1.9178634881973267,3.59064360964112e-05,0.0041916510090231895,nan,nan
0,5010,2019-02-28,5.197000026702881,2.109908103942871,3.3230036933673546e-05,0.0303288996219635,nan,nan
0,5010,2019-03-01,8.736000061035156,2.368938446044922,3.101906622759998e-05,0.06947427242994308,nan,nan
0,5010,2019-03-02,8.324000358581543,3.8019750118255615,0.00017094398208428174,0.9317091107368469,nan,nan
0,5010,2019-03-03,6.571000099182129,3.976553440093994,0.0002636776480358094,0.13880756497383118,nan,nan
0,5010,2019-03-04,6.224999904632568,3.8403592109680176,0.00022919662296772003,0.010656383819878101,nan,nan
0,5010,2019-03-05,5.554999828338623,4.094139575958252,0.00022958923364058137,0.012867852114140987,nan,nan
0,5010,2019-03-06,4.464000225067139,3.8122634887695312,0.00022730395721737295,0.004450428299605846,nan,nan
0,5010,2019-03-07,8.071999549865723,4.1335978507995605,0.00026852762675844133,0.0033862274140119553,nan,nan
0,5010,2019-03-08,6.870999813079834,4.302921772003174,0.0003624343662522733,0.08457497507333755,nan,nan
0,5010,2019-03-09,5.284999847412109,4.311513900756836,0.0003344503929838538,0.002560484455898404,nan,nan
0,5010,2019-03-10,12.980999946594238,4.791527271270752,0.0004588800948113203,0.007209636736661196,nan,nan
0,5010,2019-03-11,10.633999824523926,5.87044620513916,0.001299127354286611,0.6091649532318115,nan,nan
0,5010,2019-03-12,5.685999870300293,6.890613079071045,0.00229644519276917,0.17141468822956085,nan,nan
0,5010,2019-03-13,4.900000095367432,6.237607002258301,0.002562944544479251,0.328813761472702,nan,nan
0,5010,2019-03-14,4.2820000648498535,5.874474048614502,0.0033084952738136053,0.1561540961265564,nan,nan
0,5010,2019-03-15,16.31399917602539,6.8736572265625,0.025595135986804962,0.025993358343839645,nan,nan
0,5010,2019-03-16,19.53700065612793,8.811132431030273,0.1595662534236908,0.45809414982795715,nan,nan
0,5010,2019-03-17,13.027000427246094,9.031721115112305,0.26761510968208313,0.9149266481399536,nan,nan
0,5010,2019-03-18,8.305000305175781,9.882136344909668,0.33216720819473267,0.06714259833097458,nan,nan
0,5010,2019-03-19,5.7220001220703125,7.860946178436279,0.3038182258605957,0.47109365463256836,nan,nan
0,5010,2019-03-20,4.564000129699707,6.607089996337891,0.25037017464637756,0.6372204422950745,nan,nan
0,5010,2019-03-21,3.7960000038146973,5.674919128417969,0.20225997269153595,0.557915210723877,nan,nan
0,5010,2019-03-22,3.3450000286102295,5.037736892700195,0.16012951731681824,0.5008949041366577,nan,nan
0,5010,2019-03-23,3.302000045776367,4.483969688415527,0.1269337385892868,0.4042893350124359,nan,nan
0,5010,2019-03-24,3.5869998931884766,4.002546787261963,0.10256893932819366,0.2624639570713043,nan,nan
0,5010,2019-03-25,3.687000274658203,3.824842929840088,0.08110002428293228,0.17150069773197174,nan,nan
0,5010,2019-03-26,2.9019999504089355,3.8595025539398193,0.061388082802295685,0.16490209102630615,nan,nan
0,5010,2019-03-27,2.428999900817871,3.4647703170776367,0.04655689373612404,0.1899641752243042,nan,nan
0,5010,2019-03-28,2.2799999713897705,2.888683319091797,0.03555135056376457,0.1308392435312271,nan,nan
0,5010,2019-03-29,2.4590001106262207,2.634054660797119,0.027661427855491638,0.1014118492603302,nan,nan
0,5010,2019-03-30,2.8320000171661377,2.7780895233154297,0.021649030968546867,0.10651747137308121,nan,nan
0,5010,2019-03-31,2.996000051498413,2.7338078022003174,0.013339756056666374,0.06206047534942627,nan,nan
0,5010,2019-04-01,3.2230000495910645,2.74177622795105,0.009442223235964775,0.049560755491256714,nan,nan
0,5010,2019-04-02,3.2990000247955322,2.753849744796753,0.007733207195997238,0.03468199819326401,nan,nan
0,5010,2019-04-03,3.3989999294281006,2.7017242908477783,0.006339456420391798,0.025204267352819443,nan,nan
0,5010,2019-04-04,2.6530001163482666,4.470453262329102,0.047130193561315536,0.05456108972430229,nan,nan
0,5010,2019-04-05,1.8980000019073486,4.0112762451171875,0.0610603392124176,0.1527814269065857,nan,nan
0,5010,2019-04-06,2.0260000228881836,3.3008272647857666,0.043552566319704056,0.31386736035346985,nan,nan
0,5010,2019-04-07,3.747999906539917,3.0216052532196045,0.03272390738129616,0.18975962698459625,nan,nan
0,5010,2019-04-08,3.9059998989105225,3.0100817680358887,0.024614907801151276,0.0012260563671588898,nan,nan
0,5010,2019-04-09,3.4539999961853027,2.8871264457702637,0.01488320529460907,0.01063484326004982,nan,nan
0,5010,2019-04-10,4.178999900817871,2.646705389022827,0.010027378797531128,0.013616513460874557,nan,nan
0,5010,2019-04-11,4.630000114440918,2.601525068283081,0.006516874767839909,0.0004987322608940303,nan,nan
0,5010,2019-04-12,4.0,2.8537750244140625,0.005156153347343206,0.0010563959367573261,nan,nan
0,5010,2019-04-13,2.9230000972747803,2.690805673599243,0.0025538248009979725,0.0011060446267947555,nan,nan
0,5010,2019-04-14,2.197999954223633,2.4347033500671387,0.000862967106513679,0.023042744025588036,nan,nan
0,5010,2019-04-15,1.7680000066757202,2.3908333778381348,0.0005423219408839941,0.07106566429138184,nan,nan
0,5010,2019-04-16,2.000999927520752,2.148693799972534,0.00037616834742948413,0.07608368247747421,nan,nan
0,5010,2019-04-17,2.6019999980926514,1.9766813516616821,0.0002815966436173767,0.03545128181576729,nan,nan
0,5010,2019-04-18,3.1080000400543213,1.8798075914382935,0.0002453074848745018,0.003233791794627905,nan,nan
0,5010,2019-04-19,2.822999954223633,1.9645596742630005,0.00025053121498785913,7.240697595989332e-05,nan,nan
0,5010,2019-04-20,2.5959999561309814,1.9831233024597168,0.0002473580534569919,0.0021492030937224627,nan,nan
0,5010,2019-04-21,2.134999990463257,1.973853588104248,0.0003147876705043018,0.006974606309086084,nan,nan
0,5010,2019-04-22,1.8920000791549683,1.9720723628997803,0.0003549373068381101,0.026767713949084282,nan,nan
0,5010,2019-04-23,1.7799999713897705,1.9637407064437866,0.0004936885088682175,0.04154057800769806,nan,nan
0,5010,2019-04-24,1.5460000038146973,2.0323638916015625,0.0005327711114659905,0.05859822779893875,nan,nan
0,5010,2019-04-25,1.315999984741211,2.1507112979888916,0.00045522977598011494,0.06442784518003464,nan,nan
0,5010,2019-04-26,1.965000033378601,2.7569081783294678,0.0007307915948331356,0.0012425851309671998,nan,nan
0,5010,2019-04-27,2.3469998836517334,2.374753952026367,0.0009599847253412008,0.06051770597696304,nan,nan
0,5010,2019-04-28,2.9779999256134033,2.5336966514587402,0.0012088536750525236,0.002127130515873432,nan,nan
0,5010,2019-04-29,2.6410000324249268,2.2758703231811523,0.0011294864816591144,0.0004652777861338109,nan,nan
0,5010,2019-04-30,2.740999937057495,1.9292902946472168,0.0009368181927129626,0.004034603014588356,nan,nan
0,5010,2019-05-01,2.2290000915527344,1.8451220989227295,0.0007812804542481899,0.0005349558778107166,nan,nan
0,5010,2019-05-02,1.6369999647140503,1.7444264888763428,0.0007691840291954577,0.00726137962192297,nan,nan
0,5010,2019-05-03,1.812999963760376,1.90281081199646,0.0002916727098636329,0.004788655787706375,nan,nan
0,5010,2019-05-04,1.63100004196167,1.7560499906539917,0.0001872190332505852,0.0259503535926342,nan,nan
0,5010,2019-05-05,1.4559999704360962,1.7770503759384155,0.00018698230269365013,0.0005638511502183974,nan,nan
0,5010,2019-05-06,1.2949999570846558,1.5827397108078003,0.00017566313908901066,0.03108789771795273,nan,nan
0,5010,2019-05-07,1.218999981880188,1.4675410985946655,0.00015834846999496222,0.029964495450258255,nan,nan
0,5010,2019-05-08,2.3289999961853027,1.3932676315307617,0.00015447998885065317,0.027612419798970222,nan,nan
0,5010,2019-05-09,4.821000099182129,2.335876941680908,0.0012147276429459453,0.203400656580925,nan,nan
0,5010,2019-05-10,4.0329999923706055,2.6531238555908203,0.0018723781686276197,0.11423618346452713,nan,nan
0,5010,2019-05-11,3.553999900817871,2.6200332641601562,0.0015887952176854014,0.0028232336044311523,nan,nan
0,5010,2019-05-12,3.942000150680542,2.8854193687438965,0.0015794939827173948,0.0072829462587833405,nan,nan
0,5010,2019-05-13,2.6989998817443848,2.7064154148101807,0.001652177656069398,0.0022699625696986914,nan,nan
0,5010,2019-05-14,1.8589999675750732,2.4816455841064453,0.001601915922947228,0.041505634784698486,nan,nan
0,5010,2019-05-15,1.3980000019073486,2.094499111175537,0.0018581704935058951,0.06011081859469414,nan,nan
0,5010,2019-05-16,1.1069999933242798,1.8652068376541138,0.0016602450050413609,0.06934894621372223,nan,nan
0,5010,2019-05-17,1.1160000562667847,1.6873085498809814,0.0014669271185994148,0.07064072042703629,nan,nan
0,5010,2019-05-18,0.9039999842643738,1.61493980884552,0.0012162992497906089,0.056174758821725845,nan,nan
0,5010,2019-05-19,0.8100000023841858,1.4944136142730713,0.001011517713777721,0.061881959438323975,nan,nan
0,5010,2019-05-20,2.6989998817443848,1.678274393081665,0.0008819981012493372,0.04682065173983574,nan,nan
0,5010,2019-05-21,3.88700008392334,1.9822068214416504,0.000982845202088356,0.037114713340997696,nan,nan
0,5010,2019-05-22,2.0769999027252197,1.9331364631652832,0.0009952764958143234,0.0234780665487051,nan,nan
0,5010,2019-05-23,1.3309999704360962,1.757904291152954,0.001031380263157189,0.013328878208994865,nan,nan
0,5010,2019-05-24,1.0729999542236328,1.7462759017944336,0.0011701994808390737,0.05889379233121872,nan,nan
0,5010,2019-05-25,0.8949999809265137,1.723567008972168,0.0008034713100641966,0.0792960599064827,nan,nan
0,5010,2019-05-26,0.7400000095367432,1.9655345678329468,0.000525229552295059,0.05271816998720169,nan,nan
0,5010,2019-05-27,0.6370000243186951,1.6773991584777832,0.0005096257664263248,0.10708247870206833,nan,nan
0,5010,2019-05-28,0.9399999380111694,1.620781660079956,0.0004297890409361571,0.1087859570980072,nan,nan
0,5010,2019-05-29,1.628000020980835,2.0074942111968994,0.0005119589040987194,0.011823737062513828,nan,nan
0,5010,2019-05-30,0.9700000286102295,1.834718942642212,0.0005379766225814819,0.046156659722328186,nan,nan
0,5010,2019-05-31,0.7070000171661377,1.640589952468872,0.0005541164427995682,0.07673627138137817,nan,nan
0,5010,2019-06-01,0.5910000205039978,1.4117213487625122,0.0007071165018714964,0.06795740127563477,nan,nan
0,5010,2019-06-02,0.49399998784065247,1.2627283334732056,0.0010283543961122632,0.05779555067420006,nan,nan
0,5010,2019-06-03,0.46399998664855957,1.1562001705169678,0.0015690319705754519,0.052150752395391464,nan,nan
0,5010,2019-06-04,0.46699997782707214,1.2105485200881958,0.0017649611691012979,0.06170381233096123,nan,nan
0,5010,2019-06-05,0.5640000104904175,1.139958381652832,0.004098915029317141,0.05228714272379875,nan,nan
0,5010,2019-06-06,0.5400000214576721,1.3424564599990845,0.005313898902386427,0.07119721174240112,nan,nan
0,5010,2019-06-07,0.40299999713897705,1.3493074178695679,0.002454059664160013,0.07446780055761337,nan,nan
0,5010,2019-06-08,0.3400000035762787,1.1413248777389526,0.002046738751232624,0.05770683288574219,nan,nan
0,5010,2019-06-09,0.5849999785423279,0.9858848452568054,0.0029217228293418884,0.043649349361658096,nan,nan
0,5010,2019-06-10,3.436000108718872,1.7636300325393677,0.023621151223778725,0.1978079229593277,nan,nan
0,5010,2019-06-11,5.4070000648498535,3.1652414798736572,0.08073464035987854,0.5264104008674622,nan,nan
0,5010,2019-06-12,10.015999794006348,3.4206275939941406,0.10950116068124771,0.30651912093162537,nan,nan
0,5010,2019-06-13,4.709000110626221,3.557469606399536,0.14517386257648468,0.612133800983429,nan,nan
0,5010,2019-06-14,2.9140000343322754,2.554661989212036,0.1696815937757492,0.016314465552568436,nan,nan
0,5010,2019-06-15,3.4690001010894775,2.8370418548583984,0.13928520679473877,0.001999879954382777,nan,nan
0,5010,2019-06-16,4.599999904632568,3.4010534286499023,0.11429783701896667,0.0029020574875175953,nan,nan
0,5010,2019-06-17,2.7290000915527344,2.8609280586242676,0.11445479840040207,0.0006406679749488831,nan,nan
0,5010,2019-06-18,1.8739999532699585,2.2362313270568848,0.11530298739671707,0.017340892925858498,nan,nan
0,5010,2019-06-19,1.440000057220459,1.8421335220336914,0.12033463269472122,0.030227428302168846,nan,nan
0,5010,2019-06-20,1.1890000104904175,1.5815075635910034,0.14016403257846832,0.03196188062429428,nan,nan
0,5010,2019-06-21,1.0549999475479126,1.9111862182617188,0.10619963705539703,0.04161086305975914,nan,nan
0,5010,2019-06-22,1.7070000171661377,2.1399667263031006,0.07926224172115326,0.01792873628437519,nan,nan
0,5010,2019-06-23,1.3830000162124634,1.8817214965820312,0.0600334070622921,0.04173094779253006,nan,nan
0,5010,2019-06-24,0.9279999732971191,1.3725703954696655,0.056402478367090225,0.017389759421348572,nan,nan
0,5010,2019-06-25,0.7519999742507935,1.211832046508789,0.06671532243490219,0.028105972334742546,nan,nan
0,5010,2019-06-26,0.6340000033378601,1.2139972448349,0.09588069468736649,0.03960145264863968,nan,nan
0,5010,2019-06-27,0.5609999895095825,1.1337268352508545,0.1366715282201767,0.039115872234106064,nan,nan
0,5010,2019-06-28,0.4909999966621399,0.9047697186470032,0.22274257242679596,0.021967990323901176,nan,nan
0,5010,2019-06-29,0.45500001311302185,0.7889351844787598,0.3318190574645996,0.016620835289359093,nan,nan
0,5010,2019-06-30,0.41200000047683716,0.7480806708335876,0.4408243000507355,0.015399297699332237,nan,nan
0,5016,2018-10-19,0.5009999871253967,0.943239152431488,2.5451496185269207e-05,0.028442952781915665,nan,nan
0,5016,2018-10-20,0.492000013589859,1.0048480033874512,2.22992202907335e-05,0.03457532823085785,nan,nan
0,5016,2018-10-21,0.4869999885559082,0.9735718965530396,1.9852839614031836e-05,0.032042548060417175,nan,nan
0,5016,2018-10-22,0.48899996280670166,0.9598057866096497,1.946321572177112e-05,0.03102220594882965,nan,nan
0,5016,2018-10-23,0.48399999737739563,0.8748104572296143,1.613159474800341e-05,0.023300884291529655,nan,nan
0,5016,2018-10-24,0.48100000619888306,0.8396955132484436,1.549274929857347e-05,0.020725086331367493,nan,nan
0,5016,2018-10-25,0.48399999737739563,0.8340566754341125,1.4294239917944651e-05,0.020435161888599396,nan,nan
0,5016,2018-10-26,0.48100000619888306,0.8364868760108948,1.2897245142085012e-05,0.020474383607506752,nan,nan
0,5016,2018-10-27,0.5350000262260437,0.9137295484542847,1.2583943316712976e-05,0.021783985197544098,nan,nan
0,5016,2018-10-28,0.5799999833106995,1.436806082725525,9.028796193888411e-05,0.06712576001882553,nan,nan
0,5016,2018-10-29,0.5630000233650208,1.4130046367645264,0.00014079781249165535,0.011521389707922935,nan,nan
0,5016,2018-10-30,0.5830000042915344,1.2923927307128906,0.00013709593622479588,0.01852629892528057,nan,nan
0,5016,2018-10-31,0.5889999866485596,1.0797386169433594,0.0001227148313773796,0.036340873688459396,nan,nan
0,5016,2018-11-01,0.5659999847412109,0.9894577264785767,0.00010321663285139948,0.027680158615112305,nan,nan
0,5016,2018-11-02,0.5740000009536743,1.0442688465118408,9.206866525346413e-05,0.01754988357424736,nan,nan
0,5016,2018-11-03,0.5400000214576721,1.0061240196228027,8.099366095848382e-05,0.030113331973552704,nan,nan
0,5016,2018-11-04,0.5230000019073486,0.9919103384017944,7.044600351946428e-05,0.030837450176477432,nan,nan
0,5016,2018-11-05,0.5090000033378601,1.0031765699386597,6.076516001485288e-05,0.03299455717206001,nan,nan
0,5016,2018-11-06,0.5120000243186951,1.0230038166046143,5.401288944995031e-05,0.035905711352825165,nan,nan
0,5016,2018-11-07,0.5230000019073486,1.1014713048934937,4.699911005445756e-05,0.04423540458083153,nan,nan
0,5016,2018-11-08,0.6510000228881836,1.5875694751739502,8.882416295818985e-05,0.00017227140779141337,nan,nan
0,5016,2018-11-09,0.6729999780654907,1.4548150300979614,0.00010944867244688794,0.0796394869685173,nan,nan
0,5016,2018-11-10,0.6029999852180481,1.2980648279190063,9.370943735120818e-05,0.05555097758769989,nan,nan
0,5016,2018-11-11,0.5659999847412109,1.376103401184082,8.782584336586297e-05,0.0257369764149189,nan,nan
0,5016,2018-11-12,0.5379999876022339,1.3594248294830322,7.833525160094723e-05,0.06823147088289261,nan,nan
0,5016,2018-11-13,0.5799999833106995,1.3318357467651367,7.208049646578729e-05,0.07208245247602463,nan,nan
0,5016,2018-11-14,0.6309999823570251,1.4798401594161987,8.114866795949638e-05,0.021211665123701096,nan,nan
0,5016,2018-11-15,0.621999979019165,1.3402692079544067,7.642203127034009e-05,0.06478126347064972,nan,nan
0,5016,2018-11-16,0.5720000267028809,1.2873281240463257,6.684477557428181e-05,0.0584113672375679,nan,nan
0,5016,2018-11-17,0.5519999861717224,1.2231297492980957,5.909735773457214e-05,0.05426548048853874,nan,nan
0,5016,2018-11-18,0.5400000214576721,1.140817642211914,5.2619900088757277e-05,0.04581328481435776,nan,nan
0,5016,2018-11-19,0.5379999876022339,1.077764868736267,4.7161909606074914e-05,0.03959112614393234,nan,nan
0,5016,2018-11-20,0.5350000262260437,1.02426016330719,5.0284746976103634e-05,0.005624418146908283,nan,nan
0,5016,2018-11-21,0.5230000019073486,0.9037020802497864,4.817260196432471e-05,0.021115411072969437,nan,nan
0,5016,2018-11-22,0.5090000033378601,0.9132773280143738,4.416715819388628e-05,0.024064868688583374,nan,nan
0,5016,2018-11-23,0.6790000200271606,0.9667401313781738,3.955755164497532e-05,0.03033633716404438,nan,nan
0,5016,2018-11-24,3.049999952316284,1.473788857460022,0.00016907911049202085,0.06029752641916275,nan,nan
0,5016,2018-11-25,2.2070000171661377,1.6545555591583252,0.0003116662264801562,0.006848064251244068,nan,nan
0,5016,2018-11-26,1.350000023841858,1.6033366918563843,0.00019614616758190095,0.002565941773355007,nan,nan
0,5016,2018-11-27,1.0640000104904175,1.6752854585647583,0.00016888124810066074,0.012614992447197437,nan,nan
0,5016,2018-11-28,0.8709999918937683,1.5712029933929443,0.00015736467321403325,0.056132722645998,nan,nan
0,5016,2018-11-29,0.8259999752044678,1.5120468139648438,0.00013966482947580516,0.06725135445594788,nan,nan
0,5016,2018-11-30,0.8740000128746033,1.4140725135803223,0.00012426695320755243,0.05785282328724861,nan,nan
0,5016,2018-12-01,0.890999972820282,1.4585070610046387,0.0001128982039517723,0.047814227640628815,nan,nan
0,5016,2018-12-02,3.134999990463257,1.560731291770935,0.00010817873408086598,0.026591608300805092,nan,nan
0,5016,2018-12-03,19.308000564575195,2.881614923477173,0.0016907548997551203,0.38640809059143066,nan,nan
0,5016,2018-12-04,29.566999435424805,7.699034690856934,0.05555405467748642,4.045982360839844,nan,nan
0,5016,2018-12-05,20.410999298095703,17.528350830078125,0.448896586894989,0.5039137601852417,nan,nan
0,5016,2018-12-06,14.800000190734863,16.299930572509766,0.702637255191803,0.5205418467521667,nan,nan
0,5016,2018-12-07,12.427000045776367,13.802072525024414,0.718058168888092,1.0340527296066284,nan,nan
0,5016,2018-12-08,10.739999771118164,13.443456649780273,0.7139654755592346,1.479742407798767,nan,nan
0,5016,2018-12-09,30.1299991607666,12.454506874084473,0.783540666103363,0.8526782393455505,nan,nan
0,5016,2018-12-10,32.6879997253418,38.082218170166016,0.9959307312965393,15.988895416259766,nan,nan
0,5016,2018-12-11,21.07900047302246,25.3753662109375,0.9993775486946106,0.6571483612060547,nan,nan
0,5016,2018-12-12,13.105999946594238,12.900675773620605,0.9996435642242432,0.029906388372182846,nan,nan
0,5016,2018-12-13,9.26099967956543,8.847516059875488,0.9995410442352295,0.0137898875400424,nan,nan
0,5016,2018-12-14,6.776000022888184,6.203951835632324,0.9992799162864685,0.0048914942890405655,nan,nan
0,5016,2018-12-15,5.0929999351501465,4.465977191925049,0.9988177418708801,0.0009123875061050057,nan,nan
0,5016,2018-12-16,6.788000106811523,2.6137914657592773,0.9984694123268127,0.30926162004470825,nan,nan
0,5016,2018-12-17,8.295999526977539,8.249670028686523,0.9977370500564575,1.0400612354278564,nan,nan
0,5016,2018-12-18,6.085999965667725,8.838074684143066,0.9964243769645691,0.8548665642738342,nan,nan
0,5016,2018-12-19,5.324999809265137,5.366639137268066,0.9941188097000122,0.15250147879123688,nan,nan
0,5016,2018-12-20,6.068999767303467,7.415718078613281,0.99224454164505,0.554768979549408,nan,nan
0,5016,2018-12-21,12.52299976348877,7.038657188415527,0.9883014559745789,0.7178129553794861,nan,nan
0,5016,2018-12-22,32.41899871826172,24.691991806030273,0.99613356590271,13.414156913757324,nan,nan
0,5016,2018-12-23,28.40399932861328,26.87408447265625,0.9997156262397766,2.4617550373077393,nan,nan
0,5016,2018-12-24,37.064998626708984,30.42165184020996,0.9999074935913086,7.652639865875244,nan,nan
0,5016,2018-12-25,29.94900131225586,26.549819946289062,0.999984860420227,0.3783872127532959,nan,nan
0,5016,2018-12-26,20.65999984741211,17.86863899230957,0.9999926090240479,0.1377021223306656,nan,nan
0,5016,2018-12-27,14.269000053405762,13.440337181091309,0.9999924898147583,0.002227534307166934,nan,nan
0,5016,2018-12-28,10.366999626159668,11.097412109375,0.9999884366989136,0.27726444602012634,nan,nan
0,5016,2018-12-29,7.973000526428223,8.570257186889648,0.9999791383743286,0.2711464762687683,nan,nan
0,5016,2018-12-30,5.96999979019165,6.299999713897705,0.9999600648880005,0.10317923128604889,nan,nan
0,5016,2018-12-31,4.900000095367432,5.888983726501465,0.9999222755432129,0.3129810094833374,nan,nan
0,5016,2019-01-01,4.315000057220459,6.129356861114502,0.9998225569725037,0.659186601638794,nan,nan
0,5016,2019-01-02,3.6470000743865967,4.707799911499023,0.9995588660240173,0.2616671323776245,nan,nan
0,5016,2019-01-03,3.203000068664551,3.167571544647217,0.9987962245941162,0.050504665821790695,nan,nan
0,5016,2019-01-04,2.818000078201294,2.6337757110595703,0.9973130822181702,0.024662576615810394,nan,nan
0,5016,2019-01-05,2.5290000438690186,2.5439891815185547,0.9946278929710388,0.039959486573934555,nan,nan
0,5016,2019-01-06,2.3510000705718994,2.281283378601074,0.9899911880493164,0.03044142574071884,nan,nan
0,5016,2019-01-07,1.9639999866485596,2.202277660369873,0.9809030294418335,0.03553760424256325,nan,nan
0,5016,2019-01-08,1.9919999837875366,2.034417152404785,0.9263836741447449,0.040919870138168335,nan,nan
0,5016,2019-01-09,1.8140000104904175,2.493694543838501,0.8848187327384949,0.00905888993293047,nan,nan
0,5016,2019-01-10,1.649999976158142,2.1010401248931885,0.7984334230422974,4.8969974159263074e-05,nan,nan
0,5016,2019-01-11,1.5019999742507935,2.1455531120300293,0.6888504028320312,0.08438444137573242,nan,nan
0,5016,2019-01-12,1.3639999628067017,2.2795982360839844,0.5738046169281006,0.1086794063448906,nan,nan
0,5016,2019-01-13,1.6779999732971191,2.8399932384490967,0.5402365326881409,0.028165334835648537,nan,nan
0,5016,2019-01-14,8.559000015258789,3.731485366821289,0.6305757164955139,0.0017247351352125406,nan,nan
0,5016,2019-01-15,6.513000011444092,8.385188102722168,0.6695259213447571,0.3873826265335083,nan,nan
0,5016,2019-01-16,4.534999847412109,4.552858352661133,0.5746098756790161,0.009296011179685593,nan,nan
0,5016,2019-01-17,3.3610000610351562,4.130671977996826,0.4615374803543091,0.10932692140340805,nan,nan
0,5016,2019-01-18,2.7639999389648438,4.188666820526123,0.344974160194397,0.19075918197631836,nan,nan
0,5016,2019-01-19,2.506999969482422,3.5973973274230957,0.22900427877902985,0.24574795365333557,nan,nan
0,5016,2019-01-20,2.299999952316284,3.396754503250122,0.1072615385055542,0.23656363785266876,nan,nan
0,5016,2019-01-21,1.937999963760376,3.2934858798980713,0.013463899493217468,0.24448151886463165,nan,nan
0,5016,2019-01-22,1.6859999895095825,2.8435895442962646,0.005432260222733021,0.18945616483688354,nan,nan
0,5016,2019-01-23,1.6299999952316284,2.470278739929199,0.0019181015668436885,0.13007234036922455,nan,nan
0,5016,2019-01-24,1.5110000371932983,2.4942476749420166,0.0011334734736010432,0.07323082536458969,nan,nan
0,5016,2019-01-25,1.347000002861023,2.3246235847473145,0.0006434761453419924,0.1314103603363037,nan,nan
0,5016,2019-01-26,1.2649999856948853,1.9550929069519043,0.00044382386840879917,0.08543422818183899,nan,nan
0,5016,2019-01-27,1.3380000591278076,1.8264387845993042,0.00035968743031844497,0.05181590095162392,nan,nan
0,5016,2019-01-28,1.375,2.8612873554229736,0.0033466394525021315,0.06438148021697998,nan,nan
0,5016,2019-01-29,1.2730000019073486,2.7870047092437744,0.006213785614818335,0.14560072124004364,nan,nan
0,5016,2019-01-30,1.2730000019073486,2.652081251144409,0.00551353394985199,0.13377146422863007,nan,nan
0,5016,2019-01-31,1.2480000257492065,2.6751620769500732,0.0051312497816979885,0.10341326892375946,nan,nan
0,5016,2019-02-01,1.371999979019165,2.602541208267212,0.004796978551894426,0.0922919362783432,nan,nan
0,5016,2019-02-02,1.555999994277954,3.4375369548797607,0.010634370148181915,0.011192847974598408,nan,nan
0,5016,2019-02-03,1.4769999980926514,3.2268896102905273,0.012376287020742893,0.2139205038547516,nan,nan
0,5016,2019-02-04,1.3240000009536743,2.9404826164245605,0.009961499832570553,0.2571580708026886,nan,nan
0,5016,2019-02-05,1.2960000038146973,2.6111860275268555,0.00794771034270525,0.22975608706474304,nan,nan
0,5016,2019-02-06,1.3020000457763672,2.322927474975586,0.006369214504957199,0.16381248831748962,nan,nan
0,5016,2019-02-07,1.434000015258789,2.1031627655029297,0.004422027617692947,0.11895081400871277,nan,nan
0,5016,2019-02-08,2.015000104904175,2.379143714904785,0.0042595756240189075,0.03196028620004654,nan,nan
0,5016,2019-02-09,2.742000102996826,2.329165458679199,0.0035292659886181355,0.04873685538768768,nan,nan
0,5016,2019-02-10,6.173999786376953,2.389941453933716,0.002825245726853609,0.015768621116876602,nan,nan
0,5016,2019-02-11,9.472999572753906,3.6715338230133057,0.004885729867964983,0.35589826107025146,nan,nan
0,5016,2019-02-12,6.072000026702881,4.312277317047119,0.0056797475554049015,0.34019821882247925,nan,nan
0,5016,2019-02-13,4.793000221252441,4.259743690490723,0.003462182590737939,0.009039860218763351,nan,nan
0,5016,2019-02-14,3.769000291824341,3.951590061187744,0.0028250981122255325,0.05607636272907257,nan,nan
0,5016,2019-02-15,3.3299999237060547,3.560818672180176,0.002329173730686307,0.09637793898582458,nan,nan
0,5016,2019-02-16,3.6500000953674316,3.488473653793335,0.001892939442768693,0.13504870235919952,nan,nan
0,5016,2019-02-17,4.572000026702881,3.4920196533203125,0.0015477880369871855,0.09766964614391327,nan,nan
0,5016,2019-02-18,5.124000072479248,3.4484899044036865,0.0013111550360918045,0.01946430653333664,nan,nan
0,5016,2019-02-19,5.245999813079834,3.589008331298828,0.00111855857539922,0.006606076378375292,nan,nan
0,5016,2019-02-20,5.135000228881836,3.617830991744995,0.0009597620228305459,0.004596651066094637,nan,nan
0,5016,2019-02-21,5.138000011444092,3.671849250793457,0.0008236332796514034,0.010384422726929188,nan,nan
0,5016,2019-02-22,5.551000118255615,3.842883586883545,0.0006890288786962628,0.021884607151150703,nan,nan
0,5016,2019-02-23,7.0960001945495605,3.9811716079711914,0.0005814864416606724,0.01285654678940773,nan,nan
0,5016,2019-02-24,6.382999897003174,4.058572292327881,0.0005690307589247823,0.01838708110153675,nan,nan
0,5016,2019-02-25,5.638999938964844,4.391568660736084,0.0005183034227229655,0.006346988026052713,nan,nan
0,5016,2019-02-26,5.7129998207092285,4.432672500610352,0.0002078236429952085,0.04879751428961754,nan,nan
0,5016,2019-02-27,7.526000499725342,4.561529636383057,0.00011031771282432601,0.05906910449266434,nan,nan
0,5016,2019-02-28,10.14900016784668,5.0610175132751465,0.00011655245180008933,0.003856617258861661,nan,nan
0,5016,2019-03-01,16.73900032043457,5.902364730834961,0.00015272246673703194,0.028011681511998177,nan,nan
0,5016,2019-03-02,17.62700080871582,9.228699684143066,0.0016713301884010434,0.8092691898345947,nan,nan
0,5016,2019-03-03,14.085000038146973,10.324002265930176,0.004723798017948866,0.07339318096637726,nan,nan
0,5016,2019-03-04,14.166999816894531,10.51674747467041,0.006257439963519573,0.16053350269794464,nan,nan
0,5016,2019-03-05,12.536999702453613,11.323869705200195,0.008880935609340668,0.22509999573230743,nan,nan
0,5016,2019-03-06,9.394000053405762,10.98432731628418,0.010919608175754547,0.6376307010650635,nan,nan
0,5016,2019-03-07,16.452999114990234,11.370645523071289,0.01256896648555994,1.349284052848816,nan,nan
0,5016,2019-03-08,16.985000610351562,11.994478225708008,0.030067043378949165,0.1214003786444664,nan,nan
0,5016,2019-03-09,13.829999923706055,12.560419082641602,0.04524637758731842,0.1851377785205841,nan,nan
0,5016,2019-03-10,27.246999740600586,13.671945571899414,0.06732282042503357,1.0552860498428345,nan,nan
0,5016,2019-03-11,27.170000076293945,18.54921531677246,0.4820594787597656,0.03806346654891968,nan,nan
0,5016,2019-03-12,18.547000885009766,22.709150314331055,0.8178039193153381,0.9263902306556702,nan,nan
0,5016,2019-03-13,13.291999816894531,14.82110595703125,0.8877755403518677,0.4294651448726654,nan,nan
0,5016,2019-03-14,11.42199993133545,14.316944122314453,0.9092183113098145,1.332605242729187,nan,nan
0,5016,2019-03-15,28.690000534057617,12.324188232421875,0.981404721736908,0.03465299308300018,nan,nan
0,5016,2019-03-16,36.66299819946289,22.929901123046875,0.9987969398498535,1.0502774715423584,nan,nan
0,5016,2019-03-17,31.428998947143555,23.572982788085938,0.9997945427894592,6.498686707345769e-05,nan,nan
0,5016,2019-03-18,25.16200065612793,24.36522102355957,0.9999290704727173,0.9779589176177979,nan,nan
0,5016,2019-03-19,18.863000869750977,16.980321884155273,0.9999510049819946,0.048895906656980515,nan,nan
0,5016,2019-03-20,13.970999717712402,13.345775604248047,0.9999456405639648,0.1125996932387352,nan,nan
0,5016,2019-03-21,11.246999740600586,10.5189790725708,0.9999213218688965,0.17740951478481293,nan,nan
0,5016,2019-03-22,9.659000396728516,9.644083976745605,0.9998704195022583,0.43453294038772583,nan,nan
0,5016,2019-03-23,9.763999938964844,10.306014060974121,0.9997774958610535,1.2475446462631226,nan,nan
0,5016,2019-03-24,10.720000267028809,9.45822525024414,0.9996302127838135,0.7531078457832336,nan,nan
0,5016,2019-03-25,10.831000328063965,10.032114028930664,0.9993969202041626,0.7343231439590454,nan,nan
0,5016,2019-03-26,8.734000205993652,7.936742782592773,0.9989940524101257,0.07138179242610931,nan,nan
0,5016,2019-03-27,7.265999794006348,6.486393928527832,0.9982511401176453,0.05708948150277138,nan,nan
0,5016,2019-03-28,6.570000171661377,5.919137001037598,0.9968680739402771,0.11636566370725632,nan,nan
0,5016,2019-03-29,6.901000022888184,5.862745761871338,0.9943913817405701,0.20019346475601196,nan,nan
0,5016,2019-03-30,7.947999954223633,6.451996326446533,0.9901919364929199,0.3024616539478302,nan,nan
0,5016,2019-03-31,8.338000297546387,7.233038902282715,0.9799084067344666,0.33588314056396484,nan,nan
0,5016,2019-04-01,8.737000465393066,7.851897239685059,0.9639163017272949,0.4621767997741699,nan,nan
0,5016,2019-04-02,8.883999824523926,8.357664108276367,0.9416275024414062,0.5591470003128052,nan,nan
0,5016,2019-04-03,8.880999565124512,8.589375495910645,0.9099916815757751,0.6164414286613464,nan,nan
0,5016,2019-04-04,6.669000148773193,13.471593856811523,0.9635980725288391,1.5815486907958984,nan,nan
0,5016,2019-04-05,5.019000053405762,6.315810203552246,0.9559566974639893,0.09592334926128387,nan,nan
0,5016,2019-04-06,4.767000198364258,4.8013834953308105,0.9167625308036804,0.17906220257282257,nan,nan
0,5016,2019-04-07,6.447999954223633,4.891096591949463,0.8593239784240723,0.2118421494960785,nan,nan
0,5016,2019-04-08,8.217000007629395,6.335704803466797,0.7687209248542786,0.22218452394008636,nan,nan
0,5016,2019-04-09,8.248000144958496,6.466858386993408,0.5794485807418823,0.10496574640274048,nan,nan
0,5016,2019-04-10,9.07699966430664,6.5180864334106445,0.41884610056877136,0.11056265980005264,nan,nan
0,5016,2019-04-11,10.239999771118164,6.854384899139404,0.2705763280391693,0.0779225304722786,nan,nan
0,5016,2019-04-12,9.364999771118164,7.3918023109436035,0.20284594595432281,0.049348633736371994,nan,nan
0,5016,2019-04-13,7.446999549865723,7.079733371734619,0.09204182773828506,0.08418400585651398,nan,nan
0,5016,2019-04-14,5.874000072479248,6.749433994293213,0.022695302963256836,0.2867494523525238,nan,nan
0,5016,2019-04-15,4.829999923706055,6.781676292419434,0.009628594852983952,0.6711116433143616,nan,nan
0,5016,2019-04-16,4.953999996185303,6.72902774810791,0.00508071668446064,0.974892258644104,nan,nan
0,5016,2019-04-17,5.945000171661377,6.572384834289551,0.00291696609929204,0.8520298600196838,nan,nan
0,5016,2019-04-18,6.590000152587891,6.484323501586914,0.0019941222853958607,0.5268809795379639,nan,nan
0,5016,2019-04-19,6.372000217437744,6.684192180633545,0.001726105809211731,0.44559383392333984,nan,nan
0,5016,2019-04-20,5.870999813079834,6.671909332275391,0.0015739355003461242,0.4932105839252472,nan,nan
0,5016,2019-04-21,5.308000087738037,6.527945041656494,0.001789484522305429,0.5635113716125488,nan,nan
0,5016,2019-04-22,4.7820000648498535,6.385143756866455,0.0019554602913558483,0.6564434170722961,nan,nan
0,5016,2019-04-23,4.53000020980835,6.231012344360352,0.002492546336725354,0.7399418950080872,nan,nan
0,5016,2019-04-24,4.223999977111816,6.2636237144470215,0.0024967812933027744,0.8337936401367188,nan,nan
0,5016,2019-04-25,3.7889997959136963,6.432199001312256,0.0019470535917207599,0.9235619306564331,nan,nan
0,5016,2019-04-26,4.093999862670898,7.5270891189575195,0.002788808196783066,0.6679401397705078,nan,nan
0,5016,2019-04-27,5.5970001220703125,6.598546981811523,0.003353217151015997,1.0645089149475098,nan,nan
0,5016,2019-04-28,8.006999969482422,6.977001190185547,0.0041288654319942,0.3490700423717499,nan,nan
0,5016,2019-04-29,7.602999687194824,6.848379611968994,0.004201425705105066,0.14388194680213928,nan,nan
0,5016,2019-04-30,7.593999862670898,6.365912437438965,0.0036421194672584534,0.163078173995018,nan,nan
0,5016,2019-05-01,5.994999885559082,6.347227096557617,0.003138731699436903,0.16025333106517792,nan,nan
0,5016,2019-05-02,4.9029998779296875,6.045187473297119,0.0030271601863205433,0.3571200370788574,nan,nan
0,5016,2019-05-03,5.144000053405762,6.29115629196167,0.0012043695896863937,0.4961903691291809,nan,nan
0,5016,2019-05-04,5.135000228881836,6.002301216125488,0.0007700029527768493,0.539739727973938,nan,nan
0,5016,2019-05-05,4.750999927520752,6.0326433181762695,0.0007017108146101236,0.34099188446998596,nan,nan
0,5016,2019-05-06,4.36899995803833,5.529293060302734,0.0006163943908177316,0.4551019072532654,nan,nan
0,5016,2019-05-07,3.875999927520752,5.153658390045166,0.0005372320883907378,0.4084959030151367,nan,nan
0,5016,2019-05-08,4.311999797821045,4.832954406738281,0.0004924440290778875,0.40706318616867065,nan,nan
0,5016,2019-05-09,10.114999771118164,6.5819196701049805,0.002455870620906353,0.15491634607315063,nan,nan
0,5016,2019-05-10,9.50100040435791,7.584134578704834,0.004977867938578129,0.008873970247805119,nan,nan
0,5016,2019-05-11,9.831999778747559,7.893308639526367,0.004846823401749134,0.17410707473754883,nan,nan
0,5016,2019-05-12,12.199999809265137,8.828323364257812,0.005490764044225216,0.20031039416790009,nan,nan
0,5016,2019-05-13,8.119999885559082,9.312092781066895,0.007735004182904959,0.1618032306432724,nan,nan
0,5016,2019-05-14,5.735000133514404,8.976390838623047,0.008612220175564289,1.048622727394104,nan,nan
0,5016,2019-05-15,4.758999824523926,7.950219631195068,0.009507538750767708,1.3492741584777832,nan,nan
0,5016,2019-05-16,3.9549999237060547,7.141716003417969,0.00803897250443697,1.2367852926254272,nan,nan
0,5016,2019-05-17,3.2960000038146973,6.384008407592773,0.006633067969232798,1.0949459075927734,nan,nan
0,5016,2019-05-18,2.86299991607666,5.856192588806152,0.005164711270481348,1.0326849222183228,nan,nan
0,5016,2019-05-19,2.5320000648498535,5.254178047180176,0.004016167484223843,0.8644065260887146,nan,nan
0,5016,2019-05-20,2.877000093460083,5.347296714782715,0.0031959416810423136,0.8810158371925354,nan,nan
0,5016,2019-05-21,4.414000034332275,5.412153244018555,0.003028788371011615,0.5539543628692627,nan,nan
0,5016,2019-05-22,4.3429999351501465,5.008755683898926,0.0027853704523295164,0.3502618372440338,nan,nan
0,5016,2019-05-23,3.240000009536743,4.67275333404541,0.0026488585863262415,0.26294443011283875,nan,nan
0,5016,2019-05-24,2.5490000247955322,4.608270168304443,0.002848171629011631,0.47337815165519714,nan,nan
0,5016,2019-05-25,2.313999891281128,4.507988929748535,0.0018889057682827115,0.6107577681541443,nan,nan
0,5016,2019-05-26,2.1640000343322754,4.974293231964111,0.001160036656074226,0.6723604798316956,nan,nan
0,5016,2019-05-27,1.8480000495910645,4.384059429168701,0.00101532565895468,0.6643420457839966,nan,nan
0,5016,2019-05-28,1.9750001430511475,4.17232608795166,0.0007906947284936905,0.660437822341919,nan,nan
0,5016,2019-05-29,2.260999917984009,4.812440395355225,0.0008585757459513843,0.49216949939727783,nan,nan
0,5016,2019-05-30,2.1050000190734863,4.302839756011963,0.0008360815118066967,0.6021905541419983,nan,nan
0,5016,2019-05-31,1.7339999675750732,3.896825075149536,0.0008020786917768419,0.47991853952407837,nan,nan
0,5016,2019-06-01,1.4709999561309814,3.4082703590393066,0.0010015382431447506,0.3901587426662445,nan,nan
0,5016,2019-06-02,1.3350000381469727,3.026632785797119,0.001420700689777732,0.32116833329200745,nan,nan
0,5016,2019-06-03,1.2760000228881836,2.6868503093719482,0.00226202211342752,0.24800553917884827,nan,nan
0,5016,2019-06-04,1.225000023841858,2.752718448638916,0.002405863255262375,0.276932030916214,nan,nan
0,5016,2019-06-05,1.1690000295639038,2.514699935913086,0.005927123595029116,0.22124804556369781,nan,nan
0,5016,2019-06-06,1.187999963760376,2.8317904472351074,0.007665283977985382,0.3208872675895691,nan,nan
0,5016,2019-06-07,1.1180000305175781,2.8107588291168213,0.0036318395286798477,0.3107208013534546,nan,nan
0,5016,2019-06-08,1.0160000324249268,2.397442579269409,0.0026318493764847517,0.20899149775505066,nan,nan
0,5016,2019-06-09,1.3350000381469727,1.989398717880249,0.003644076641649008,0.13243553042411804,nan,nan
0,5016,2019-06-10,4.631999969482422,3.4424469470977783,0.0282126571983099,0.017381025478243828,nan,nan
0,5016,2019-06-11,13.652000427246094,5.897782325744629,0.08305076509714127,0.023191332817077637,nan,nan
0,5016,2019-06-12,20.424999237060547,9.476631164550781,0.19105717539787292,0.12259410321712494,nan,nan
0,5016,2019-06-13,13.303999900817871,8.5791654586792,0.40965336561203003,1.5250191688537598,nan,nan
0,5016,2019-06-14,7.449999809265137,5.0902814865112305,0.5485150218009949,0.8833772540092468,nan,nan
0,5016,2019-06-15,7.189000129699707,7.725996494293213,0.5163654685020447,0.3382500410079956,nan,nan
0,5016,2019-06-16,11.284000396728516,9.542316436767578,0.4558146297931671,1.003918170928955,nan,nan
0,5016,2019-06-17,6.954999923706055,7.686247825622559,0.49060845375061035,0.014354242943227291,nan,nan
0,5016,2019-06-18,5.059000015258789,6.396905899047852,0.5006514191627502,0.2761828899383545,nan,nan
0,5016,2019-06-19,4.079999923706055,4.702821254730225,0.5032267570495605,0.15666896104812622,nan,nan
0,5016,2019-06-20,3.197000026702881,3.620168447494507,0.5349527597427368,0.07411593943834305,nan,nan
0,5016,2019-06-21,2.681999921798706,4.116448402404785,0.44595158100128174,0.19058842957019806,nan,nan
0,5016,2019-06-22,3.059000015258789,5.006933689117432,0.36171868443489075,0.35133010149002075,nan,nan
0,5016,2019-06-23,3.007999897003174,4.229198455810547,0.2867787182331085,0.35606178641319275,nan,nan
0,5016,2019-06-24,2.4049999713897705,3.1692445278167725,0.25519222021102905,0.11348815262317657,nan,nan
0,5016,2019-06-25,1.9129999876022339,2.595183849334717,0.2807140350341797,0.08180905133485794,nan,nan
0,5016,2019-06-26,1.5390000343322754,2.2626240253448486,0.36591866612434387,0.07924176752567291,nan,nan
0,5016,2019-06-27,1.3949999809265137,1.847108244895935,0.4640141725540161,0.054648321121931076,nan,nan
0,5016,2019-06-28,1.2480000257492065,1.5109891891479492,0.6233238577842712,0.028039410710334778,nan,nan
0,5016,2019-06-29,1.1690000295639038,1.2994683980941772,0.7336497902870178,0.018378984183073044,nan,nan
0,5016,2019-06-30,1.1089999675750732,1.262100338935852,0.8167170882225037,0.019378386437892914,nan,nan
